method,constraint_type,n_x,layer,AR_mean,AR_std,AR_median,AR_q25,AR_q75,AR_feas_mean,AR_feas_std,AR_feas_median,AR_feas_q25,AR_feas_q75,p_feasible_mean,p_feasible_std,p_feasible_median,p_feasible_q25,p_feasible_q75,p_optimal_mean,p_optimal_std,p_optimal_median,p_optimal_q25,p_optimal_q75
PC-QAOA,assignment+cardinality,4,5,0.8666660233267265,,0.8666660233267265,0.8666660233267265,0.8666660233267265,1.0,,1.0,1.0,1.0,1.0,,1.0,1.0,1.0,1.0,,1.0,1.0,1.0
PC-QAOA,assignment+cardinality,5,5,0.9999970147657627,,0.9999970147657627,0.9999970147657627,0.9999970147657627,1.0,,1.0,1.0,1.0,1.0,,1.0,1.0,1.0,1.0,,1.0,1.0,1.0
PC-QAOA,assignment+cardinality,6,5,0.49999833304059366,,0.49999833304059366,0.49999833304059366,0.49999833304059366,0.9999666666666668,,0.9999666666666668,0.9999666666666668,0.9999666666666668,1.0,,1.0,1.0,1.0,0.9999,,0.9999,0.9999,0.9999
PC-QAOA,assignment+cardinality,7,5,0.5861433794664469,0.320006229149031,0.47916251390760545,0.40624765908034666,0.7125486670731265,0.9999427083333333,5.157039081033664e-05,0.9999281250000001,0.9999140625,0.9999640625,1.0,0.0,1.0,1.0,1.0,0.9998999999999999,9.999999999998899e-05,0.9999,0.99985,0.99995
PC-QAOA,assignment+cardinality,8,5,0.7083198551717839,,0.7083198551717839,0.7083198551717839,0.7083198551717839,1.0,,1.0,1.0,1.0,1.0,,1.0,1.0,1.0,1.0,,1.0,1.0,1.0
PC-QAOA,assignment+flow,7,5,0.5512741704019374,,0.5512741704019374,0.5512741704019374,0.5512741704019374,0.8783899999999999,,0.8783899999999999,0.8783899999999999,0.8783899999999999,1.0,,1.0,1.0,1.0,0.8262,,0.8262,0.8262,0.8262
PC-QAOA,assignment+knapsack,6,5,0.9999624551773121,,0.9999624551773121,0.9999624551773121,0.9999624551773121,0.9997333333333334,,0.9997333333333334,0.9997333333333334,0.9997333333333334,1.0,,1.0,1.0,1.0,0.9995,,0.9995,0.9995,0.9995
PC-QAOA,cardinality+assignment,4,5,0.9999938524808013,,0.9999938524808013,0.9999938524808013,0.9999938524808013,1.0,,1.0,1.0,1.0,1.0,,1.0,1.0,1.0,1.0,,1.0,1.0,1.0
PC-QAOA,cardinality+assignment,6,5,0.665439701014785,,0.665439701014785,0.665439701014785,0.665439701014785,0.9986142857142857,,0.9986142857142857,0.9986142857142857,0.9986142857142857,1.0,,1.0,1.0,1.0,0.9929,,0.9929,0.9929,0.9929
PC-QAOA,cardinality+assignment+cardinality,8,5,0.974136036930873,,0.974136036930873,0.974136036930873,0.974136036930873,0.9998394736842104,,0.9998394736842104,0.9998394736842104,0.9998394736842104,1.0,,1.0,1.0,1.0,0.9997,,0.9997,0.9997,0.9997
PC-QAOA,cardinality+cardinality,5,5,0.5730809751806805,0.2991644748623264,0.616005702801635,0.4601423689522596,0.7289443090300558,0.9991932565789473,0.0015544100703610972,0.9999552631578947,0.999148519736842,1.0,1.0,0.0,1.0,1.0,1.0,0.998825,0.002283819899495883,0.99995,0.998775,1.0
PC-QAOA,cardinality+cardinality,6,5,0.7881737892954233,0.14656815536972692,0.76922902692616,0.7234921980631461,0.9285556779541528,0.9733917179565209,0.03138441380857694,0.98838,0.9488534266409265,1.0,1.0,0.0,1.0,1.0,1.0,0.862025,0.18291208465895772,0.9548,0.75295,1.0
PC-QAOA,cardinality+cardinality,7,5,0.8712945324137115,0.1193130504182132,0.9053228256361573,0.7718056978578143,0.9633813497670247,0.9685308608867611,0.054696934536461995,0.9999194444444445,0.9571095394736842,1.0,1.0,0.0,1.0,1.0,1.0,0.800605,0.28862058772356264,0.9997,0.6196999999999999,1.0
PC-QAOA,cardinality+cardinality,8,5,0.5827850017310833,0.3418575893852028,0.6152777206736193,0.28010532799735777,0.890643729224917,0.9844112580937581,0.036896768664518874,1.0,0.9919256410256408,1.0,1.0,0.0,1.0,1.0,1.0,0.90331,0.20319900727010343,1.0,0.98195,1.0
PC-QAOA,cardinality+cardinality+assignment,8,5,0.47975965271953624,,0.47975965271953624,0.47975965271953624,0.47975965271953624,0.9991458333333334,,0.9991458333333334,0.9991458333333334,0.9991458333333334,1.0,,1.0,1.0,1.0,0.9984,,0.9984,0.9984,0.9984
PC-QAOA,cardinality+cardinality+cardinality,7,5,0.8056105416096225,,0.8056105416096225,0.8056105416096225,0.8056105416096225,0.9976714285714284,,0.9976714285714284,0.9976714285714284,0.9976714285714284,1.0,,1.0,1.0,1.0,0.9949,,0.9949,0.9949,0.9949
PC-QAOA,cardinality+cardinality+cardinality,8,5,0.9040455490943083,,0.9040455490943083,0.9040455490943083,0.9040455490943083,0.9355142857142853,,0.9355142857142853,0.9355142857142853,0.9355142857142853,1.0,,1.0,1.0,1.0,0.5529,,0.5529,0.5529,0.5529
PC-QAOA,cardinality+flow,5,5,0.6666663855479975,,0.6666663855479975,0.6666663855479975,0.6666663855479975,0.6678999999999999,,0.6678999999999999,0.6678999999999999,0.6678999999999999,1.0,,1.0,1.0,1.0,0.6679,,0.6679,0.6679,0.6679
PC-QAOA,cardinality+flow,8,5,0.6229014967909463,0.09403386342261023,0.6229014967909463,0.5896555055472977,0.656147488034595,0.7060786151960785,0.2254101305538114,0.7060786151960785,0.626384099264706,0.785773131127451,1.0,0.0,1.0,1.0,1.0,0.10915,0.12353155467328986,0.10915,0.065475,0.152825
PC-QAOA,cardinality+independent_set,6,5,0.9999822004015854,,0.9999822004015854,0.9999822004015854,0.9999822004015854,1.0,,1.0,1.0,1.0,1.0,,1.0,1.0,1.0,1.0,,1.0,1.0,1.0
PC-QAOA,cardinality+independent_set+quadratic_knapsack,8,5,0.8275461729851951,,0.8275461729851951,0.8275461729851951,0.8275461729851951,0.9999285714285713,,0.9999285714285713,0.9999285714285713,0.9999285714285713,1.0,,1.0,1.0,1.0,0.9999,,0.9999,0.9999,0.9999
PC-QAOA,cardinality+knapsack,5,5,0.5513563111926981,0.17848616340902096,0.5832699611969099,0.5137937124369719,0.6208325599526361,0.9999446428571428,0.00011071428571430348,1.0,0.9999446428571428,1.0,1.0,0.0,1.0,1.0,1.0,0.999775,0.0004500000000000152,1.0,0.999775,1.0
PC-QAOA,cardinality+knapsack,6,5,0.7280845974032926,0.16778520222563126,0.6666595206641353,0.5999999575719551,0.7737670658012881,0.9968830303030304,0.00696975612623107,1.0,1.0,1.0,1.0,0.0,1.0,1.0,1.0,0.8997999999999999,0.22405401134547892,1.0,1.0,1.0
PC-QAOA,cardinality+knapsack,7,5,0.7508900238011055,0.1261139419127692,0.7615127422620693,0.6634266825788104,0.8484676896752927,0.9223862075617283,0.09290762622323492,0.9479828282828281,0.9416330808080808,0.9577379340277776,1.0,0.0,1.0,1.0,1.0,0.63225,0.338702434298899,0.6911499999999999,0.4712,0.8643000000000001
PC-QAOA,cardinality+knapsack,8,5,0.7356112347339446,0.1793747670283462,0.7271127786739464,0.5805126528175679,0.8860301227615797,0.9645633372779,0.04258441382037146,0.9744337774294669,0.9503532692307692,0.9995091628959276,1.0,0.0,1.0,1.0,1.0,0.8293928571428572,0.21799410882754722,0.93815,0.713525,0.998225
PC-QAOA,cardinality+knapsack+cardinality,8,5,0.5529453931572107,,0.5529453931572107,0.5529453931572107,0.5529453931572107,0.995048,,0.995048,0.995048,0.995048,1.0,,1.0,1.0,1.0,0.8935,,0.8935,0.8935,0.8935
PC-QAOA,cardinality+quadratic_knapsack,5,5,0.8219259773628388,0.24314144486536896,0.8219259773628388,0.7359624951369401,0.9078894595887375,0.9966842105263158,0.004689234443658126,0.9966842105263158,0.9950263157894736,0.9983421052631579,1.0,0.0,1.0,1.0,1.0,0.9909,0.012869343417595162,0.9909,0.9863500000000001,0.99545
PC-QAOA,cardinality+quadratic_knapsack,6,5,0.6142765691302773,0.21417434492293802,0.6861989826353561,0.4419184050865474,0.7735617165186995,0.9891586004273504,0.02381055522153893,0.9990354166666666,0.996719951923077,0.9999708333333333,1.0,0.0,1.0,1.0,1.0,0.9169,0.19256740118722065,0.9961,0.98715,0.9998
PC-QAOA,cardinality+quadratic_knapsack,7,5,0.41666627153560093,,0.41666627153560093,0.41666627153560093,0.41666627153560093,1.0,,1.0,1.0,1.0,1.0,,1.0,1.0,1.0,1.0,,1.0,1.0,1.0
PC-QAOA,cardinality+quadratic_knapsack,8,5,0.8181778584262882,,0.8181778584262882,0.8181778584262882,0.8181778584262882,0.9971394736842106,,0.9971394736842106,0.9971394736842106,0.9971394736842106,1.0,,1.0,1.0,1.0,0.9942,,0.9942,0.9942,0.9942
PC-QAOA,cardinality+quadratic_knapsack+cardinality,8,5,0.9973064995553635,,0.9973064995553635,0.9973064995553635,0.9973064995553635,0.9962166666666668,,0.9962166666666668,0.9962166666666668,0.9962166666666668,1.0,,1.0,1.0,1.0,0.9624,,0.9624,0.9624,0.9624
PC-QAOA,flow+assignment,7,5,0.6642818832811277,,0.6642818832811277,0.6642818832811277,0.6642818832811277,0.9556235294117646,,0.9556235294117646,0.9556235294117646,0.9556235294117646,1.0,,1.0,1.0,1.0,0.2456,,0.2456,0.2456,0.2456
PC-QAOA,flow+cardinality,7,5,0.6944418509416853,,0.6944418509416853,0.6944418509416853,0.6944418509416853,0.9547636363636364,,0.9547636363636364,0.9547636363636364,0.9547636363636364,1.0,,1.0,1.0,1.0,0.5995,,0.5995,0.5995,0.5995
PC-QAOA,flow+cardinality,8,5,0.6473338613521206,0.09595497258686624,0.6473338613521206,0.6134086554497493,0.6812590672544918,0.8094744871794872,0.029013316469808443,0.8094744871794872,0.7992167307692308,0.8197322435897436,1.0,0.0,1.0,1.0,1.0,0.4342,0.12360226535140847,0.4342,0.39049999999999996,0.4779
PC-QAOA,flow+cardinality+independent_set,8,5,0.6818427471641031,,0.6818427471641031,0.6818427471641031,0.6818427471641031,0.8526775,,0.8526775,0.8526775,0.8526775,1.0,,1.0,1.0,1.0,0.6335,,0.6335,0.6335,0.6335
PC-QAOA,flow+flow,8,5,0.7285681061957806,,0.7285681061957806,0.7285681061957806,0.7285681061957806,0.6777000000000001,,0.6777000000000001,0.6777000000000001,0.6777000000000001,1.0,,1.0,1.0,1.0,0.1973,,0.1973,0.1973,0.1973
PC-QAOA,independent_set+knapsack,5,5,0.30555136751204504,,0.30555136751204504,0.30555136751204504,0.30555136751204504,1.0,,1.0,1.0,1.0,1.0,,1.0,1.0,1.0,1.0,,1.0,1.0,1.0
PC-QAOA,independent_set+quadratic_knapsack,5,5,0.8421047680535124,,0.8421047680535124,0.8421047680535124,0.8421047680535124,1.0,,1.0,1.0,1.0,1.0,,1.0,1.0,1.0,1.0,,1.0,1.0,1.0
PC-QAOA,independent_set+quadratic_knapsack+knapsack,8,5,0.4670227632459847,,0.4670227632459847,0.4670227632459847,0.4670227632459847,0.9973,,0.9973,0.9973,0.9973,1.0,,1.0,1.0,1.0,0.9935,,0.9935,0.9935,0.9935
PC-QAOA,knapsack+assignment,5,5,0.4705859877809355,,0.4705859877809355,0.4705859877809355,0.4705859877809355,1.0,,1.0,1.0,1.0,1.0,,1.0,1.0,1.0,1.0,,1.0,1.0,1.0
PC-QAOA,knapsack+assignment,6,5,0.799996813220117,,0.799996813220117,0.799996813220117,0.799996813220117,1.0,,1.0,1.0,1.0,1.0,,1.0,1.0,1.0,1.0,,1.0,1.0,1.0
PC-QAOA,knapsack+cardinality,5,5,0.8499990273181908,,0.8499990273181908,0.8499990273181908,0.8499990273181908,1.0,,1.0,1.0,1.0,1.0,,1.0,1.0,1.0,1.0,,1.0,1.0,1.0
PC-QAOA,knapsack+cardinality,6,5,0.731985054954259,0.14620925394882248,0.7539611425721204,0.6014921692444596,0.8159914520851717,0.9819378360075914,0.03838242005751911,0.9959979710144926,0.9901562499999998,0.9999190476190477,1.0,0.0,1.0,1.0,1.0,0.896875,0.22179719017929098,0.9886,0.928275,0.9996
PC-QAOA,knapsack+cardinality,7,5,0.7089199619725731,0.1302836596393499,0.6965685978506653,0.6230752276003245,0.7039086579710907,0.9866310185185184,0.020766032974151367,0.9992097222222223,0.9762837499999999,0.9999861111111111,1.0,0.0,1.0,1.0,1.0,0.8708666666666667,0.20277316061714545,0.9985999999999999,0.7562,0.99995
PC-QAOA,knapsack+cardinality,8,5,0.8047705268549881,0.1474578082941118,0.8113102371357679,0.7564183684740506,0.9000390456241063,0.9626405091379642,0.04383544026033717,0.9805912972085384,0.9317397429435484,0.9994514285714287,1.0,0.0,1.0,1.0,1.0,0.729075,0.2941733296156245,0.80495,0.464725,0.9988750000000001
PC-QAOA,knapsack+cardinality+cardinality,8,5,0.6568225609971972,0.1510984919404809,0.6568225609971972,0.6034011768581097,0.7102439451362845,0.9985320276497696,0.0019750111524292784,0.9985320276497696,0.9978337557603687,0.9992302995391705,1.0,0.0,1.0,1.0,1.0,0.9967,0.004101219330881995,0.9967,0.99525,0.9981500000000001
PC-QAOA,knapsack+flow,7,5,0.5696421190168028,0.14269002786381352,0.5696421190168028,0.5191935758617029,0.6200906621719029,0.8992800000000001,0.052919871504001265,0.8992800000000001,0.88057,0.9179900000000001,1.0,0.0,1.0,1.0,1.0,0.74995,0.0044547727214752295,0.74995,0.748375,0.751525
PC-QAOA,knapsack+flow,8,5,0.5712919196310553,0.13897896896045622,0.6376462374935848,0.502047685664255,0.6734407692666967,0.7511304257939485,0.10205750748150026,0.767939534883721,0.67203,0.82315625,1.0,0.0,1.0,1.0,1.0,0.43811999999999995,0.2924841311934718,0.3037,0.3022,0.7429
PC-QAOA,knapsack+independent_set,7,5,0.7710661358682972,,0.7710661358682972,0.7710661358682972,0.7710661358682972,0.910791304347826,,0.910791304347826,0.910791304347826,0.910791304347826,1.0,,1.0,1.0,1.0,0.3822,,0.3822,0.3822,0.3822
PC-QAOA,knapsack+knapsack,6,5,0.5993343055117577,,0.5993343055117577,0.5993343055117577,0.5993343055117577,0.9978125,,0.9978125,0.9978125,0.9978125,1.0,,1.0,1.0,1.0,0.997,,0.997,0.997,0.997
PC-QAOA,knapsack+knapsack,7,5,0.8334185645237948,0.11094083503677939,0.7777231218776269,0.7695412702215274,0.8694481375029783,0.999172077922078,0.0009612633556913028,0.9994590909090909,0.9987795454545454,0.9997081168831169,1.0,0.0,1.0,1.0,1.0,0.9985666666666667,0.0017387735140992962,0.9992,0.9979,0.9995499999999999
PC-QAOA,knapsack+knapsack,8,5,0.6529707117732247,0.10977800458690821,0.6236332293029987,0.5730135023158953,0.6944548408777877,0.9575896152885095,0.0376182039854587,0.9678429347826085,0.9327433189655171,0.988370025083612,1.0,0.0,1.0,1.0,1.0,0.77305,0.17094251372903113,0.8074,0.7563,0.8693
PC-QAOA,knapsack+quadratic_knapsack,6,5,0.7499969553432966,,0.7499969553432966,0.7499969553432966,0.7499969553432966,1.0,,1.0,1.0,1.0,1.0,,1.0,1.0,1.0,1.0,,1.0,1.0,1.0
PC-QAOA,quadratic_knapsack+cardinality,5,5,0.69412282231947,,0.69412282231947,0.69412282231947,0.69412282231947,0.9993759999999999,,0.9993759999999999,0.9993759999999999,0.9993759999999999,1.0,,1.0,1.0,1.0,0.9988,,0.9988,0.9988,0.9988
PC-QAOA,quadratic_knapsack+cardinality,6,5,0.760951560655882,0.18262664090955283,0.6813415334176758,0.6574986374027668,0.9069417677619179,0.9894861111111112,0.0181835057329642,0.9999708333333335,0.9859966666666665,0.99999375,1.0,0.0,1.0,1.0,1.0,0.91705,0.1474922879339798,0.99975,0.8996999999999999,0.9999750000000001
PC-QAOA,quadratic_knapsack+cardinality,7,5,0.8007722226137185,0.15671826392185031,0.789908427330108,0.7224028233200012,0.8682778266238254,0.9955053358997584,0.005254179319406295,0.997096956521739,0.9937693236714975,0.9988329687499999,1.0,0.0,1.0,1.0,1.0,0.948775,0.09297732250393106,0.99305,0.9436749999999999,0.9981500000000001
PC-QAOA,quadratic_knapsack+cardinality,8,5,0.7042203967166035,0.21620343340889983,0.7469850010144183,0.537282648125295,0.8509513580496358,0.9584665499512671,0.09326397105165754,0.9976141081871346,0.9913090277777777,0.9979933388157893,1.0,0.0,1.0,1.0,1.0,0.8551166666666666,0.3064004465836606,0.9891,0.94145,0.9934000000000001
PC-QAOA,quadratic_knapsack+cardinality+independent_set,8,5,0.9359765870244692,,0.9359765870244692,0.9359765870244692,0.9359765870244692,0.9701736842105263,,0.9701736842105263,0.9701736842105263,0.9701736842105263,1.0,,1.0,1.0,1.0,0.8997,,0.8997,0.8997,0.8997
PC-QAOA,quadratic_knapsack+flow,6,5,0.6831873438558571,,0.6831873438558571,0.6831873438558571,0.6831873438558571,0.9692363636363636,,0.9692363636363636,0.9692363636363636,0.9692363636363636,1.0,,1.0,1.0,1.0,0.6657,,0.6657,0.6657,0.6657
PC-QAOA,quadratic_knapsack+flow,7,5,0.6600166107278426,,0.6600166107278426,0.6600166107278426,0.6600166107278426,0.9141777777777778,,0.9141777777777778,0.9141777777777778,0.9141777777777778,1.0,,1.0,1.0,1.0,0.3153,,0.3153,0.3153,0.3153
PC-QAOA,quadratic_knapsack+flow,8,5,0.6191814754298126,,0.6191814754298126,0.6191814754298126,0.6191814754298126,0.728310810810811,,0.728310810810811,0.728310810810811,0.728310810810811,1.0,,1.0,1.0,1.0,0.2984,,0.2984,0.2984,0.2984
PC-QAOA,quadratic_knapsack+knapsack,6,5,0.8978458835263835,0.09134151844543069,0.8799968977468546,0.848371601824532,0.9383956723384705,0.9969942028985508,0.0028609400458257175,0.9966782608695652,0.9954913043478262,0.9983391304347826,1.0,0.0,1.0,1.0,1.0,0.9941666666666666,0.006474823034904774,0.9953,0.99125,0.9976499999999999
PC-QAOA,quadratic_knapsack+knapsack,7,5,0.8035901417619925,,0.8035901417619925,0.8035901417619925,0.8035901417619925,0.9700896551724132,,0.9700896551724132,0.9700896551724132,0.9700896551724132,1.0,,1.0,1.0,1.0,0.851,,0.851,0.851,0.851
PC-QAOA,quadratic_knapsack+quadratic_knapsack,6,5,0.7155869658623939,0.09472179798514431,0.7155869658623939,0.682097753021655,0.7490761787031327,0.9979805194805196,0.0026337431797960296,0.9979805194805196,0.9970493506493507,0.9989116883116883,1.0,0.0,1.0,1.0,1.0,0.96125,0.05423509011700819,0.96125,0.942075,0.9804250000000001
PenaltyQAOA,assignment+cardinality,4,5,0.9994675314482963,,0.9994675314482963,0.9994675314482963,0.9994675314482963,0.9976888888888891,,0.9976888888888891,0.9976888888888891,0.9976888888888891,0.9986,,0.9986,0.9986,0.9986,0.9974,,0.9974,0.9974,0.9974
PenaltyQAOA,assignment+cardinality,5,5,0.9923639088061398,,0.9923639088061398,0.9923639088061398,0.9923639088061398,0.8877200000000002,,0.8877200000000002,0.8877200000000002,0.8877200000000002,0.9916,,0.9916,0.9916,0.9916,0.7082,,0.7082,0.7082,0.7082
PenaltyQAOA,assignment+cardinality,6,5,0.9982325548518591,,0.9982325548518591,0.9982325548518591,0.9982325548518591,0.9775777777777779,,0.9775777777777779,0.9775777777777779,0.9775777777777779,0.9952,,0.9952,0.9952,0.9952,0.9159,,0.9159,0.9159,0.9159
PenaltyQAOA,assignment+cardinality,7,5,0.9943933990092014,0.008145223346557809,0.9988860804573282,0.9919386326955933,0.999094506046873,0.7461041666666669,0.2390669964718743,0.7428125000000001,0.6257562500000003,0.86480625,0.9866,0.011914696806885136,0.9892,0.9814,0.9931,0.6032333333333334,0.34612151527076923,0.5087,0.41145,0.74775
PenaltyQAOA,assignment+cardinality,8,5,0.9884999168152344,,0.9884999168152344,0.9884999168152344,0.9884999168152344,0.5349999999999999,,0.5349999999999999,0.5349999999999999,0.5349999999999999,0.8808,,0.8808,0.8808,0.8808,0.0034,,0.0034,0.0034,0.0034
PenaltyQAOA,assignment+flow,7,5,0.9811142053550738,,0.9811142053550738,0.9811142053550738,0.9811142053550738,0.5511050000000001,,0.5511050000000001,0.5511050000000001,0.5511050000000001,0.9466,,0.9466,0.9466,0.9466,0.2149,,0.2149,0.2149,0.2149
PenaltyQAOA,assignment+knapsack,6,5,0.8688631974580199,,0.8688631974580199,0.8688631974580199,0.8688631974580199,0.22970000000000002,,0.22970000000000002,0.22970000000000002,0.22970000000000002,0.4971,,0.4971,0.4971,0.4971,0.041,,0.041,0.041,0.041
PenaltyQAOA,cardinality+assignment,4,5,0.9999767557663631,,0.9999767557663631,0.9999767557663631,0.9999767557663631,0.9998,,0.9998,0.9998,0.9998,0.9998,,0.9998,0.9998,0.9998,0.9998,,0.9998,0.9998,0.9998
PenaltyQAOA,cardinality+assignment,6,5,0.9861276854464734,,0.9861276854464734,0.9861276854464734,0.9861276854464734,0.5799285714285715,,0.5799285714285715,0.5799285714285715,0.5799285714285715,0.9975,,0.9975,0.9975,0.9975,0.0295,,0.0295,0.0295,0.0295
PenaltyQAOA,cardinality+assignment+cardinality,8,5,0.9709617814457794,,0.9709617814457794,0.9709617814457794,0.9709617814457794,0.4387894736842105,,0.4387894736842105,0.4387894736842105,0.4387894736842105,0.9651,,0.9651,0.9651,0.9651,0.0002,,0.0002,0.0002,0.0002
PenaltyQAOA,cardinality+cardinality,5,5,0.9884111890787278,0.007201784559103316,0.9865997859547263,0.9846697567450832,0.990341218288371,0.5619745979532164,0.36275430509372575,0.6831097222222222,0.4745134868421053,0.7705708333333333,0.994525,0.0038421998906876076,0.99585,0.99315,0.997225,0.393125,0.31579895899131777,0.4042,0.23872500000000002,0.5586
PenaltyQAOA,cardinality+cardinality,6,5,0.9918044767676908,0.00643150872384493,0.9920145534481611,0.9883290635485411,0.9969590836267491,0.6535719226779078,0.2646249109191184,0.6997675675675674,0.5962567857142855,0.7978720689655172,0.9858,0.01969706287024249,0.9982,0.971025,0.99985,0.2832125,0.43221625023162386,0.037200000000000004,0.0018,0.421575
PenaltyQAOA,cardinality+cardinality,7,5,0.9801849380124577,0.026361698359371945,0.9879152746810838,0.982370539063456,0.9923724500712916,0.6345286699124623,0.1992179674027315,0.6451626785714284,0.5179650641025642,0.7557760101010099,0.93315,0.08836443973978624,0.9653499999999999,0.9302,0.988475,0.280845,0.32751943530117417,0.14805000000000001,0.000675,0.46447499999999997
PenaltyQAOA,cardinality+cardinality,8,5,0.9773396857988829,0.030176720581014182,0.9924980446440386,0.9657031261898604,0.9947956128608382,0.47397325729825734,0.20995402853260672,0.49448571428571436,0.3298875,0.5436151515151515,0.80815,0.19789746082251783,0.9120999999999999,0.623775,0.9261999999999999,0.19987000000000002,0.3303362665527356,0.02885,0.00115,0.2995
PenaltyQAOA,cardinality+cardinality+assignment,8,5,0.983478126309458,,0.983478126309458,0.983478126309458,0.983478126309458,0.7410208333333332,,0.7410208333333332,0.7410208333333332,0.7410208333333332,0.968,,0.968,0.968,0.968,0.2957,,0.2957,0.2957,0.2957
PenaltyQAOA,cardinality+cardinality+cardinality,7,5,0.9932767914512097,,0.9932767914512097,0.9932767914512097,0.9932767914512097,0.9042285714285715,,0.9042285714285715,0.9042285714285715,0.9042285714285715,0.9947,,0.9947,0.9947,0.9947,0.3797,,0.3797,0.3797,0.3797
PenaltyQAOA,cardinality+cardinality+cardinality,8,5,0.9818884521948752,,0.9818884521948752,0.9818884521948752,0.9818884521948752,0.5645738095238096,,0.5645738095238096,0.5645738095238096,0.5645738095238096,0.9979,,0.9979,0.9979,0.9979,0.0021,,0.0021,0.0021,0.0021
PenaltyQAOA,cardinality+flow,5,5,0.9967702887817562,,0.9967702887817562,0.9967702887817562,0.9967702887817562,0.95766875,,0.95766875,0.95766875,0.95766875,0.9895,,0.9895,0.9895,0.9895,0.8895,,0.8895,0.8895,0.8895
PenaltyQAOA,cardinality+flow,8,5,0.97814390729694,0.00841386415183475,0.97814390729694,0.9751691570980676,0.9811186574958123,0.4780153799019608,0.09386955172067059,0.4780153799019608,0.44482748161764707,0.5112032781862745,0.9714,0.035072496346852784,0.9714,0.959,0.9838,0.13075,0.10104555903155764,0.13075,0.095025,0.16647499999999998
PenaltyQAOA,cardinality+independent_set,6,5,0.9930917568680356,,0.9930917568680356,0.9930917568680356,0.9930917568680356,0.9625047619047619,,0.9625047619047619,0.9625047619047619,0.9625047619047619,0.9869,,0.9869,0.9869,0.9869,0.8672,,0.8672,0.8672,0.8672
PenaltyQAOA,cardinality+independent_set+quadratic_knapsack,8,5,0.8653516061500038,,0.8653516061500038,0.8653516061500038,0.8653516061500038,0.07169999999999999,,0.07169999999999999,0.07169999999999999,0.07169999999999999,0.1402,,0.1402,0.1402,0.1402,0.0205,,0.0205,0.0205,0.0205
PenaltyQAOA,cardinality+knapsack,5,5,0.8537873729383886,0.04690922313111717,0.8355721494031882,0.8274405552723698,0.861918967069207,0.14301531746031745,0.018774280275792834,0.14725285714285713,0.1327525,0.1575156746031746,0.304475,0.13413807252230814,0.2592,0.217825,0.34585,0.048475000000000004,0.03827099641591092,0.050850000000000006,0.031900000000000005,0.067425
PenaltyQAOA,cardinality+knapsack,6,5,0.8236709848004722,0.017944515537914266,0.823267916524971,0.8230500073154776,0.8271852581693234,0.1308244681984682,0.09775802524579344,0.1591121212121212,0.034823076923076964,0.20490714285714284,0.23864000000000002,0.16406109532732005,0.2935,0.0976,0.3515,0.039740000000000004,0.03516536648465361,0.0211,0.013,0.0653
PenaltyQAOA,cardinality+knapsack,7,5,0.832972222767267,0.0201918703667703,0.8316372740144771,0.815745133965091,0.8454110712639977,0.2367920151414943,0.11171798774284329,0.2750234848484848,0.23633396464646464,0.2858810606060606,0.5035166666666667,0.23340852098127582,0.5694,0.516325,0.64055,0.008316666666666667,0.004777621444470739,0.007600000000000001,0.00625,0.008575
PenaltyQAOA,cardinality+knapsack,8,5,0.8264234994444909,0.022735859928378916,0.8229340408659757,0.8101908198135852,0.8412935455531501,0.10805125645847358,0.08021966417624449,0.10151136363636364,0.046415064102564095,0.14308005212510022,0.23115714285714287,0.17655206124446787,0.21815,0.08852499999999999,0.3,0.005264285714285714,0.0029811219217079857,0.00435,0.003425,0.005375
PenaltyQAOA,cardinality+knapsack+cardinality,8,5,0.8988576732093457,,0.8988576732093457,0.8988576732093457,0.8988576732093457,0.14435200000000004,,0.14435200000000004,0.14435200000000004,0.14435200000000004,0.278,,0.278,0.278,0.278,0.0094,,0.0094,0.0094,0.0094
PenaltyQAOA,cardinality+quadratic_knapsack,5,5,0.8793860569334095,0.0008208984718887666,0.8793860569334095,0.8790958254953405,0.8796762883714786,0.24586736842105264,0.20538251404880678,0.24586736842105264,0.17325368421052634,0.31848105263157894,0.58605,0.42009213870292794,0.58605,0.437525,0.734575,0.04735,0.029203510063004416,0.04735,0.037025,0.057675000000000004
PenaltyQAOA,cardinality+quadratic_knapsack,6,5,0.8775605013841118,0.0030455782173428683,0.8764135761694398,0.8754044277123394,0.8788638963512457,0.1780514245014245,0.14029081036483954,0.16947094017094017,0.07876527777777778,0.21697331730769231,0.37126666666666663,0.287124242561764,0.3549,0.17095,0.43685,0.016366666666666665,0.008688076119985753,0.0138,0.011875,0.017150000000000002
PenaltyQAOA,cardinality+quadratic_knapsack,7,5,0.8792792649255379,,0.8792792649255379,0.8792792649255379,0.8792792649255379,0.057899999999999986,,0.057899999999999986,0.057899999999999986,0.057899999999999986,0.0936,,0.0936,0.0936,0.0936,0.031,,0.031,0.031,0.031
PenaltyQAOA,cardinality+quadratic_knapsack,8,5,0.876360522738631,,0.876360522738631,0.876360522738631,0.876360522738631,0.1454789473684211,,0.1454789473684211,0.1454789473684211,0.1454789473684211,0.2788,,0.2788,0.2788,0.2788,0.0043,,0.0043,0.0043,0.0043
PenaltyQAOA,cardinality+quadratic_knapsack+cardinality,8,5,0.8529869825129397,,0.8529869825129397,0.8529869825129397,0.8529869825129397,0.14949666666666658,,0.14949666666666658,0.14949666666666658,0.14949666666666658,0.2678,,0.2678,0.2678,0.2678,0.0075,,0.0075,0.0075,0.0075
PenaltyQAOA,flow+assignment,7,5,0.992280139375073,,0.992280139375073,0.992280139375073,0.992280139375073,0.8090176470588235,,0.8090176470588235,0.8090176470588235,0.8090176470588235,0.9979,,0.9979,0.9979,0.9979,0.499,,0.499,0.499,0.499
PenaltyQAOA,flow+cardinality,7,5,0.9997747592585354,,0.9997747592585354,0.9997747592585354,0.9997747592585354,0.9970818181818181,,0.9970818181818181,0.9970818181818181,0.9970818181818181,0.9984,,0.9984,0.9984,0.9984,0.9941,,0.9941,0.9941,0.9941
PenaltyQAOA,flow+cardinality,8,5,0.9495692867150121,0.041940451046735334,0.9495692867150121,0.9347410980444275,0.9643974753855966,0.3041897435897436,0.13111210198647183,0.3041897435897436,0.2578346153846154,0.3505448717948718,0.6525,0.23617366491630687,0.6525,0.569,0.736,0.0072,0.004808326112068524,0.0072,0.0055,0.0089
PenaltyQAOA,flow+cardinality+independent_set,8,5,0.9823292859859781,,0.9823292859859781,0.9823292859859781,0.9823292859859781,0.5346025000000001,,0.5346025000000001,0.5346025000000001,0.5346025000000001,0.9742,,0.9742,0.9742,0.9742,0.0069,,0.0069,0.0069,0.0069
PenaltyQAOA,flow+flow,8,5,0.984227844960331,,0.984227844960331,0.984227844960331,0.984227844960331,0.5747448275862069,,0.5747448275862069,0.5747448275862069,0.5747448275862069,0.9981,,0.9981,0.9981,0.9981,0.1243,,0.1243,0.1243,0.1243
PenaltyQAOA,independent_set+knapsack,5,5,0.8032969424292806,,0.8032969424292806,0.8032969424292806,0.8032969424292806,0.11967272727272728,,0.11967272727272728,0.11967272727272728,0.11967272727272728,0.1793,,0.1793,0.1793,0.1793,0.0545,,0.0545,0.0545,0.0545
PenaltyQAOA,independent_set+quadratic_knapsack,5,5,0.8601117004336574,,0.8601117004336574,0.8601117004336574,0.8601117004336574,0.21319999999999997,,0.21319999999999997,0.21319999999999997,0.21319999999999997,0.4247,,0.4247,0.4247,0.4247,0.0429,,0.0429,0.0429,0.0429
PenaltyQAOA,independent_set+quadratic_knapsack+knapsack,8,5,0.805173312059672,,0.805173312059672,0.805173312059672,0.805173312059672,0.04596111111111111,,0.04596111111111111,0.04596111111111111,0.04596111111111111,0.0941,,0.0941,0.0941,0.0941,0.0034,,0.0034,0.0034,0.0034
PenaltyQAOA,knapsack+assignment,5,5,0.8773127449305456,,0.8773127449305456,0.8773127449305456,0.8773127449305456,0.2872687500000001,,0.2872687500000001,0.2872687500000001,0.2872687500000001,0.4975,,0.4975,0.4975,0.4975,0.117,,0.117,0.117,0.117
PenaltyQAOA,knapsack+assignment,6,5,0.812410846484015,,0.812410846484015,0.812410846484015,0.812410846484015,0.09418888888888889,,0.09418888888888889,0.09418888888888889,0.09418888888888889,0.1804,,0.1804,0.1804,0.1804,0.0209,,0.0209,0.0209,0.0209
PenaltyQAOA,knapsack+cardinality,5,5,0.8360143647297285,,0.8360143647297285,0.8360143647297285,0.8360143647297285,0.09940909090909089,,0.09940909090909089,0.09940909090909089,0.09940909090909089,0.2305,,0.2305,0.2305,0.2305,0.0478,,0.0478,0.0478,0.0478
PenaltyQAOA,knapsack+cardinality,6,5,0.8360023841545903,0.040864575564104055,0.8273811582475803,0.8142353930460348,0.841466239121403,0.21776356592908902,0.09149531717392949,0.22609221014492753,0.19328214285714285,0.28908406249999996,0.3960875,0.18087500370224108,0.39480000000000004,0.3154,0.5019,0.018625,0.01016671740814816,0.0198,0.01405,0.026875
PenaltyQAOA,knapsack+cardinality,7,5,0.8181061112514726,0.024462039900990516,0.8209875084778103,0.7979739837590782,0.8382400711529974,0.10628694113756615,0.07948593979209094,0.083155,0.06402083333333333,0.11267750000000001,0.22226666666666664,0.17315092453309816,0.17295,0.14215,0.1961,0.01455,0.015190227121409343,0.00885,0.007025,0.0115
PenaltyQAOA,knapsack+cardinality,8,5,0.8228556606593532,0.017317183371605073,0.8225790935899551,0.8119440318256345,0.8355039899986523,0.06746358039665173,0.05226836446890706,0.07061666666666666,0.030969596774193545,0.0926315172413793,0.151525,0.11989497487384532,0.15885,0.06920000000000001,0.19745000000000001,0.0044875,0.002587573325393063,0.0040999999999999995,0.0027,0.006149999999999999
PenaltyQAOA,knapsack+cardinality+cardinality,8,5,0.8727470262239325,0.09689599802554444,0.8727470262239325,0.8384891175870822,0.9070049348607829,0.198205529953917,0.12913008075972585,0.198205529953917,0.15255115207373268,0.24385990783410133,0.38425,0.15520993847044717,0.38425,0.32937500000000003,0.439125,0.11514999999999999,0.15591704525163372,0.11514999999999999,0.060025,0.17027499999999998
PenaltyQAOA,knapsack+flow,7,5,0.8094105072065234,0.03166815874860765,0.8094105072065234,0.7982141223071072,0.8206068921059397,0.1506195,0.08350153268353819,0.1506195,0.12109724999999999,0.18014174999999996,0.2605,0.1647558800164656,0.2605,0.20224999999999999,0.31875,0.020900000000000002,0.019091883092036785,0.020900000000000002,0.01415,0.02765
PenaltyQAOA,knapsack+flow,8,5,0.8102342413795339,0.01848429191543961,0.8073423637841265,0.7968460781747129,0.8251936484403105,0.0533004906851713,0.021705348849225134,0.044168750000000014,0.03647333333333333,0.07159354838709678,0.15074,0.05349329864571824,0.1515,0.113,0.1807,0.00266,0.0018174157477033155,0.0034,0.0013,0.0041
PenaltyQAOA,knapsack+independent_set,7,5,0.8456439109858045,,0.8456439109858045,0.8456439109858045,0.8456439109858045,0.30350434782608704,,0.30350434782608704,0.30350434782608704,0.30350434782608704,0.5907,,0.5907,0.5907,0.5907,0.0026,,0.0026,0.0026,0.0026
PenaltyQAOA,knapsack+knapsack,6,5,0.7930611320747653,,0.7930611320747653,0.7930611320747653,0.7930611320747653,0.09539999999999997,,0.09539999999999997,0.09539999999999997,0.09539999999999997,0.236,,0.236,0.236,0.236,0.0157,,0.0157,0.0157,0.0157
PenaltyQAOA,knapsack+knapsack,7,5,0.8048679161033462,0.015408484207501292,0.7984155608716709,0.7960750515408159,0.8104346030500387,0.06645564502164503,0.03265899940831095,0.07985199999999999,0.054540285714285715,0.08506918181818182,0.16256666666666666,0.07804417552472018,0.1965,0.13490000000000002,0.2072,0.007633333333333335,0.0004932882862316251,0.0074,0.007350000000000001,0.0078000000000000005
PenaltyQAOA,knapsack+knapsack,8,5,0.8218211675381517,0.01031016421460217,0.8226214074497737,0.816233852157627,0.8273249454610191,0.07755492452949347,0.02319729723658244,0.07739908026755853,0.06985693403298349,0.088028228021978,0.18038333333333334,0.05797628538175472,0.17720000000000002,0.1488,0.228025,0.0042833333333333334,0.0007305249254246335,0.00425,0.003825,0.004824999999999999
PenaltyQAOA,knapsack+quadratic_knapsack,6,5,0.8226225399081115,,0.8226225399081115,0.8226225399081115,0.8226225399081115,0.11635999999999996,,0.11635999999999996,0.11635999999999996,0.11635999999999996,0.2178,,0.2178,0.2178,0.2178,0.0223,,0.0223,0.0223,0.0223
PenaltyQAOA,quadratic_knapsack+cardinality,5,5,0.8586169981746052,,0.8586169981746052,0.8586169981746052,0.8586169981746052,0.220192,,0.220192,0.220192,0.220192,0.6399,,0.6399,0.6399,0.6399,0.0266,,0.0266,0.0266,0.0266
PenaltyQAOA,quadratic_knapsack+cardinality,6,5,0.8831762883416615,0.014497955974487452,0.8798914293664739,0.8744630482031327,0.8833003562857993,0.16193624999999998,0.13957118971031515,0.10800958333333333,0.06012812499999999,0.26567666666666667,0.35011666666666663,0.2732771078350081,0.24775,0.160975,0.53245,0.021949999999999997,0.006954063560250221,0.0219,0.02,0.022675
PenaltyQAOA,quadratic_knapsack+cardinality,7,5,0.868084272384173,0.011688846672212934,0.8678547908029342,0.8598247197163966,0.8761143434707104,0.1058906690821256,0.024696408622059227,0.10425978260869564,0.08524027777777776,0.12491017391304349,0.2353,0.11327250328301217,0.20024999999999998,0.152175,0.283375,0.008675,0.0056511798178197565,0.00995,0.0065249999999999996,0.0121
PenaltyQAOA,quadratic_knapsack+cardinality,8,5,0.8625252213995234,0.007046857454619093,0.8604026891195564,0.8565006780393699,0.8684999540508547,0.12755881798245614,0.10163007260632219,0.09356458333333334,0.08269007675438596,0.09610677083333333,0.26953333333333335,0.23485991285586957,0.17735,0.172925,0.21297500000000003,0.016583333333333335,0.020729922013038703,0.0085,0.00335,0.0186
PenaltyQAOA,quadratic_knapsack+cardinality+independent_set,8,5,0.8750757749523567,,0.8750757749523567,0.8750757749523567,0.8750757749523567,0.14665789473684207,,0.14665789473684207,0.14665789473684207,0.14665789473684207,0.3236,,0.3236,0.3236,0.3236,0.0054,,0.0054,0.0054,0.0054
PenaltyQAOA,quadratic_knapsack+flow,6,5,0.8536177859047066,,0.8536177859047066,0.8536177859047066,0.8536177859047066,0.18834545454545454,,0.18834545454545454,0.18834545454545454,0.18834545454545454,0.2709,,0.2709,0.2709,0.2709,0.0276,,0.0276,0.0276,0.0276
PenaltyQAOA,quadratic_knapsack+flow,7,5,0.8845374704829876,,0.8845374704829876,0.8845374704829876,0.8845374704829876,0.14413703703703698,,0.14413703703703698,0.14413703703703698,0.14413703703703698,0.3446,,0.3446,0.3446,0.3446,0.0078,,0.0078,0.0078,0.0078
PenaltyQAOA,quadratic_knapsack+flow,8,5,0.8547276050204938,,0.8547276050204938,0.8547276050204938,0.8547276050204938,0.08217837837837838,,0.08217837837837838,0.08217837837837838,0.08217837837837838,0.2061,,0.2061,0.2061,0.2061,0.0033,,0.0033,0.0033,0.0033
PenaltyQAOA,quadratic_knapsack+knapsack,6,5,0.8575920378238652,0.014059723719950533,0.8529935840754563,0.8497004569731634,0.8631843918003623,0.1532507246376811,0.05849015109979949,0.1723434782608695,0.12997173913043475,0.18607608695652167,0.43123333333333336,0.13628317333160883,0.4706,0.3751,0.50705,0.023833333333333335,0.011032829797170506,0.0203,0.01765,0.02825
PenaltyQAOA,quadratic_knapsack+knapsack,7,5,0.8680684343200097,,0.8680684343200097,0.8680684343200097,0.8680684343200097,0.2770862068965519,,0.2770862068965519,0.2770862068965519,0.2770862068965519,0.5006,,0.5006,0.5006,0.5006,0.0087,,0.0087,0.0087,0.0087
PenaltyQAOA,quadratic_knapsack+quadratic_knapsack,6,5,0.8625456230878124,0.010811365981581241,0.8625456230878124,0.8587232279880794,0.8663680181875452,0.17764848484848478,0.003514106427715004,0.17764848484848478,0.1764060606060605,0.17889090909090902,0.42665,0.05465935418572009,0.42665,0.407325,0.445975,0.012549999999999999,0.0010606601717798203,0.012549999999999999,0.012175,0.012924999999999999
