constraints_hash,constraint_type,n_x,n_c,qubo_string,has_feasible_solution,n_layers_h,total_time_hr_h,AR_h,AR_feas_h,p_feasible_h,p_optimal_h,converged_h,finished_h,n_layers_p,total_time_hr_p,AR_p,AR_feas_p,p_feasible_p,p_optimal_p,converged_p,finished_p,max_total_time_hr,min_total_time_hr
"['x_0 + x_1 - x_2 == 0', 'x_2 + x_0 + x_1 <= 0']",cardinality+flow,3,2, -4*x_0 + 3*x_0 x_1 + -2*x_0 x_2 + -2*x_1 + -2*x_1 x_2,True,1,0.0008669700225194296,0.9240506329113924,,1.0,1.0,True,True,1.0,0.0008754436837302313,0.9979245832259753,,0.9944,0.9944,True,True,0.0008754436837302313,0.0008669700225194296
"['x_3 + x_0 - x_1 == 0', 'x_3 - x_0 - x_2 - x_1 == 0']",flow+flow,4,2, -3*x_0 + -3*x_0 x_2 + -3*x_0 x_3 + -5*x_1 + -4*x_1 x_2 + -2*x_2 + 3*x_2 x_3 + -2*x_3,True,1,0.0007831366856892903,0.9313458021809223,0.7326000000000001,0.9872,0.7326,True,True,1.0,0.0011403489112854005,0.9835032437290608,0.4838,0.9726,0.4838,True,True,0.0011403489112854005,0.0007831366856892903
"['x_2 + x_0 + x_3 - x_4 == 0', 'x_3 + x_2 == 0']",cardinality+flow,5,2, -3*x_0 + -1*x_0 x_2 + -5*x_0 x_3 + 2*x_0 x_4 + 1*x_1 + -4*x_1 x_2 + -3*x_1 x_3 + -3*x_1 x_4 + -2*x_2 + -2*x_2 x_3 + 1*x_2 x_4 + 1*x_3 + -2*x_3 x_4 + -2*x_4,True,1,0.001133664051691691,0.9827578236178671,0.9217,0.9319,0.9013,True,True,1.0,0.0012925268544091118,0.9860394154204268,0.45954999999999996,0.9283,0.4351,True,True,0.0012925268544091118,0.001133664051691691
"['x_2 + x_3 >= 0', 'x_3 + x_0 + x_2 == 3']",cardinality+cardinality,4,2, -3*x_0 + -3*x_0 x_2 + -3*x_0 x_3 + -5*x_1 + -4*x_1 x_2 + -2*x_2 + 3*x_2 x_3 + -2*x_3,True,1,0.001034056544303894,0.996466343482226,0.9363000000000004,1.0,0.9363,True,True,1.0,0.0013951230711407132,0.9717165411388733,0.7715000000000001,0.7778,0.7715,True,True,0.0013951230711407132,0.001034056544303894
"['x_1 + x_0 <= 1', 'x_1 + x_0 >= 1', 'x_3 + x_0 + x_1 == 2']",cardinality+cardinality+cardinality,4,3, -4*x_0 + 1*x_0 x_1 + 1*x_0 x_2 + -2*x_0 x_3 + -1*x_1 + -2*x_1 x_2 + -3*x_1 x_3 + -5*x_2 + -2*x_2 x_3 + -3*x_3,True,1,0.0011263846026526557,0.9745051507670791,0.29157777777777777,0.978,0.0834,True,True,1.0,0.001469597816467285,0.9710193248331396,0.6612444444444446,0.8879,0.4102,True,True,0.001469597816467285,0.0011263846026526557
"['x_1 + x_0 + x_2 >= 0', 'x_2 + x_1 + x_0 >= 2']",cardinality+cardinality,3,2, 3*x_0 + 1*x_0 x_2 + -3*x_1 + -1*x_1 x_2 + -4*x_2,True,1,0.0009973841243320041,0.9253448147476008,0.46649999999999997,0.8097,0.3438,True,True,1.0,0.0015355363819334242,0.9794334907532783,0.48695,0.9818,0.4827,True,True,0.0015355363819334242,0.0009973841243320041
"['2*x_1 + 6*x_2 + 1*x_0 <= 3', '4*x_2*x_2 + 4*x_2*x_3 + 1*x_2*x_1 + 5*x_2*x_0 + 5*x_3*x_3 + 5*x_3*x_1 + 5*x_3*x_0 + 1*x_1*x_1 + 4*x_1*x_0 + 1*x_0*x_0 <= 11']",quadratic_knapsack+knapsack,4,2, 1*x_0 + -4*x_0 x_1 + 3*x_0 x_2 + 1*x_0 x_3 + -3*x_1 x_2 + -5*x_1 x_3 + -3*x_2 + -5*x_2 x_3 + -3*x_3,True,1,0.001582518352402581,0.9505494443510989,0.14216666666666666,0.8208,0.0497,True,True,,,,,,,,False,0.001582518352402581,0.001582518352402581
"['x_2 + x_0 + x_3 + x_1 + x_4 == 2', 'x_3 + x_0 == 1']",cardinality+cardinality,5,2, -3*x_0 + -4*x_0 x_1 + -5*x_0 x_2 + -4*x_0 x_3 + -2*x_0 x_4 + -4*x_1 + -1*x_1 x_2 + -3*x_1 x_3 + -2*x_1 x_4 + -5*x_2 + 4*x_2 x_3 + 1*x_2 x_4 + -2*x_3 + -4*x_3 x_4 + 1*x_4,True,1,0.0008631577094395955,0.8618776447668152,0.8736599999999999,0.9825,0.789,True,True,1.0,0.0015874209006627401,0.9930635857718911,0.66553,0.983,0.0001,True,True,0.0015874209006627401,0.0008631577094395955
"['x_2 + x_3 - x_1 - x_0 == 0', 'x_3 + x_2 <= 2']",cardinality+flow,4,2, -4*x_0 + 4*x_0 x_1 + 1*x_0 x_2 + -5*x_0 x_3 + 1*x_1 + 1*x_1 x_2 + 4*x_1 x_3 + 3*x_2 + -1*x_2 x_3 + -4*x_3,True,1,0.0013555608855353462,0.971119418090546,0.87345,0.9212,0.8551,True,True,1.0,0.0018808748986985948,0.9731721721090385,0.5841166666666666,0.9234,0.4537,True,True,0.0018808748986985948,0.0013555608855353462
"['x_0 + x_1 + x_3 <= 3', 'x_0 + x_3 <= 1', 'x_0 + x_3 == 1']",assignment+cardinality+cardinality,5,3, -3*x_0 + -1*x_0 x_2 + -5*x_0 x_3 + 2*x_0 x_4 + 1*x_1 + -4*x_1 x_2 + -3*x_1 x_3 + -3*x_1 x_4 + -2*x_2 + -2*x_2 x_3 + 1*x_2 x_4 + 1*x_3 + -2*x_3 x_4 + -2*x_4,True,1,0.0024198609590530395,0.9807202930995615,0.9865625,1.0,0.9526,True,True,1.0,0.0023741683695051403,0.9740650461004969,0.41922500000000007,0.9641,0.0467,True,True,0.0024198609590530395,0.0023741683695051403
"['x_0 + x_2 <= 0', 'x_1 + x_2 + x_3 == 2', 'x_1 + x_2 <= 1']",cardinality+cardinality+cardinality,4,3, 2*x_0 + -4*x_0 x_1 + 4*x_0 x_2 + -4*x_0 x_3 + 2*x_1 x_2 + 2*x_2,True,2,0.0019030946493148804,0.9988911872560009,,0.9957,0.9957,True,True,2.0,0.0025554553005430435,0.9997790050065328,,0.9985,0.9985,True,True,0.0025554553005430435,0.0019030946493148804
"['x_0 + x_1 + x_3 + x_2 >= 1', 'x_0 + x_2 <= 2']",cardinality+cardinality,5,2, -2*x_0 + -3*x_0 x_1 + -2*x_0 x_2 + -3*x_0 x_3 + -1*x_0 x_4 + -5*x_1 + 2*x_1 x_2 + -1*x_1 x_3 + -4*x_1 x_4 + -2*x_2 + -4*x_2 x_3 + -1*x_2 x_4 + -5*x_3 + -5*x_3 x_4,True,1,0.0020738697714275784,0.9631317501690397,0.60835,0.9994,0.1512,True,True,1.0,0.0030025348398420547,0.9487703491447571,0.4017264705882352,0.9935,0.0836,True,True,0.0030025348398420547,0.0020738697714275784
"['x_1 + x_4 + x_3 + x_0 >= 3', 'x_2 + x_5 + x_0 + x_3 == 2']",cardinality+cardinality,6,2, -5*x_0 + -1*x_0 x_1 + 3*x_0 x_2 + -5*x_0 x_3 + 1*x_0 x_4 + -5*x_0 x_5 + -1*x_1 + 2*x_1 x_2 + 1*x_1 x_3 + -4*x_1 x_4 + 2*x_1 x_5 + 3*x_2 + -4*x_2 x_4 + 2*x_2 x_5 + 3*x_3 + 2*x_3 x_4 + -1*x_3 x_5 + 4*x_4 + 2*x_5,True,1,0.0023588960700564915,0.9816496960588487,0.73973125,0.9814,0.0,True,True,1.0,0.003009528120358785,0.9753357084748829,0.3944625,0.8813,0.0002,True,True,0.003009528120358785,0.0023588960700564915
"['x_1 + x_5 + x_4 + x_0 == 1', 'x_3 + x_0 + x_5 - x_4 - x_2 == 0', 'x_4*x_2 == 0']",cardinality+flow+independent_set,6,3, -4*x_0 + 2*x_0 x_1 + -4*x_0 x_2 + 1*x_0 x_3 + -4*x_0 x_4 + 1*x_1 + 4*x_1 x_2 + -3*x_1 x_3 + -1*x_1 x_5 + 2*x_2 + 4*x_2 x_3 + -1*x_2 x_4 + 3*x_3 + 4*x_3 x_4 + -4*x_3 x_5 + -1*x_4 + 3*x_4 x_5 + -1*x_5,True,1,0.0029713980356852214,0.9880604132089139,0.9967764705882354,0.9969,0.9966,True,True,1.0,0.0032282421323988173,0.9772973127204446,0.7019000000000001,0.8881,0.4359,True,True,0.0032282421323988173,0.0029713980356852214
"['x_0 + x_1 + x_3 + x_4 + x_2 <= 3', 'x_4 + x_2 == 1']",cardinality+cardinality,5,2, -3*x_0 + 1*x_0 x_1 + 2*x_0 x_2 + 1*x_0 x_3 + 2*x_0 x_4 + 3*x_1 + 3*x_1 x_2 + 2*x_1 x_3 + 1*x_1 x_4 + -2*x_2 + -1*x_2 x_3 + -1*x_2 x_4 + 2*x_3 + -3*x_3 x_4 + -2*x_4,True,1,0.0032972950405544704,0.9699807338827399,0.9352,0.9704,0.8999,True,True,1.0,0.002716031273206075,0.9967504349285052,0.94477,0.9985,0.4909,True,True,0.0032972950405544704,0.002716031273206075
"['1*x_3*x_3 + 4*x_3*x_2 + 1*x_3*x_4 + 5*x_3*x_0 + 2*x_2*x_2 + 3*x_2*x_4 + 3*x_2*x_0 + 5*x_4*x_4 + 4*x_4*x_0 + 5*x_0*x_0 <= 22', 'x_3 + x_1 >= 2']",quadratic_knapsack+cardinality,5,2, -2*x_0 + -3*x_0 x_1 + -2*x_0 x_2 + -3*x_0 x_3 + -1*x_0 x_4 + -5*x_1 + 2*x_1 x_2 + -1*x_1 x_3 + -4*x_1 x_4 + -2*x_2 + -4*x_2 x_3 + -1*x_2 x_4 + -5*x_3 + -5*x_3 x_4,True,2,0.003350214163462321,0.9374026647801392,0.37597222222222215,0.9549,0.0238,True,True,,,,,,,,False,0.003350214163462321,0.003350214163462321
"['x_1 + x_0 + x_4 <= 1', 'x_4 + x_1 + x_3 == 0']",cardinality+cardinality,5,2, -3*x_0 + -1*x_0 x_2 + -5*x_0 x_3 + 2*x_0 x_4 + 1*x_1 + -4*x_1 x_2 + -3*x_1 x_3 + -3*x_1 x_4 + -2*x_2 + -2*x_2 x_3 + 1*x_2 x_4 + 1*x_3 + -2*x_3 x_4 + -2*x_4,True,1,0.0011418577035268147,0.9945369146344932,0.6645333333333332,0.9899,0.5033,True,True,2.0,0.0036215259631474815,0.991643380720502,0.7587999999999999,0.9492,0.5937,True,True,0.0036215259631474815,0.0011418577035268147
"['4*x_2 + 6*x_4 + 1*x_5 + 1*x_0 <= 6', '4*x_3*x_3 + 1*x_3*x_6 + 4*x_3*x_2 + 3*x_3*x_5 + 4*x_6*x_6 + 5*x_6*x_2 + 4*x_6*x_5 + 3*x_2*x_2 + 5*x_2*x_5 + 5*x_5*x_5 <= 24']",quadratic_knapsack+knapsack,7,2, 4*x_0 + 4*x_0 x_1 + 1*x_0 x_2 + 3*x_0 x_3 + 1*x_0 x_4 + -3*x_0 x_5 + -3*x_0 x_6 + -5*x_1 + -2*x_1 x_2 + -5*x_1 x_3 + -4*x_1 x_4 + -4*x_1 x_5 + 1*x_2 + 4*x_2 x_3 + 2*x_2 x_4 + -4*x_2 x_5 + -4*x_2 x_6 + -2*x_3 + 2*x_3 x_4 + -5*x_3 x_5 + -2*x_3 x_6 + 2*x_4 + 1*x_4 x_5 + 3*x_4 x_6 + 4*x_5 + -4*x_5 x_6 + -2*x_6,True,1,0.004044366280237834,0.9482482272553941,0.5205138888888889,0.9993,0.0509,True,True,,,,,,,,False,0.004044366280237834,0.004044366280237834
"['x_2 + x_0 == 1', 'x_4 + x_5 + x_1 + x_0 + x_3 == 0']",assignment+cardinality,6,2, 1*x_0 + 4*x_0 x_1 + 3*x_0 x_2 + -1*x_0 x_3 + -3*x_0 x_4 + -1*x_1 + -5*x_1 x_2 + -3*x_1 x_3 + -2*x_1 x_4 + -1*x_1 x_5 + -1*x_2 + 4*x_2 x_4 + -5*x_2 x_5 + 3*x_3 + 4*x_3 x_4 + -1*x_3 x_5 + -3*x_4 + 3*x_4 x_5 + 2*x_5,True,2,0.004541895522011651,0.9994765327777745,,0.9877,0.9877,True,True,1.0,0.002444451517528958,0.9836798371136348,,0.771,0.771,True,True,0.004541895522011651,0.002444451517528958
"['x_3 + x_0 + x_4 + x_5 + x_2 >= 2', 'x_5 + x_1 >= 0']",cardinality+cardinality,6,2, 4*x_0 + -1*x_0 x_1 + 3*x_0 x_2 + -1*x_0 x_3 + -4*x_0 x_4 + 1*x_0 x_5 + 3*x_1 + 1*x_1 x_2 + -3*x_1 x_3 + -5*x_1 x_4 + -2*x_1 x_5 + -2*x_2 + -4*x_2 x_3 + -3*x_2 x_4 + 2*x_2 x_5 + -5*x_3 + -2*x_3 x_4 + 4*x_4 + -5*x_5,True,1,0.0034857996304829917,0.9840751301119596,0.8298689655172413,1.0,0.2702,True,True,1.0,0.004974647826618619,0.9716160805310836,0.38489310344827593,0.9022,0.0091,True,True,0.004974647826618619,0.0034857996304829917
"['2*x_5*x_5 + 5*x_5*x_6 + 4*x_5*x_0 + 2*x_5*x_2 + 4*x_5*x_4 + 5*x_6*x_6 + 5*x_6*x_0 + 2*x_6*x_2 + 1*x_6*x_4 + 4*x_0*x_0 + 1*x_0*x_2 + 2*x_0*x_4 + 5*x_2*x_2 + 4*x_2*x_4 + 2*x_4*x_4 <= 29', 'x_0 + x_6 + x_1 + x_3 + x_5 >= 3']",quadratic_knapsack+cardinality,7,2, -4*x_0 + -1*x_0 x_1 + 4*x_0 x_2 + 2*x_0 x_3 + -5*x_0 x_4 + 2*x_0 x_5 + -5*x_0 x_6 + 3*x_1 + 3*x_1 x_2 + 4*x_1 x_4 + 3*x_1 x_5 + -2*x_1 x_6 + -5*x_2 + 2*x_2 x_3 + -5*x_2 x_4 + 1*x_2 x_5 + 3*x_2 x_6 + -5*x_3 + -4*x_3 x_4 + 4*x_3 x_5 + 1*x_3 x_6 + -4*x_4 + -5*x_4 x_5 + -5*x_4 x_6 + -3*x_5 x_6 + 3*x_6,True,1,0.005131151543723213,0.9741537325868992,0.34786285714285714,0.8539,0.014,True,True,,,,,,,,False,0.005131151543723213,0.005131151543723213
"['x_1 + x_4 + x_2 >= 1', 'x_2 + x_1 + x_3 + x_4 >= 0']",cardinality+cardinality,6,2, -5*x_0 + -4*x_0 x_1 + -3*x_0 x_2 + -5*x_0 x_3 + 1*x_0 x_4 + -4*x_0 x_5 + -3*x_1 + -1*x_1 x_2 + 3*x_1 x_3 + -2*x_1 x_4 + 4*x_1 x_5 + -2*x_2 + -1*x_2 x_3 + -4*x_2 x_4 + 4*x_3 + -5*x_3 x_4 + 4*x_3 x_5 + -2*x_4 + -5*x_5,True,1,0.0023634371492597794,0.9692593268366052,0.6306054054054053,0.9813,0.024,True,True,1.0,0.005181543827056885,0.9707120146025764,0.6556783783783785,0.9967,0.1656,True,True,0.005181543827056885,0.0023634371492597794
"['x_0 + x_2 - x_3 == 0', 'x_3 + x_2 + x_1 == 2', 'x_3 + x_2 <= 2']",cardinality+cardinality+flow,4,3, 4*x_0 x_1 + 1*x_0 x_2 + 1*x_0 x_3 + -1*x_1 + 1*x_1 x_2 + 4*x_1 x_3 + -2*x_2 + -1*x_2 x_3 + 4*x_3,True,1,0.001745117770300971,0.9747279962951653,0.9693999999999999,0.9694,0.9694,True,True,2.0,0.00520171410507626,0.9990316079349384,0.9924999999999999,0.9925,0.9925,True,True,0.00520171410507626,0.001745117770300971
"['x_2 + x_0 >= 0', 'x_3 + x_0 + x_2 == 3']",cardinality+cardinality,4,2, -4*x_0 + 4*x_0 x_1 + 1*x_0 x_2 + -5*x_0 x_3 + 1*x_1 + 1*x_1 x_2 + 4*x_1 x_3 + 3*x_2 + -1*x_2 x_3 + -4*x_3,True,1,0.0017072132560941907,0.9877947751918934,0.9999,1.0,0.9999,True,True,2.0,0.005547732313474019,0.9971809751176669,0.9446999999999998,0.9853,0.9447,True,True,0.005547732313474019,0.0017072132560941907
"['x_0 + x_5 + x_3 + x_2 + x_4 >= 2', 'x_5 + x_2 + x_3 + x_1 >= 2']",cardinality+cardinality,6,2, 2*x_0 + -5*x_0 x_1 + 2*x_0 x_2 + -4*x_0 x_3 + -2*x_0 x_4 + 4*x_0 x_5 + -4*x_1 + -5*x_1 x_2 + -5*x_1 x_3 + -5*x_1 x_4 + -5*x_1 x_5 + 1*x_2 + 4*x_2 x_3 + -1*x_2 x_4 + -1*x_2 x_5 + -5*x_3 + -5*x_3 x_5 + -1*x_4 + 1*x_4 x_5 + -1*x_5,True,1,0.0033021099699868097,0.965256435187083,0.4910952380952381,0.9872,0.0014,True,True,1.0,0.005645100209448073,0.9709662734736216,0.5189833333333334,0.9238,0.0618,True,True,0.005645100209448073,0.0033021099699868097
"['x_2 + x_5 + x_3 + x_0 + x_4 <= 3', 'x_4 + x_5 + x_1 + x_2 <= 1']",cardinality+cardinality,6,2, -2*x_0 + -4*x_0 x_1 + 2*x_0 x_2 + 2*x_0 x_3 + 3*x_0 x_4 + -5*x_0 x_5 + -1*x_1 + 1*x_1 x_3 + -2*x_1 x_4 + -5*x_2 x_3 + 4*x_2 x_4 + 3*x_2 x_5 + 3*x_3 + -3*x_3 x_4 + 2*x_3 x_5 + -1*x_4 + 2*x_4 x_5 + 3*x_5,True,1,0.0029594118727578056,0.9516539564323916,0.42890666666666666,0.8142,0.0002,True,True,1.0,0.005712652934922112,0.9847526999631547,0.6149933333333334,0.8873,0.227,True,True,0.005712652934922112,0.0029594118727578056
"['4*x_1*x_1 + 4*x_1*x_3 + 1*x_1*x_6 + 5*x_1*x_5 + 5*x_3*x_3 + 5*x_3*x_6 + 5*x_3*x_5 + 1*x_6*x_6 + 4*x_6*x_5 + 1*x_5*x_5 <= 11', '7*x_2 + 7*x_6 + 10*x_5 + 2*x_4 <= 10']",quadratic_knapsack+knapsack,7,2, 3*x_0 + 4*x_0 x_1 + 1*x_0 x_2 + -5*x_0 x_3 + -5*x_0 x_4 + -4*x_1 + -4*x_1 x_2 + -3*x_1 x_3 + -4*x_1 x_4 + 1*x_1 x_6 + 3*x_2 + 3*x_2 x_3 + 1*x_2 x_4 + -1*x_2 x_5 + -4*x_3 + 2*x_3 x_4 + 1*x_3 x_5 + -5*x_3 x_6 + -5*x_4 + -3*x_4 x_5 + 4*x_4 x_6 + -4*x_5 + -3*x_5 x_6 + 4*x_6,True,1,0.0059191468689176775,0.9702634968943846,0.38749090909090916,0.9754,0.0032,True,True,,,,,,,,False,0.0059191468689176775,0.0059191468689176775
"['5*x_3*x_3 + 2*x_3*x_2 + 2*x_3*x_0 + 3*x_3*x_5 + 1*x_3*x_4 + 1*x_2*x_2 + 4*x_2*x_0 + 4*x_2*x_5 + 3*x_2*x_4 + 1*x_0*x_0 + 3*x_0*x_5 + 1*x_0*x_4 + 5*x_5*x_5 + 1*x_5*x_4 + 5*x_4*x_4 <= 23', '7*x_3 + 10*x_6 + 9*x_1 <= 8']",quadratic_knapsack+knapsack,7,2, 3*x_0 x_2 + 3*x_0 x_3 + 3*x_0 x_4 + -1*x_0 x_5 + 4*x_0 x_6 + -2*x_1 + -2*x_1 x_3 + 2*x_1 x_4 + -5*x_1 x_5 + 3*x_1 x_6 + 1*x_2 + -3*x_2 x_3 + -5*x_2 x_4 + 2*x_2 x_5 + 1*x_2 x_6 + 4*x_3 + -1*x_3 x_5 + -2*x_3 x_6 + -4*x_4 + 3*x_4 x_5 + -1*x_4 x_6 + -4*x_5 + 2*x_5 x_6 + -1*x_6,True,1,0.005943901207711962,0.9428817074817535,0.4111375,0.7561,0.032,True,True,,,,,,,,False,0.005943901207711962,0.005943901207711962
"['x_0 + x_1 + x_4 + x_5 + x_2 == 0', 'x_5 + x_1 <= 0']",cardinality+cardinality,6,2, -2*x_0 + -4*x_0 x_1 + 2*x_0 x_2 + 2*x_0 x_3 + 3*x_0 x_4 + -5*x_0 x_5 + -1*x_1 + 1*x_1 x_3 + -2*x_1 x_4 + -5*x_2 x_3 + 4*x_2 x_4 + 3*x_2 x_5 + 3*x_3 + -3*x_3 x_4 + 2*x_3 x_5 + -1*x_4 + 2*x_4 x_5 + 3*x_5,True,1,0.001248932613266839,0.9803921238655076,1.0,1.0,1.0,True,True,2.0,0.006262669695748223,0.9961633101844706,0.7443000000000001,0.9415,0.7443,True,True,0.006262669695748223,0.001248932613266839
"['x_3 + x_2 + x_4 + x_1 >= 2', 'x_4 + x_5 + x_0 + x_1 + x_2 >= 1']",cardinality+cardinality,6,2, 1*x_0 + 4*x_0 x_1 + 3*x_0 x_2 + -1*x_0 x_3 + -3*x_0 x_4 + -1*x_1 + -5*x_1 x_2 + -3*x_1 x_3 + -2*x_1 x_4 + -1*x_1 x_5 + -1*x_2 + 4*x_2 x_4 + -5*x_2 x_5 + 3*x_3 + 4*x_3 x_4 + -1*x_3 x_5 + -3*x_4 + 3*x_4 x_5 + 2*x_5,True,1,0.0035950962040159438,0.9712838372728847,0.407015,1.0,0.0004,True,True,1.0,0.006618271536297268,0.9811990398425784,0.5628,0.9601,0.0052,True,True,0.006618271536297268,0.0035950962040159438
"['x_3 + x_2 + x_0 + x_5 + x_1 >= 4', 'x_5 + x_4 == 0']",cardinality+cardinality,6,2, -2*x_0 + -4*x_0 x_1 + 2*x_0 x_2 + 2*x_0 x_3 + 3*x_0 x_4 + -5*x_0 x_5 + -1*x_1 + 1*x_1 x_3 + -2*x_1 x_4 + -5*x_2 x_3 + 4*x_2 x_4 + 3*x_2 x_5 + 3*x_3 + -3*x_3 x_4 + 2*x_3 x_5 + -1*x_4 + 2*x_4 x_5 + 3*x_5,True,2,0.005926709638701545,0.9960551130167171,,0.9163,0.9163,True,True,2.0,0.006845322118865119,0.9984714361572594,,0.9781,0.9781,True,True,0.006845322118865119,0.005926709638701545
"['x_0 + x_4 + x_1 + x_2 <= 3', 'x_2 + x_1 + x_3 + x_0 + x_4 >= 1']",cardinality+cardinality,5,2, 1*x_0 + 1*x_0 x_1 + -5*x_0 x_2 + -3*x_0 x_4 + -4*x_1 + 2*x_1 x_2 + 3*x_1 x_3 + -3*x_1 x_4 + 1*x_2 + 2*x_2 x_3 + 1*x_2 x_4 + -4*x_3 + -3*x_3 x_4 + -5*x_4,True,1,0.00455800645881229,0.9798842867347471,0.514788888888889,1.0,0.1112,True,True,1.0,0.006910122831662496,0.9688161343428405,0.3843166666666666,0.989,0.0005,True,True,0.006910122831662496,0.00455800645881229
"['x_1 + x_2 - x_0 - x_3 == 0', 'x_2 + x_0 <= 2', 'x_2 + x_3 + x_0 + x_1 >= 3']",cardinality+cardinality+flow,4,3, 1*x_0 + -4*x_0 x_1 + 3*x_0 x_2 + 1*x_0 x_3 + -3*x_1 x_2 + -5*x_1 x_3 + -3*x_2 + -5*x_2 x_3 + -3*x_3,True,2,0.006954192188051012,0.991122520126805,,0.9422,0.9422,True,True,1.0,0.0033528913391960994,0.972642139723286,,0.8964,0.8964,True,True,0.006954192188051012,0.0033528913391960994
"['2*x_2*x_2 + 5*x_2*x_1 + 2*x_2*x_0 + 2*x_1*x_1 + 1*x_1*x_0 + 1*x_0*x_0 <= 7', '3*x_0*x_0 + 1*x_0*x_1 + 3*x_0*x_2 + 5*x_1*x_1 + 2*x_1*x_2 + 2*x_2*x_2 <= 8']",quadratic_knapsack+quadratic_knapsack,3,2, 2*x_0 + -1*x_0 x_1 + -2*x_0 x_2 + 3*x_1 x_2 + -1*x_2,True,1,0.006955473886595832,0.9658167058269382,0.5398333333333333,0.8528,0.3015,True,True,,,,,,,,False,0.006955473886595832,0.006955473886595832
"['1*x_1*x_1 + 2*x_1*x_0 + 1*x_1*x_3 + 1*x_0*x_0 + 5*x_0*x_3 + 1*x_3*x_3 <= 6', '3*x_1*x_1 + 1*x_1*x_2 + 3*x_1*x_3 + 1*x_2*x_2 + 4*x_2*x_3 + 3*x_3*x_3 <= 5']",quadratic_knapsack+quadratic_knapsack,5,2, -3*x_0 + -1*x_0 x_2 + -5*x_0 x_3 + 2*x_0 x_4 + 1*x_1 + -4*x_1 x_2 + -3*x_1 x_3 + -3*x_1 x_4 + -2*x_2 + -2*x_2 x_3 + 1*x_2 x_4 + 1*x_3 + -2*x_3 x_4 + -2*x_4,True,1,0.006973777280913459,0.9549142164870454,0.3659916666666666,0.9953,0.0043,True,True,,,,,,,,False,0.006973777280913459,0.006973777280913459
"['1*x_4*x_4 + 1*x_4*x_0 + 3*x_4*x_3 + 2*x_4*x_1 + 1*x_0*x_0 + 2*x_0*x_3 + 3*x_0*x_1 + 2*x_3*x_3 + 3*x_3*x_1 + 3*x_1*x_1 <= 7', '1*x_4*x_4 + 5*x_4*x_3 + 1*x_4*x_1 + 3*x_3*x_3 + 3*x_3*x_1 + 5*x_1*x_1 <= 10']",quadratic_knapsack+quadratic_knapsack,5,2, -3*x_0 + -1*x_0 x_2 + -5*x_0 x_3 + 2*x_0 x_4 + 1*x_1 + -4*x_1 x_2 + -3*x_1 x_3 + -3*x_1 x_4 + -2*x_2 + -2*x_2 x_3 + 1*x_2 x_4 + 1*x_3 + -2*x_3 x_4 + -2*x_4,True,1,0.008401876754230923,0.9502706504660019,0.46332307692307695,0.9995,0.0592,True,True,,,,,,,,False,0.008401876754230923,0.008401876754230923
"['2*x_7*x_7 + 4*x_7*x_4 + 5*x_7*x_1 + 1*x_7*x_3 + 4*x_7*x_2 + 2*x_4*x_4 + 4*x_4*x_1 + 4*x_4*x_3 + 1*x_4*x_2 + 2*x_1*x_1 + 3*x_1*x_3 + 3*x_1*x_2 + 3*x_3*x_3 + 2*x_3*x_2 + 1*x_2*x_2 <= 19', 'x_1 + x_3 + x_5 + x_0 + x_7 >= 1']",quadratic_knapsack+cardinality,8,2, -3*x_0 + -3*x_0 x_1 + 2*x_0 x_2 + 2*x_0 x_3 + 3*x_0 x_4 + -5*x_0 x_5 + -5*x_0 x_6 + -5*x_0 x_7 + -4*x_1 + -2*x_1 x_2 + 1*x_1 x_3 + -4*x_1 x_4 + 2*x_1 x_6 + 1*x_1 x_7 + -4*x_2 x_3 + 4*x_2 x_4 + -2*x_2 x_5 + 3*x_2 x_6 + -3*x_2 x_7 + -1*x_3 + -3*x_3 x_4 + -2*x_3 x_5 + -2*x_3 x_6 + -3*x_3 x_7 + -2*x_4 + 1*x_4 x_5 + -5*x_4 x_6 + -1*x_4 x_7 + -4*x_5 + 3*x_5 x_6 + 2*x_5 x_7 + -2*x_6 x_7 + -3*x_7,True,1,0.008819811873965792,0.932036414269976,0.6960615384615384,1.0,0.0444,True,True,,,,,,,,False,0.008819811873965792,0.008819811873965792
"['x_0 + x_1 + x_2 + x_5 <= 1', 'x_2 + x_5 + x_4 + x_6 == 3']",cardinality+cardinality,7,2, 3*x_0 x_2 + 3*x_0 x_3 + 3*x_0 x_4 + -1*x_0 x_5 + 4*x_0 x_6 + -2*x_1 + -2*x_1 x_3 + 2*x_1 x_4 + -5*x_1 x_5 + 3*x_1 x_6 + 1*x_2 + -3*x_2 x_3 + -5*x_2 x_4 + 2*x_2 x_5 + 1*x_2 x_6 + 4*x_3 + -1*x_3 x_5 + -2*x_3 x_6 + -4*x_4 + 3*x_4 x_5 + -1*x_4 x_6 + -4*x_5 + 2*x_5 x_6 + -1*x_6,True,1,0.001992526782883538,0.9834660546492766,0.4383999999999999,0.8748,0.051,True,True,2.0,0.008947114017274644,0.9860823057516016,0.42130000000000006,0.9055,0.1813,True,True,0.008947114017274644,0.001992526782883538
"['3*x_6*x_6 + 1*x_6*x_5 + 5*x_6*x_3 + 2*x_6*x_7 + 5*x_6*x_4 + 2*x_5*x_5 + 5*x_5*x_3 + 5*x_5*x_7 + 5*x_5*x_4 + 2*x_3*x_3 + 3*x_3*x_7 + 3*x_3*x_4 + 4*x_7*x_7 + 1*x_7*x_4 + 5*x_4*x_4 <= 18', 'x_7 + x_1 + x_0 + x_4 + x_5 >= 1']",quadratic_knapsack+cardinality,8,2, 4*x_0 + 1*x_0 x_1 + -3*x_0 x_2 + -4*x_0 x_3 + -5*x_0 x_4 + -2*x_0 x_5 + -1*x_0 x_6 + 2*x_0 x_7 + -4*x_1 + 1*x_1 x_2 + 3*x_1 x_3 + 3*x_1 x_4 + -1*x_1 x_5 + -1*x_1 x_6 + -1*x_1 x_7 + -5*x_2 + 4*x_2 x_3 + -3*x_2 x_4 + 4*x_2 x_5 + -2*x_2 x_6 + -3*x_2 x_7 + -5*x_3 + -5*x_3 x_4 + -5*x_3 x_5 + -1*x_3 x_6 + -2*x_3 x_7 + -1*x_4 + -2*x_4 x_5 + 1*x_4 x_6 + -5*x_4 x_7 + -4*x_5 + -5*x_5 x_6 + 3*x_5 x_7 + 4*x_6 + -1*x_6 x_7 + 4*x_7,True,1,0.009483513368500604,0.8983585832757339,0.3604820512820513,0.9986,0.0,True,True,,,,,,,,False,0.009483513368500604,0.009483513368500604
"['1*x_2*x_2 + 1*x_2*x_0 + 3*x_2*x_3 + 2*x_2*x_4 + 1*x_0*x_0 + 2*x_0*x_3 + 3*x_0*x_4 + 2*x_3*x_3 + 3*x_3*x_4 + 3*x_4*x_4 <= 7', '1*x_3*x_3 + 5*x_3*x_4 + 4*x_3*x_0 + 2*x_4*x_4 + 2*x_4*x_0 + 2*x_0*x_0 <= 8']",quadratic_knapsack+quadratic_knapsack,5,2, -3*x_0 + -1*x_0 x_2 + -5*x_0 x_3 + 2*x_0 x_4 + 1*x_1 + -4*x_1 x_2 + -3*x_1 x_3 + -3*x_1 x_4 + -2*x_2 + -2*x_2 x_3 + 1*x_2 x_4 + 1*x_3 + -2*x_3 x_4 + -2*x_4,True,1,0.010698183841175503,0.9563002306038236,0.5098099999999999,0.9997,0.2201,True,True,,,,,,,,False,0.010698183841175503,0.010698183841175503
"['1*x_3 + 10*x_0 + 3*x_1 + 5*x_5 + 1*x_2 <= 12', '1*x_3*x_3 + 5*x_3*x_0 + 4*x_3*x_1 + 2*x_0*x_0 + 2*x_0*x_1 + 2*x_1*x_1 <= 8']",knapsack+quadratic_knapsack,6,2, 1*x_0 + 4*x_0 x_1 + 3*x_0 x_2 + -1*x_0 x_3 + -3*x_0 x_4 + -1*x_1 + -5*x_1 x_2 + -3*x_1 x_3 + -2*x_1 x_4 + -1*x_1 x_5 + -1*x_2 + 4*x_2 x_4 + -5*x_2 x_5 + 3*x_3 + 4*x_3 x_4 + -1*x_3 x_5 + -3*x_4 + 3*x_4 x_5 + 2*x_5,True,1,0.01103202117813958,0.9469477116948045,0.47205499999999995,0.9995,0.0488,True,True,,,,,,,,False,0.01103202117813958,0.01103202117813958
"['x_2 + x_5 + x_0 + x_6 + x_1 >= 2', 'x_2*x_0 == 0', 'x_6 - x_1 == 0']",flow+independent_set+cardinality,7,3, 3*x_0 + -2*x_0 x_2 + -1*x_0 x_3 + -5*x_0 x_4 + 1*x_0 x_5 + 2*x_0 x_6 + -5*x_1 x_2 + -4*x_1 x_3 + -3*x_1 x_4 + -2*x_1 x_5 + 2*x_1 x_6 + 4*x_2 + 3*x_2 x_3 + -2*x_2 x_4 + -1*x_2 x_5 + 4*x_3 + 3*x_3 x_4 + 4*x_3 x_6 + -3*x_4 + -3*x_4 x_5 + 3*x_4 x_6 + 3*x_5 + 4*x_5 x_6 + -4*x_6,True,2,0.008896989623705547,0.9818338574441827,0.6837285714285716,0.9778,0.0,True,True,2.0,0.011176396939489576,0.9730634340212219,0.39931428571428573,0.813,0.0164,True,True,0.011176396939489576,0.008896989623705547
"['x_1 + x_0 + x_6 + x_5 + x_3 >= 4', 'x_4 + x_3 + x_2 >= 0']",cardinality+cardinality,7,2, -5*x_0 + 1*x_0 x_1 + 4*x_0 x_2 + -2*x_0 x_3 + -2*x_0 x_4 + 4*x_0 x_6 + -3*x_1 + -4*x_1 x_2 + -2*x_1 x_3 + 3*x_1 x_4 + 4*x_1 x_5 + 4*x_1 x_6 + 1*x_2 + -5*x_2 x_3 + -5*x_2 x_4 + -3*x_2 x_5 + 3*x_2 x_6 + -3*x_3 + 1*x_3 x_4 + -5*x_3 x_6 + -4*x_4 + 1*x_4 x_5 + -3*x_4 x_6 + 3*x_5 + -1*x_5 x_6 + 1*x_6,True,1,0.002691660655869378,0.9245878266886999,0.5184733333333332,1.0,0.0076,True,True,2.0,0.01140999800629086,0.9855635714523286,0.5468500000000001,0.8912,0.0007,True,True,0.01140999800629086,0.002691660655869378
"['x_0 + x_2 >= 1', 'x_2 - x_3 - x_0 == 0']",flow+cardinality,4,2, -3*x_0 x_1 + 2*x_0 x_2 + 1*x_1 + -2*x_1 x_2 + -5*x_1 x_3 + -3*x_2 x_3 + 4*x_3,True,5,0.012437651223606534,0.8931498417829371,0.6676,0.6676,0.6676,False,True,1.0,0.0018414867586559718,0.853958412946461,0.4627571428571428,0.7797,0.3098,True,True,0.012437651223606534,0.0018414867586559718
"['x_0 + x_1 + x_4 <= 2', 'x_3 + x_5 <= 2', 'x_3 + x_6 + x_0 - x_5 == 0']",cardinality+cardinality+flow,7,3, -4*x_0 + 4*x_0 x_1 + -2*x_0 x_2 + -2*x_0 x_3 + 4*x_0 x_4 + -5*x_0 x_5 + -1*x_0 x_6 + -3*x_1 x_2 + 4*x_1 x_3 + 2*x_1 x_4 + 1*x_1 x_5 + -5*x_1 x_6 + -5*x_2 + -4*x_2 x_3 + 1*x_2 x_4 + -3*x_2 x_5 + 2*x_2 x_6 + -3*x_3 + 3*x_3 x_4 + 4*x_4 + -2*x_4 x_5 + 1*x_4 x_6 + -4*x_5 + -4*x_5 x_6 + -5*x_6,True,2,0.00524740629725986,0.9613212534711805,0.4533250000000001,0.8304,0.0002,True,True,2.0,0.01391285585032569,0.9580981054837239,0.5152749999999999,0.8136,0.1948,True,True,0.01391285585032569,0.00524740629725986
"['5*x_6*x_6 + 3*x_6*x_2 + 4*x_6*x_4 + 5*x_6*x_3 + 1*x_6*x_0 + 1*x_2*x_2 + 4*x_2*x_4 + 2*x_2*x_3 + 3*x_2*x_0 + 4*x_4*x_4 + 5*x_4*x_3 + 1*x_4*x_0 + 1*x_3*x_3 + 5*x_3*x_0 + 2*x_0*x_0 <= 17', 'x_7 + x_6 + x_4 + x_1 + x_5 >= 4']",quadratic_knapsack+cardinality,8,2, -5*x_0 + 4*x_0 x_1 + 3*x_0 x_3 + -3*x_0 x_4 + 4*x_0 x_5 + 3*x_0 x_6 + 2*x_0 x_7 + -1*x_1 + 2*x_1 x_2 + -5*x_1 x_3 + 1*x_1 x_4 + 2*x_1 x_5 + 2*x_1 x_6 + -4*x_1 x_7 + 4*x_2 + -1*x_2 x_3 + -3*x_2 x_4 + 3*x_2 x_5 + 2*x_2 x_6 + -3*x_3 x_4 + 1*x_3 x_5 + -4*x_3 x_6 + -2*x_3 x_7 + -3*x_4 + 1*x_4 x_6 + -3*x_4 x_7 + -3*x_5 + 2*x_5 x_6 + 1*x_5 x_7 + 3*x_6 + 4*x_6 x_7 + 4*x_7,True,2,0.014398704303635492,0.9833835892793703,0.7255318181818182,0.9139,0.0134,True,True,,,,,,,,False,0.014398704303635492,0.014398704303635492
"['x_0 + x_3 + x_2 >= 3', 'x_2 + x_5 + x_3 >= 2', 'x_3 + x_7 + x_4 + x_2 == 2']",cardinality+cardinality+cardinality,8,3, -5*x_0 + 4*x_0 x_1 + 3*x_0 x_3 + -3*x_0 x_4 + 4*x_0 x_5 + 3*x_0 x_6 + 2*x_0 x_7 + -1*x_1 + 2*x_1 x_2 + -5*x_1 x_3 + 1*x_1 x_4 + 2*x_1 x_5 + 2*x_1 x_6 + -4*x_1 x_7 + 4*x_2 + -1*x_2 x_3 + -3*x_2 x_4 + 3*x_2 x_5 + 2*x_2 x_6 + -3*x_3 x_4 + 1*x_3 x_5 + -4*x_3 x_6 + -2*x_3 x_7 + -3*x_4 + 1*x_4 x_6 + -3*x_4 x_7 + -3*x_5 + 2*x_5 x_6 + 1*x_5 x_7 + 3*x_6 + 4*x_6 x_7 + 4*x_7,True,2,0.0052657460504108005,0.9565170007045956,0.49635333333333337,0.8255,0.0053,True,True,3.0,0.014860971238878038,0.9873126216264936,0.7673200000000001,0.8078,0.6803,True,True,0.014860971238878038,0.0052657460504108005
"['x_3 + x_6 + x_1 - x_7 - x_4 == 0', 'x_6 + x_1 + x_7 + x_2 + x_4 == 1']",cardinality+flow,8,2, -5*x_0 + 4*x_0 x_1 + 3*x_0 x_3 + -3*x_0 x_4 + 4*x_0 x_5 + 3*x_0 x_6 + 2*x_0 x_7 + -1*x_1 + 2*x_1 x_2 + -5*x_1 x_3 + 1*x_1 x_4 + 2*x_1 x_5 + 2*x_1 x_6 + -4*x_1 x_7 + 4*x_2 + -1*x_2 x_3 + -3*x_2 x_4 + 3*x_2 x_5 + 2*x_2 x_6 + -3*x_3 x_4 + 1*x_3 x_5 + -4*x_3 x_6 + -2*x_3 x_7 + -3*x_4 + 1*x_4 x_6 + -3*x_4 x_7 + -3*x_5 + 2*x_5 x_6 + 1*x_5 x_7 + 3*x_6 + 4*x_6 x_7 + 4*x_7,True,1,0.0020029408401913114,0.9681404974151417,0.6987375000000001,0.9598,0.6284,True,True,3.0,0.01765848630004459,0.9792158411077915,0.4735,0.8842,0.0123,True,True,0.01765848630004459,0.0020029408401913114
"['2*x_0*x_0 + 5*x_0*x_2 + 4*x_0*x_1 + 4*x_0*x_3 + 3*x_0*x_4 + 4*x_2*x_2 + 4*x_2*x_1 + 1*x_2*x_3 + 2*x_2*x_4 + 3*x_1*x_1 + 1*x_1*x_3 + 4*x_1*x_4 + 3*x_3*x_3 + 4*x_3*x_4 + 3*x_4*x_4 <= 16', '3*x_3 + 8*x_2 + 3*x_1 <= 5']",quadratic_knapsack+knapsack,5,2, -3*x_0 + 1*x_0 x_1 + 2*x_0 x_2 + 1*x_0 x_3 + 2*x_0 x_4 + 3*x_1 + 3*x_1 x_2 + 2*x_1 x_3 + 1*x_1 x_4 + -2*x_2 + -1*x_2 x_3 + -1*x_2 x_4 + 2*x_3 + -3*x_3 x_4 + -2*x_4,True,2,0.01778512756029765,0.988030475722257,0.2718833333333332,0.9708,0.022,True,True,,,,,,,,False,0.01778512756029765,0.01778512756029765
"['x_3 + x_6 + x_2 + x_0 + x_4 <= 4', 'x_5 + x_2 + x_0 + x_6 + x_4 <= 5']",cardinality+cardinality,7,2, 3*x_0 + 4*x_0 x_1 + 1*x_0 x_2 + -5*x_0 x_3 + -5*x_0 x_4 + -4*x_1 + -4*x_1 x_2 + -3*x_1 x_3 + -4*x_1 x_4 + 1*x_1 x_6 + 3*x_2 + 3*x_2 x_3 + 1*x_2 x_4 + -1*x_2 x_5 + -4*x_3 + 2*x_3 x_4 + 1*x_3 x_5 + -5*x_3 x_6 + -5*x_4 + -3*x_4 x_5 + 4*x_4 x_6 + -4*x_5 + -3*x_5 x_6 + 4*x_6,True,1,0.008388222191068861,0.8895812401249669,0.39750526315789475,1.0,0.0018,True,True,1.0,0.017908387515279983,0.9076190104008712,0.4413052631578947,0.9679,0.0041,True,True,0.017908387515279983,0.008388222191068861
"['1*x_5*x_5 + 5*x_5*x_2 + 4*x_5*x_4 + 2*x_2*x_2 + 2*x_2*x_4 + 2*x_4*x_4 <= 8', '2*x_1*x_1 + 4*x_1*x_2 + 5*x_1*x_0 + 1*x_1*x_3 + 4*x_1*x_4 + 2*x_2*x_2 + 4*x_2*x_0 + 4*x_2*x_3 + 1*x_2*x_4 + 2*x_0*x_0 + 3*x_0*x_3 + 3*x_0*x_4 + 3*x_3*x_3 + 2*x_3*x_4 + 1*x_4*x_4 <= 19']",quadratic_knapsack+quadratic_knapsack,7,2, 4*x_0 + 2*x_0 x_1 + -5*x_0 x_3 + 2*x_0 x_4 + -3*x_0 x_5 + 1*x_0 x_6 + -3*x_1 + -4*x_1 x_2 + -1*x_1 x_3 + 1*x_1 x_4 + 3*x_1 x_5 + 2*x_1 x_6 + 4*x_2 x_3 + -1*x_2 x_4 + -3*x_2 x_5 + 4*x_2 x_6 + 2*x_3 + -2*x_3 x_4 + 4*x_3 x_5 + -2*x_3 x_6 + 3*x_4 + -1*x_4 x_6 + 2*x_5 + -2*x_5 x_6 + -1*x_6,True,1,0.018269852532280816,0.9588992646370984,0.5066111111111112,1.0,0.0359,True,True,,,,,,,,False,0.018269852532280816,0.018269852532280816
"['1*x_5 + 3*x_2 + 9*x_4 + 8*x_6 <= 10', '2*x_0 + 6*x_6 + 1*x_1 <= 3', '9*x_0 + 9*x_4 + 4*x_6 + 1*x_3 <= 9']",knapsack+knapsack+knapsack,7,3, 4*x_0 + 4*x_0 x_1 + 1*x_0 x_2 + 3*x_0 x_3 + 1*x_0 x_4 + -3*x_0 x_5 + -3*x_0 x_6 + -5*x_1 + -2*x_1 x_2 + -5*x_1 x_3 + -4*x_1 x_4 + -4*x_1 x_5 + 1*x_2 + 4*x_2 x_3 + 2*x_2 x_4 + -4*x_2 x_5 + -4*x_2 x_6 + -2*x_3 + 2*x_3 x_4 + -5*x_3 x_5 + -2*x_3 x_6 + 2*x_4 + 1*x_4 x_5 + 3*x_4 x_6 + 4*x_5 + -4*x_5 x_6 + -2*x_6,True,1,0.01850801792409685,0.9692141813037564,0.45239200000000007,0.9689,0.0034,True,True,,,,,,,,False,0.01850801792409685,0.01850801792409685
"['1*x_3*x_3 + 5*x_3*x_2 + 4*x_3*x_5 + 2*x_2*x_2 + 2*x_2*x_5 + 2*x_5*x_5 <= 8', '6*x_3 + 2*x_5 + 2*x_0 <= 3', '7*x_0 + 7*x_4 + 10*x_2 + 2*x_5 <= 10']",knapsack+knapsack+quadratic_knapsack,6,3, -5*x_0 + -1*x_0 x_1 + 3*x_0 x_2 + -5*x_0 x_3 + 1*x_0 x_4 + -5*x_0 x_5 + -1*x_1 + 2*x_1 x_2 + 1*x_1 x_3 + -4*x_1 x_4 + 2*x_1 x_5 + 3*x_2 + -4*x_2 x_4 + 2*x_2 x_5 + 3*x_3 + 2*x_3 x_4 + -1*x_3 x_5 + 4*x_4 + 2*x_5,True,1,0.019522705607944064,0.9676021743607428,0.26172307692307684,0.986,0.0066,True,True,,,,,,,,False,0.019522705607944064,0.019522705607944064
"['5*x_3*x_3 + 3*x_3*x_1 + 5*x_3*x_0 + 4*x_1*x_1 + 5*x_1*x_0 + 3*x_0*x_0 <= 14', '8*x_0 + 5*x_4 + 7*x_1 + 4*x_2 <= 11', 'x_4 + x_3 + x_2 <= 3']",knapsack+cardinality+quadratic_knapsack,5,3, 3*x_0 + 1*x_0 x_2 + 3*x_0 x_4 + -5*x_1 + -3*x_1 x_2 + 3*x_2 + 3*x_2 x_3 + -5*x_2 x_4 + -4*x_3 + 2*x_3 x_4 + -3*x_4,True,1,0.025524063640170628,0.9410309112706338,0.3633416666666671,0.9067,0.0,True,True,,,,,,,,False,0.025524063640170628,0.025524063640170628
"['2*x_4 + 6*x_3 + 1*x_1 <= 3', 'x_1 + x_4 == 2', 'x_2 + x_0 + x_4 == 2']",knapsack+cardinality+cardinality,6,3, -2*x_0 + -4*x_0 x_1 + 2*x_0 x_2 + 2*x_0 x_3 + 3*x_0 x_4 + -5*x_0 x_5 + -1*x_1 + 1*x_1 x_3 + -2*x_1 x_4 + -5*x_2 x_3 + 4*x_2 x_4 + 3*x_2 x_5 + 3*x_3 + -3*x_3 x_4 + 2*x_3 x_5 + -1*x_4 + 2*x_4 x_5 + 3*x_5,True,2,0.00566434813870324,0.9990042656385836,0.9916,0.9916,0.9916,True,True,5.0,0.03223982585801018,0.909706315939488,0.0036933333333333328,0.0051,0.0022,False,True,0.03223982585801018,0.00566434813870324
"['10*x_3 + 1*x_0 + 9*x_2 <= 7', 'x_1 + x_3 + x_2 <= 0']",knapsack+cardinality,4,2, -4*x_0 + 1*x_0 x_1 + 1*x_0 x_2 + -2*x_0 x_3 + -1*x_1 + -2*x_1 x_2 + -3*x_1 x_3 + -5*x_2 + -2*x_2 x_3 + -3*x_3,True,1,0.0022564061482747396,0.9828767019105468,0.9472000000000002,1.0,0.9472,True,True,5.0,0.036247514949904545,0.7956093735868016,0.0322,0.0932,0.0322,False,True,0.036247514949904545,0.0022564061482747396
"['3*x_3 + 8*x_2 + 3*x_1 <= 5', '4*x_4*x_4 + 5*x_4*x_3 + 2*x_4*x_2 + 5*x_4*x_0 + 4*x_3*x_3 + 3*x_3*x_2 + 5*x_3*x_0 + 3*x_2*x_2 + 2*x_2*x_0 + 3*x_0*x_0 <= 22']",quadratic_knapsack+knapsack,6,2, 4*x_0 + -1*x_0 x_1 + 3*x_0 x_2 + -1*x_0 x_3 + -4*x_0 x_4 + 1*x_0 x_5 + 3*x_1 + 1*x_1 x_2 + -3*x_1 x_3 + -5*x_1 x_4 + -2*x_1 x_5 + -2*x_2 + -4*x_2 x_3 + -3*x_2 x_4 + 2*x_2 x_5 + -5*x_3 + -2*x_3 x_4 + 4*x_4 + -5*x_5,True,5,0.03734407458040449,0.897232416745595,0.4553749999999999,0.7067,0.1195,False,True,,,,,,,,False,0.03734407458040449,0.03734407458040449
"['x_0 + x_3 + x_4 + x_1 + x_2 >= 1', 'x_1 - x_3 == 0', 'x_5 + x_3 + x_2 - x_4 - x_0 - x_1 == 0']",flow+flow+cardinality,7,3, 3*x_0 + -2*x_0 x_2 + -1*x_0 x_3 + -5*x_0 x_4 + 1*x_0 x_5 + 2*x_0 x_6 + -5*x_1 x_2 + -4*x_1 x_3 + -3*x_1 x_4 + -2*x_1 x_5 + 2*x_1 x_6 + 4*x_2 + 3*x_2 x_3 + -2*x_2 x_4 + -1*x_2 x_5 + 4*x_3 + 3*x_3 x_4 + 4*x_3 x_6 + -3*x_4 + -3*x_4 x_5 + 3*x_4 x_6 + 3*x_5 + 4*x_5 x_6 + -4*x_6,True,3,0.03527367479271359,0.9771788821480601,0.6215545454545455,0.8372,0.3169,True,True,3.0,0.03749491559134589,0.9816830891305673,0.6282,0.8006,0.3561,True,True,0.03749491559134589,0.03527367479271359
"['2*x_1 + 6*x_0 + 1*x_2 <= 3', 'x_2 + x_0 - x_3 - x_1 - x_4 == 0']",flow+knapsack,5,2, 2*x_0 + -1*x_0 x_2 + -4*x_0 x_3 + 1*x_0 x_4 + -5*x_1 + -2*x_1 x_2 + -1*x_1 x_3 + 1*x_1 x_4 + 3*x_2 + -5*x_2 x_3 + -5*x_2 x_4 + -5*x_3 x_4 + 3*x_4,True,5,0.017625022133191427,0.7807021682400955,0.16706000000000001,0.4035,0.0372,False,True,5.0,0.0378704790936576,0.8915693496836697,0.3651000000000001,0.4024,0.322,False,True,0.0378704790936576,0.017625022133191427
"['2*x_1 + 10*x_3 + 4*x_0 <= 6', 'x_1 + x_0 == 0']",cardinality+knapsack,4,2, 2*x_0 + -5*x_0 x_2 + 3*x_0 x_3 + 4*x_1 x_2 + 1*x_1 x_3 + -2*x_2 + -5*x_2 x_3 + -4*x_3,True,1,0.003064546121491326,0.9849860483499339,0.3218,1.0,0.3218,True,True,5.0,0.04251299069987403,0.8190827283677786,0.1023,0.1532,0.1023,False,True,0.04251299069987403,0.003064546121491326
"['2*x_5 + 10*x_1 + 4*x_2 <= 6', 'x_4 - x_3 - x_1 - x_0 == 0']",knapsack+flow,6,2, 4*x_0 + -1*x_0 x_1 + 3*x_0 x_2 + -1*x_0 x_3 + -4*x_0 x_4 + 1*x_0 x_5 + 3*x_1 + 1*x_1 x_2 + -3*x_1 x_3 + -5*x_1 x_4 + -2*x_1 x_5 + -2*x_2 + -4*x_2 x_3 + -3*x_2 x_4 + 2*x_2 x_5 + -5*x_3 + -2*x_3 x_4 + 4*x_4 + -5*x_5,True,1,0.002434595889515347,0.9569599989877351,0.37201052631578946,0.9423,0.0101,True,True,5.0,0.04777808348337809,0.7827979900651161,0.07600526315789473,0.212,0.0124,False,True,0.04777808348337809,0.002434595889515347
"['5*x_4 + 4*x_2 + 1*x_3 <= 6', 'x_3 + x_2 + x_1 - x_4 == 0']",knapsack+flow,5,2, 1*x_0 + 2*x_0 x_1 + -2*x_0 x_2 + 1*x_0 x_3 + 2*x_0 x_4 + -2*x_1 + -1*x_1 x_2 + -2*x_1 x_3 + 2*x_1 x_4 + -1*x_2 + -1*x_2 x_3 + -2*x_2 x_4 + -4*x_3 + 4*x_3 x_4 + 3*x_4,True,1,0.0022704305913713242,0.9612705569991642,0.6915125,0.9664,0.2505,True,True,5.0,0.050158550341924034,0.8588017548881971,0.275025,0.3727,0.0797,False,True,0.050158550341924034,0.0022704305913713242
"['1*x_4*x_4 + 4*x_4*x_3 + 1*x_4*x_1 + 2*x_4*x_0 + 5*x_3*x_3 + 4*x_3*x_1 + 3*x_3*x_0 + 5*x_1*x_1 + 4*x_1*x_0 + 2*x_0*x_0 <= 18', '2*x_2 + 5*x_0 + 2*x_1 <= 5', 'x_4 + x_3 >= 1']",quadratic_knapsack+cardinality+knapsack,5,3, 3*x_0 + -4*x_0 x_1 + -5*x_0 x_2 + -3*x_0 x_3 + 1*x_0 x_4 + -4*x_1 + 3*x_1 x_2 + -3*x_1 x_3 + -3*x_1 x_4 + -5*x_2 x_3 + 2*x_2 x_4 + -2*x_3 + -3*x_3 x_4,True,5,0.056038783921135794,0.8982981189963478,0.39461333333333337,0.7055,0.0004,False,True,,,,,,,,False,0.056038783921135794,0.056038783921135794
"['1*x_3 + 4*x_1 + 8*x_0 + 10*x_7 + 8*x_5 <= 16', '3*x_5*x_5 + 1*x_5*x_4 + 3*x_5*x_3 + 4*x_5*x_1 + 5*x_4*x_4 + 4*x_4*x_3 + 2*x_4*x_1 + 2*x_3*x_3 + 4*x_3*x_1 + 4*x_1*x_1 <= 17', 'x_3 + x_4 + x_2 + x_0 >= 0']",quadratic_knapsack+knapsack+cardinality,8,3, 3*x_0 + -3*x_0 x_1 + 1*x_0 x_2 + 4*x_0 x_3 + 4*x_0 x_4 + 4*x_0 x_5 + -5*x_0 x_6 + -1*x_0 x_7 + -2*x_1 + -2*x_1 x_2 + 3*x_1 x_3 + -3*x_1 x_4 + -5*x_1 x_5 + -1*x_1 x_6 + 1*x_1 x_7 + -5*x_2 + 1*x_2 x_4 + -4*x_2 x_5 + -5*x_2 x_6 + 1*x_2 x_7 + 2*x_3 + 3*x_3 x_4 + 2*x_3 x_5 + -4*x_3 x_6 + -3*x_3 x_7 + -4*x_4 + -2*x_4 x_5 + -2*x_4 x_6 + -4*x_4 x_7 + -1*x_5 + 1*x_5 x_6 + -5*x_6 + -5*x_6 x_7 + 3*x_7,True,1,0.06659653034475115,0.9407393429701992,0.6480681818181822,0.9942,0.001,True,True,,,,,,,,False,0.06659653034475115,0.06659653034475115
"['x_2 + x_6 <= 0', 'x_6 + x_4 + x_7 + x_0 + x_5 <= 1', 'x_7 + x_1 + x_4 + x_5 + x_0 >= 1']",cardinality+cardinality+cardinality,8,3, 4*x_0 + 4*x_0 x_1 + -3*x_0 x_2 + -3*x_0 x_3 + -1*x_0 x_4 + 2*x_0 x_5 + 1*x_0 x_6 + -2*x_0 x_7 + -4*x_1 + -4*x_1 x_2 + 4*x_1 x_3 + 4*x_1 x_4 + -2*x_1 x_5 + 3*x_1 x_6 + -5*x_1 x_7 + -3*x_2 + 4*x_2 x_3 + -1*x_2 x_4 + 4*x_2 x_5 + -1*x_2 x_7 + -2*x_3 + 3*x_3 x_4 + 4*x_3 x_5 + 4*x_3 x_6 + -1*x_4 + 4*x_4 x_5 + -1*x_4 x_6 + 4*x_4 x_7 + -3*x_5 + 4*x_5 x_6 + 3*x_5 x_7 + -5*x_6 + 4*x_6 x_7 + 4*x_7,True,2,0.009256505502594842,0.9767170915916672,0.34709230769230776,0.8228,0.1314,True,True,3.0,0.06917270918687185,0.9778713825537708,0.33883846153846153,0.787,0.0132,True,True,0.06917270918687185,0.009256505502594842
"['8*x_2 + 10*x_3 + 1*x_1 + 2*x_0 <= 12', 'x_3 + x_2 + x_0 - x_1 == 0']",knapsack+flow,4,2, 2*x_0 + -5*x_0 x_2 + 3*x_0 x_3 + 4*x_1 x_2 + 1*x_1 x_3 + -2*x_2 + -5*x_2 x_3 + -4*x_3,True,1,0.0029609785477320355,0.9377844924591006,0.355,1.0,0.2542,True,True,5.0,0.07036857704321543,0.837880148851533,0.09917999999999999,0.3277,0.0751,False,True,0.07036857704321543,0.0029609785477320355
"['x_1 + x_3 + x_4 + x_2 == 4', 'x_4 + x_1 + x_2 + x_0 >= 1']",cardinality+cardinality,5,2, -2*x_0 + -3*x_0 x_1 + -2*x_0 x_2 + -3*x_0 x_3 + -1*x_0 x_4 + -5*x_1 + 2*x_1 x_2 + -1*x_1 x_3 + -4*x_1 x_4 + -2*x_2 + -4*x_2 x_3 + -1*x_2 x_4 + -5*x_3 + -5*x_3 x_4,True,1,0.0033474713563919067,0.9859475934927757,0.8379000000000002,1.0,0.8379,True,True,5.0,0.07139400912655725,0.9708203968743379,0.01669999999999952,0.7446,0.0167,False,True,0.07139400912655725,0.0033474713563919067
"['2*x_2 + 7*x_3 + 7*x_1 <= 7', 'x_2 + x_0 + x_1 + x_3 <= 3']",knapsack+cardinality,4,2, -3*x_0 x_1 + 2*x_0 x_2 + 1*x_1 + -2*x_1 x_2 + -5*x_1 x_3 + -3*x_2 x_3 + 4*x_3,True,5,0.02702223473125034,0.9056201538805144,0.2581166666666667,0.5431,0.0626,False,True,5.0,0.07201526747809515,0.8391090445013547,0.24641666666666667,0.5081,0.08,False,True,0.07201526747809515,0.02702223473125034
"['x_3 + x_4 + x_2 == 2', 'x_6 + x_2 + x_4 + x_3 + x_0 >= 1']",cardinality+cardinality,7,2, 4*x_0 + 4*x_0 x_1 + 1*x_0 x_2 + 3*x_0 x_3 + 1*x_0 x_4 + -3*x_0 x_5 + -3*x_0 x_6 + -5*x_1 + -2*x_1 x_2 + -5*x_1 x_3 + -4*x_1 x_4 + -4*x_1 x_5 + 1*x_2 + 4*x_2 x_3 + 2*x_2 x_4 + -4*x_2 x_5 + -4*x_2 x_6 + -2*x_3 + 2*x_3 x_4 + -5*x_3 x_5 + -2*x_3 x_6 + 2*x_4 + 1*x_4 x_5 + 3*x_4 x_6 + 4*x_5 + -4*x_5 x_6 + -2*x_6,True,1,0.0068321104182137386,0.9490175320472612,0.48430975609756105,1.0,0.0108,True,True,4.0,0.07217403888702392,0.9814118654078727,0.5155414634146341,0.7978,0.0006,True,True,0.07217403888702392,0.0068321104182137386
"['10*x_1 + 8*x_0 + 10*x_3 <= 9', 'x_3 + x_0 <= 2']",cardinality+knapsack,4,2, 2*x_0 + -4*x_0 x_1 + 4*x_0 x_2 + -4*x_0 x_3 + 2*x_1 x_2 + 2*x_2,True,5,0.04265455457899305,0.9011446976284345,0.42317499999999997,0.5466,0.1375,False,True,5.0,0.0737198672691981,0.8017031098519637,0.12092500000000003,0.211,0.0403,False,True,0.0737198672691981,0.04265455457899305
"['1*x_6 + 6*x_5 + 9*x_3 + 8*x_2 + 9*x_0 <= 18', '3*x_2 + 8*x_6 + 3*x_5 <= 5', '7*x_4 + 7*x_3 + 10*x_5 + 2*x_0 <= 10']",knapsack+knapsack+knapsack,7,3, 3*x_0 x_2 + 3*x_0 x_3 + 3*x_0 x_4 + -1*x_0 x_5 + 4*x_0 x_6 + -2*x_1 + -2*x_1 x_3 + 2*x_1 x_4 + -5*x_1 x_5 + 3*x_1 x_6 + 1*x_2 + -3*x_2 x_3 + -5*x_2 x_4 + 2*x_2 x_5 + 1*x_2 x_6 + 4*x_3 + -1*x_3 x_5 + -2*x_3 x_6 + -4*x_4 + 3*x_4 x_5 + -1*x_4 x_6 + -4*x_5 + 2*x_5 x_6 + -1*x_6,True,1,0.07791947404543559,0.9472964561112559,0.5982222222222223,0.8777,0.2647,True,True,,,,,,,,False,0.07791947404543559,0.07791947404543559
"['7*x_1 + 10*x_2 + 9*x_4 <= 8', 'x_4 + x_0 + x_1 + x_3 + x_2 == 0']",knapsack+cardinality,5,2, -3*x_0 + -1*x_0 x_2 + -5*x_0 x_3 + 2*x_0 x_4 + 1*x_1 + -4*x_1 x_2 + -3*x_1 x_3 + -3*x_1 x_4 + -2*x_2 + -2*x_2 x_3 + 1*x_2 x_4 + 1*x_3 + -2*x_3 x_4 + -2*x_4,True,1,0.0033224746916029188,0.9826774095616452,,1.0,1.0,True,True,5.0,0.08133104993237389,0.7940692990042609,,0.0522,0.0522,False,True,0.08133104993237389,0.0033224746916029188
"['x_4 + x_3 + x_1 + x_7 + x_6 <= 2', 'x_5 + x_7 >= 0', 'x_6 + x_3 + x_1 == 1']",cardinality+assignment+cardinality,8,3, 4*x_0 + 1*x_0 x_1 + -3*x_0 x_2 + -4*x_0 x_3 + -5*x_0 x_4 + -2*x_0 x_5 + -1*x_0 x_6 + 2*x_0 x_7 + -4*x_1 + 1*x_1 x_2 + 3*x_1 x_3 + 3*x_1 x_4 + -1*x_1 x_5 + -1*x_1 x_6 + -1*x_1 x_7 + -5*x_2 + 4*x_2 x_3 + -3*x_2 x_4 + 4*x_2 x_5 + -2*x_2 x_6 + -3*x_2 x_7 + -5*x_3 + -5*x_3 x_4 + -5*x_3 x_5 + -1*x_3 x_6 + -2*x_3 x_7 + -1*x_4 + -2*x_4 x_5 + 1*x_4 x_6 + -5*x_4 x_7 + -4*x_5 + -5*x_5 x_6 + 3*x_5 x_7 + 4*x_6 + -1*x_6 x_7 + 4*x_7,True,1,0.004467888010872735,0.9819082645464559,0.35597272727272733,0.9985,0.0,True,True,4.0,0.08608298381169636,0.97621909942641,0.45894545454545455,0.7912,0.0721,True,True,0.08608298381169636,0.004467888010872735
"['x_1 + x_4 + x_0 + x_2 <= 2', 'x_4 + x_1 <= 1', 'x_7 + x_4 + x_5 + x_3 >= 4']",cardinality+cardinality+cardinality,8,3, 1*x_0 + -5*x_0 x_1 + -1*x_0 x_2 + 4*x_0 x_3 + -2*x_0 x_4 + 2*x_0 x_5 + -1*x_0 x_6 + 1*x_1 x_2 + -5*x_1 x_3 + -1*x_1 x_4 + 2*x_1 x_5 + 3*x_1 x_6 + -4*x_1 x_7 + -4*x_2 + -5*x_2 x_3 + -5*x_2 x_4 + -3*x_2 x_5 + 3*x_2 x_7 + -5*x_3 + -2*x_3 x_4 + -1*x_3 x_5 + -2*x_3 x_6 + -4*x_3 x_7 + -2*x_4 + 3*x_4 x_5 + -4*x_4 x_6 + 4*x_4 x_7 + -5*x_5 + -3*x_5 x_7 + -5*x_6 + -1*x_6 x_7,True,3,0.02537667711575826,0.9755555801331834,0.4521806451612904,0.8136,0.0142,True,True,5.0,0.09339105175601112,0.920085884461849,0.13068387096774195,0.272,0.0175,False,True,0.09339105175601112,0.02537667711575826
"['4*x_3 + 2*x_0 + 10*x_2 + 8*x_1 <= 13', 'x_0 + x_2 + x_3 == 0', 'x_1 + x_0 - x_3 == 0']",cardinality+flow+knapsack,4,3, 1*x_0 + -4*x_0 x_1 + 3*x_0 x_2 + 1*x_0 x_3 + -3*x_1 x_2 + -5*x_1 x_3 + -3*x_2 + -5*x_2 x_3 + -3*x_3,True,1,0.004189492066701253,0.969562314336168,,0.8696,0.8696,True,True,5.0,0.09538057764371236,0.8414475220072288,,0.0587,0.0587,False,True,0.09538057764371236,0.004189492066701253
"['2*x_1 + 5*x_5 + 2*x_6 <= 5', 'x_1 + x_2 + x_0 - x_5 - x_6 - x_4 == 0', 'x_5 + x_2 == 0']",knapsack+cardinality+flow,7,3, 3*x_0 x_2 + 3*x_0 x_3 + 3*x_0 x_4 + -1*x_0 x_5 + 4*x_0 x_6 + -2*x_1 + -2*x_1 x_3 + 2*x_1 x_4 + -5*x_1 x_5 + 3*x_1 x_6 + 1*x_2 + -3*x_2 x_3 + -5*x_2 x_4 + 2*x_2 x_5 + 1*x_2 x_6 + 4*x_3 + -1*x_3 x_5 + -2*x_3 x_6 + -4*x_4 + 3*x_4 x_5 + -1*x_4 x_6 + -4*x_5 + 2*x_5 x_6 + -1*x_6,True,2,0.012937300205230713,0.9613913573681043,0.8503333333333333,0.8683,0.8086,True,True,5.0,0.09916659441259172,0.8596043971972448,0.2561333333333334,0.3385,0.1433,False,True,0.09916659441259172,0.012937300205230713
"['x_0 + x_1 + x_4 + x_2 >= 1', 'x_0 + x_3 + x_4 == 2', 'x_6 + x_0 + x_4 + x_3 + x_1 == 4']",cardinality+cardinality+cardinality,7,3, 4*x_0 + 4*x_0 x_1 + 1*x_0 x_2 + 3*x_0 x_3 + 1*x_0 x_4 + -3*x_0 x_5 + -3*x_0 x_6 + -5*x_1 + -2*x_1 x_2 + -5*x_1 x_3 + -4*x_1 x_4 + -4*x_1 x_5 + 1*x_2 + 4*x_2 x_3 + 2*x_2 x_4 + -4*x_2 x_5 + -4*x_2 x_6 + -2*x_3 + 2*x_3 x_4 + -5*x_3 x_5 + -2*x_3 x_6 + 2*x_4 + 1*x_4 x_5 + 3*x_4 x_6 + 4*x_5 + -4*x_5 x_6 + -2*x_6,True,1,0.004223100807931688,0.975814216664949,0.3900624999999999,0.9092,0.0091,True,True,5.0,0.09983353250556522,0.9726192653155838,0.437425,0.6157,0.2003,False,True,0.09983353250556522,0.004223100807931688
"['4*x_4 + 2*x_3 + 10*x_1 + 8*x_0 <= 13', 'x_2 + x_4 + x_1 + x_3 + x_0 == 2']",cardinality+knapsack,5,2, 1*x_0 + 1*x_0 x_1 + -5*x_0 x_2 + -3*x_0 x_4 + -4*x_1 + 2*x_1 x_2 + 3*x_1 x_3 + -3*x_1 x_4 + 1*x_2 + 2*x_2 x_3 + 1*x_2 x_4 + -4*x_3 + -3*x_3 x_4 + -5*x_4,True,1,0.004081939789983962,0.9222081852137182,0.24879090909090915,0.8599,0.0875,True,True,5.0,0.10044610599676768,0.8493175351666821,0.07043636363636363,0.2337,0.0288,False,True,0.10044610599676768,0.004081939789983962
"['x_2 + x_1 + x_4 + x_0 + x_3 == 3', 'x_2 + x_3 + x_4 + x_0 + x_1 <= 4']",cardinality+cardinality,5,2, -3*x_0 + -1*x_0 x_2 + -5*x_0 x_3 + 2*x_0 x_4 + 1*x_1 + -4*x_1 x_2 + -3*x_1 x_3 + -3*x_1 x_4 + -2*x_2 + -2*x_2 x_3 + 1*x_2 x_4 + 1*x_3 + -2*x_3 x_4 + -2*x_4,True,1,0.0034828664196862114,0.918923075546639,0.4344285714285715,1.0,0.0331,True,True,5.0,0.10071116877926721,0.8356717006788139,0.14458571428571432,0.32,0.0344,False,True,0.10071116877926721,0.0034828664196862114
"['x_4 + x_1 + x_0 + x_5 + x_2 == 3', 'x_4 + x_3 + x_5 <= 3', 'x_5 + x_3 + x_7 <= 0']",cardinality+cardinality+cardinality,8,3, 2*x_0 + -5*x_0 x_1 + 2*x_0 x_2 + 3*x_0 x_3 + -4*x_0 x_4 + -1*x_0 x_5 + -3*x_0 x_6 + -2*x_0 x_7 + 2*x_1 + -5*x_1 x_2 + 3*x_1 x_3 + -2*x_1 x_4 + 4*x_1 x_5 + -5*x_1 x_6 + 1*x_1 x_7 + -5*x_2 + 4*x_2 x_3 + 4*x_2 x_4 + -1*x_2 x_5 + -5*x_2 x_7 + -1*x_3 + 1*x_3 x_4 + 1*x_3 x_5 + 4*x_3 x_6 + 3*x_3 x_7 + -1*x_4 + -5*x_4 x_5 + -2*x_4 x_6 + -2*x_4 x_7 + -3*x_5 + -4*x_5 x_7 + 4*x_6 + 3*x_6 x_7 + -1*x_7,True,1,0.004797116120656331,0.9525563751119348,0.4972416666666667,0.8158,0.1612,True,True,5.0,0.10554458022117615,0.9384684963327934,0.12090833333333334,0.4287,0.0003,False,True,0.10554458022117615,0.004797116120656331
"['10*x_1 + 8*x_2 + 2*x_0 + 1*x_3 + 4*x_4 <= 10', 'x_4 + x_3 == 1']",knapsack+assignment,5,2, -3*x_0 + 1*x_0 x_1 + 2*x_0 x_2 + 1*x_0 x_3 + 2*x_0 x_4 + 3*x_1 + 3*x_1 x_2 + 2*x_1 x_3 + 1*x_1 x_4 + -2*x_2 + -1*x_2 x_3 + -1*x_2 x_4 + 2*x_3 + -3*x_3 x_4 + -2*x_4,True,1,0.004296898974312676,0.9709975903529009,0.39168,0.9826,0.0002,True,True,5.0,0.1079389794005288,0.8241719471909338,0.10569999999999999,0.178,0.0377,False,True,0.1079389794005288,0.004296898974312676
"['x_1 + x_2 == 2', 'x_2 + x_6 + x_3 + x_0 + x_4 <= 5', 'x_6 - x_2 == 0']",flow+cardinality+cardinality,7,3, -1*x_0 + 4*x_0 x_1 + 1*x_0 x_2 + -2*x_0 x_3 + 3*x_0 x_4 + -1*x_0 x_5 + 4*x_0 x_6 + 2*x_1 + 2*x_1 x_2 + -1*x_1 x_3 + -2*x_1 x_4 + -1*x_1 x_5 + 3*x_1 x_6 + -1*x_2 + -5*x_2 x_3 + -2*x_2 x_4 + 2*x_2 x_5 + -1*x_2 x_6 + 2*x_3 + -1*x_3 x_5 + -3*x_4 + 3*x_4 x_5 + -2*x_4 x_6 + -1*x_5 x_6 + -5*x_6,True,5,0.1191143786907196,0.9025360673124347,0.26461428571428575,0.503,0.0703,False,True,5.0,0.1255608531501558,0.9650498547629901,0.3120238095238095,0.4141,0.1138,False,True,0.1255608531501558,0.1191143786907196
"['x_1 + x_4 - x_2 - x_0 == 0', 'x_2 + x_3 + x_5 + x_0 >= 3', 'x_5 + x_2 + x_0 + x_3 + x_4 >= 0']",cardinality+cardinality+flow,6,3, 4*x_0 + -1*x_0 x_1 + 3*x_0 x_2 + -1*x_0 x_3 + -4*x_0 x_4 + 1*x_0 x_5 + 3*x_1 + 1*x_1 x_2 + -3*x_1 x_3 + -5*x_1 x_4 + -2*x_1 x_5 + -2*x_2 + -4*x_2 x_3 + -3*x_2 x_4 + 2*x_2 x_5 + -5*x_3 + -2*x_3 x_4 + 4*x_4 + -5*x_5,True,1,0.004405336048867967,0.9724319921615475,0.5983333333333333,0.7954,0.1603,True,True,5.0,0.12716984152793884,0.9371071472551011,0.15142000000000005,0.2697,0.0881,False,True,0.12716984152793884,0.004405336048867967
"['2*x_1 + 10*x_0 + 4*x_5 <= 6', 'x_0 + x_1 + x_4 + x_2 + x_5 == 4', 'x_3 + x_5 + x_2 + x_1 >= 3']",cardinality+knapsack+cardinality,6,3, 2*x_0 + -5*x_0 x_1 + 2*x_0 x_2 + -4*x_0 x_3 + -2*x_0 x_4 + 4*x_0 x_5 + -4*x_1 + -5*x_1 x_2 + -5*x_1 x_3 + -5*x_1 x_4 + -5*x_1 x_5 + 1*x_2 + 4*x_2 x_3 + -1*x_2 x_4 + -1*x_2 x_5 + -5*x_3 + -5*x_3 x_5 + -1*x_4 + 1*x_4 x_5 + -1*x_5,True,5,0.07486873818768396,0.7045805168047141,0.3665999999999999,0.3919,0.3666,False,True,5.0,0.13625372363461388,0.7689028037695936,0.020200000000000003,0.0334,0.0202,False,True,0.13625372363461388,0.07486873818768396
"['x_2 + x_4 + x_6 + x_5 >= 0', 'x_4 + x_2 + x_1 + x_5 == 3', 'x_6 + x_2 + x_1 - x_3 - x_4 - x_5 == 0']",cardinality+flow+cardinality,7,3, -4*x_0 + -1*x_0 x_1 + 4*x_0 x_2 + 2*x_0 x_3 + -5*x_0 x_4 + 2*x_0 x_5 + -5*x_0 x_6 + 3*x_1 + 3*x_1 x_2 + 4*x_1 x_4 + 3*x_1 x_5 + -2*x_1 x_6 + -5*x_2 + 2*x_2 x_3 + -5*x_2 x_4 + 1*x_2 x_5 + 3*x_2 x_6 + -5*x_3 + -4*x_3 x_4 + 4*x_3 x_5 + 1*x_3 x_6 + -4*x_4 + -5*x_4 x_5 + -5*x_4 x_6 + -3*x_5 x_6 + 3*x_6,True,3,0.02927830027209388,0.9900170410914335,0.7693756756756757,0.8942,0.4484,True,True,5.0,0.1475489894549052,0.9766446710302494,0.43008378378378376,0.4335,0.4256,False,True,0.1475489894549052,0.02927830027209388
"['2*x_5 + 6*x_2 + 1*x_4 <= 3', '8*x_3 + 10*x_5 + 1*x_4 + 2*x_0 <= 12']",knapsack+knapsack,6,2, -4*x_0 + 2*x_0 x_1 + -4*x_0 x_2 + 1*x_0 x_3 + -4*x_0 x_4 + 1*x_1 + 4*x_1 x_2 + -3*x_1 x_3 + -1*x_1 x_5 + 2*x_2 + 4*x_2 x_3 + -1*x_2 x_4 + 3*x_3 + 4*x_3 x_4 + -4*x_3 x_5 + -1*x_4 + 3*x_4 x_5 + -1*x_5,True,1,0.0040960048304663765,0.9082015155554436,0.52384,0.7858,0.1121,True,True,5.0,0.1475844254096349,0.8276015242001067,0.16433999999999999,0.3611,0.0141,False,True,0.1475844254096349,0.0040960048304663765
"['4*x_5 + 2*x_3 + 10*x_7 + 8*x_1 <= 13', 'x_1 + x_4 + x_5 + x_2 <= 4', 'x_6 + x_5 + x_4 >= 3']",cardinality+knapsack+cardinality,8,3, 2*x_0 + 3*x_0 x_1 + -2*x_0 x_3 + -1*x_0 x_4 + 3*x_0 x_5 + 4*x_0 x_6 + -5*x_0 x_7 + 4*x_1 + 2*x_1 x_2 + -4*x_1 x_3 + -2*x_1 x_4 + -4*x_1 x_5 + -3*x_1 x_6 + -2*x_1 x_7 + -4*x_2 x_3 + 2*x_2 x_4 + 3*x_2 x_5 + 1*x_2 x_6 + -4*x_2 x_7 + 1*x_3 + -1*x_3 x_4 + 3*x_3 x_5 + -1*x_3 x_6 + -5*x_4 + -4*x_4 x_5 + -5*x_4 x_6 + -3*x_4 x_7 + 3*x_5 + 4*x_5 x_6 + -3*x_5 x_7 + -3*x_7,True,5,0.14774344159497155,0.946966275975789,0.14401052631578945,0.2704,0.0199,False,True,,,,,,,,False,0.14774344159497155,0.14774344159497155
"['9*x_2 + 9*x_0 + 4*x_3 + 1*x_1 <= 9', 'x_2 + x_1 + x_3 + x_4 >= 2']",knapsack+cardinality,5,2, -2*x_0 + -3*x_0 x_1 + -2*x_0 x_2 + -3*x_0 x_3 + -1*x_0 x_4 + -5*x_1 + 2*x_1 x_2 + -1*x_1 x_3 + -4*x_1 x_4 + -2*x_2 + -4*x_2 x_3 + -1*x_2 x_4 + -5*x_3 + -5*x_3 x_4,True,1,0.0033850371837615967,0.9666542190970807,0.48999999999999994,0.9321,0.0993,True,True,5.0,0.15544953617784713,0.8054076431738058,0.06598235294117648,0.158,0.0267,False,True,0.15544953617784713,0.0033850371837615967
"['1*x_3 + 10*x_2 + 3*x_0 + 5*x_4 + 1*x_5 <= 12', 'x_0 + x_3 >= 1', 'x_1 + x_5 == 1']",cardinality+knapsack+cardinality,6,3, 1*x_0 x_1 + -3*x_0 x_3 + -3*x_0 x_4 + 4*x_0 x_5 + 4*x_1 + 3*x_1 x_5 + 1*x_2 + 3*x_2 x_3 + -4*x_2 x_4 + 1*x_2 x_5 + -1*x_3 + 2*x_3 x_4 + 1*x_3 x_5 + -4*x_4 + -5*x_5,True,1,0.0051838858922322595,0.949341489889607,0.47766875,1.0,0.0112,True,True,5.0,0.15558099740081363,0.844249259101516,0.11156249999999997,0.2113,0.0141,False,True,0.15558099740081363,0.0051838858922322595
"['9*x_2 + 9*x_3 + 4*x_4 + 1*x_1 <= 9', 'x_1 + x_4 <= 2', 'x_2 + x_4 <= 1']",knapsack+cardinality+cardinality,5,3, -3*x_0 + -1*x_0 x_2 + -5*x_0 x_3 + 2*x_0 x_4 + 1*x_1 + -4*x_1 x_2 + -3*x_1 x_3 + -3*x_1 x_4 + -2*x_2 + -2*x_2 x_3 + 1*x_2 x_4 + 1*x_3 + -2*x_3 x_4 + -2*x_4,True,1,0.004172548784150017,0.966638006597453,0.5185625,1.0,0.0,True,True,5.0,0.15582959751288097,0.8134769578759614,0.18962500000000002,0.3988,0.0252,False,True,0.15582959751288097,0.004172548784150017
"['9*x_0 + 2*x_5 + 1*x_2 + 9*x_6 + 6*x_4 <= 13', 'x_6 + x_5 + x_1 == 0']",cardinality+knapsack,7,2, -5*x_0 + 1*x_0 x_1 + 4*x_0 x_2 + -2*x_0 x_3 + -2*x_0 x_4 + 4*x_0 x_6 + -3*x_1 + -4*x_1 x_2 + -2*x_1 x_3 + 3*x_1 x_4 + 4*x_1 x_5 + 4*x_1 x_6 + 1*x_2 + -5*x_2 x_3 + -5*x_2 x_4 + -3*x_2 x_5 + 3*x_2 x_6 + -3*x_3 + 1*x_3 x_4 + -5*x_3 x_6 + -4*x_4 + 1*x_4 x_5 + -3*x_4 x_6 + 3*x_5 + -1*x_5 x_6 + 1*x_6,True,1,0.0055872024430169,0.979161962589324,0.43931875000000004,1.0,0.0033,True,True,5.0,0.159468904071384,0.8412453932457333,0.037368750000000006,0.0964,0.0092,False,True,0.159468904071384,0.0055872024430169
"['4*x_1 + 6*x_6 + 2*x_2 + 10*x_3 <= 7', 'x_5 + x_6 + x_0 + x_2 + x_4 == 3', 'x_7 + x_2 - x_0 - x_1 - x_6 == 0']",flow+cardinality+knapsack,8,3, 4*x_0 + 4*x_0 x_1 + -3*x_0 x_2 + -3*x_0 x_3 + -1*x_0 x_4 + 2*x_0 x_5 + 1*x_0 x_6 + -2*x_0 x_7 + -4*x_1 + -4*x_1 x_2 + 4*x_1 x_3 + 4*x_1 x_4 + -2*x_1 x_5 + 3*x_1 x_6 + -5*x_1 x_7 + -3*x_2 + 4*x_2 x_3 + -1*x_2 x_4 + 4*x_2 x_5 + -1*x_2 x_7 + -2*x_3 + 3*x_3 x_4 + 4*x_3 x_5 + 4*x_3 x_6 + -1*x_4 + 4*x_4 x_5 + -1*x_4 x_6 + 4*x_4 x_7 + -3*x_5 + 4*x_5 x_6 + 3*x_5 x_7 + -5*x_6 + 4*x_6 x_7 + 4*x_7,True,5,0.0959883611732059,0.957385052916663,0.14853999999999998,0.2661,0.0917,False,True,5.0,0.16742133253150515,0.7934363222420507,0.017429999999999998,0.0278,0.0054,False,True,0.16742133253150515,0.0959883611732059
"['2*x_2 + 7*x_3 + 7*x_1 <= 7', '5*x_2 + 4*x_5 + 1*x_1 <= 6', 'x_3 + x_2 + x_1 + x_5 + x_4 <= 0']",knapsack+cardinality+knapsack,6,3, -4*x_0 + 2*x_0 x_1 + -4*x_0 x_2 + 1*x_0 x_3 + -4*x_0 x_4 + 1*x_1 + 4*x_1 x_2 + -3*x_1 x_3 + -1*x_1 x_5 + 2*x_2 + 4*x_2 x_3 + -1*x_2 x_4 + 3*x_3 + 4*x_3 x_4 + -4*x_3 x_5 + -1*x_4 + 3*x_4 x_5 + -1*x_5,True,1,0.00699395842022366,0.9630175304948432,0.9793999999999998,1.0,0.9794,True,True,5.0,0.16762187090184955,0.8547448543894498,0.0158,0.0503,0.0158,False,True,0.16762187090184955,0.00699395842022366
"['x_0 + x_5 <= 1', 'x_4 + x_6 + x_5 + x_3 + x_1 <= 5', 'x_6 + x_0 >= 1']",cardinality+cardinality+cardinality,7,3, 4*x_0 + 4*x_0 x_1 + 1*x_0 x_2 + 3*x_0 x_3 + 1*x_0 x_4 + -3*x_0 x_5 + -3*x_0 x_6 + -5*x_1 + -2*x_1 x_2 + -5*x_1 x_3 + -4*x_1 x_4 + -4*x_1 x_5 + 1*x_2 + 4*x_2 x_3 + 2*x_2 x_4 + -4*x_2 x_5 + -4*x_2 x_6 + -2*x_3 + 2*x_3 x_4 + -5*x_3 x_5 + -2*x_3 x_6 + 2*x_4 + 1*x_4 x_5 + 3*x_4 x_6 + 4*x_5 + -4*x_5 x_6 + -2*x_6,True,1,0.006818478504816691,0.9565906008487077,0.46378958333333337,1.0,0.0002,True,True,5.0,0.16838979721069336,0.942139522888979,0.26533541666666655,0.605,0.016,False,True,0.16838979721069336,0.006818478504816691
"['8*x_1 + 10*x_0 + 1*x_4 + 2*x_3 <= 12', 'x_1 + x_3 + x_2 + x_4 + x_0 >= 4']",knapsack+cardinality,5,2, -3*x_0 + 1*x_0 x_1 + 2*x_0 x_2 + 1*x_0 x_3 + 2*x_0 x_4 + 3*x_1 + 3*x_1 x_2 + 2*x_1 x_3 + 1*x_1 x_4 + -2*x_2 + -1*x_2 x_3 + -1*x_2 x_4 + 2*x_3 + -3*x_3 x_4 + -2*x_4,True,4,0.021744385692808364,0.9807622647703218,,0.8493,0.8493,True,True,5.0,0.16868212229675716,0.8297579174679672,,0.0343,0.0343,False,True,0.16868212229675716,0.021744385692808364
"['x_2 + x_3 + x_6 <= 1', 'x_5 + x_7 + x_6 == 3', 'x_6 + x_4 + x_5 + x_1 <= 4']",cardinality+cardinality+cardinality,8,3, 4*x_0 + 4*x_0 x_1 + -3*x_0 x_2 + -3*x_0 x_3 + -1*x_0 x_4 + 2*x_0 x_5 + 1*x_0 x_6 + -2*x_0 x_7 + -4*x_1 + -4*x_1 x_2 + 4*x_1 x_3 + 4*x_1 x_4 + -2*x_1 x_5 + 3*x_1 x_6 + -5*x_1 x_7 + -3*x_2 + 4*x_2 x_3 + -1*x_2 x_4 + 4*x_2 x_5 + -1*x_2 x_7 + -2*x_3 + 3*x_3 x_4 + 4*x_3 x_5 + 4*x_3 x_6 + -1*x_4 + 4*x_4 x_5 + -1*x_4 x_6 + 4*x_4 x_7 + -3*x_5 + 4*x_5 x_6 + 3*x_5 x_7 + -5*x_6 + 4*x_6 x_7 + 4*x_7,True,5,0.09705015732182397,0.953199953423428,0.2343333333333333,0.4218,0.0,False,True,5.0,0.16999660266770256,0.9226689106080843,0.04394444444444445,0.0945,0.0122,False,True,0.16999660266770256,0.09705015732182397
"['9*x_0 + 2*x_2 + 1*x_4 + 9*x_1 + 6*x_3 <= 13', 'x_4 + x_3 + x_0 <= 3']",cardinality+knapsack,5,2, 3*x_0 + 1*x_0 x_2 + 3*x_0 x_4 + -5*x_1 + -3*x_1 x_2 + 3*x_2 + 3*x_2 x_3 + -5*x_2 x_4 + -4*x_3 + 2*x_3 x_4 + -3*x_4,True,1,0.00535788807604048,0.9335865306372824,0.269,0.8021,0.0002,True,True,5.0,0.17025839447975158,0.8442099442637075,0.23703,0.5106,0.0363,False,True,0.17025839447975158,0.00535788807604048
"['x_3 + x_4 + x_1 == 1', 'x_5 + x_1 + x_2 + x_0 + x_4 <= 5', 'x_6 + x_5 + x_0 - x_4 - x_1 - x_2 == 0']",cardinality+cardinality+flow,7,3, -4*x_0 + 4*x_0 x_1 + -2*x_0 x_2 + -2*x_0 x_3 + 4*x_0 x_4 + -5*x_0 x_5 + -1*x_0 x_6 + -3*x_1 x_2 + 4*x_1 x_3 + 2*x_1 x_4 + 1*x_1 x_5 + -5*x_1 x_6 + -5*x_2 + -4*x_2 x_3 + 1*x_2 x_4 + -3*x_2 x_5 + 2*x_2 x_6 + -3*x_3 + 3*x_3 x_4 + 4*x_4 + -2*x_4 x_5 + 1*x_4 x_6 + -4*x_5 + -4*x_5 x_6 + -5*x_6,True,5,0.16039995637204912,0.87531113998377,0.19105333333333335,0.4577,0.0117,False,True,5.0,0.19436873038609823,0.8301635683156076,0.07426333333333332,0.1258,0.0188,False,True,0.19436873038609823,0.16039995637204912
"['1*x_3 + 10*x_5 + 3*x_1 + 5*x_2 + 1*x_7 <= 12', 'x_1 + x_0 + x_3 + x_4 + x_6 >= 5']",cardinality+knapsack,8,2, 2*x_0 + 3*x_0 x_1 + -2*x_0 x_3 + -1*x_0 x_4 + 3*x_0 x_5 + 4*x_0 x_6 + -5*x_0 x_7 + 4*x_1 + 2*x_1 x_2 + -4*x_1 x_3 + -2*x_1 x_4 + -4*x_1 x_5 + -3*x_1 x_6 + -2*x_1 x_7 + -4*x_2 x_3 + 2*x_2 x_4 + 3*x_2 x_5 + 1*x_2 x_6 + -4*x_2 x_7 + 1*x_3 + -1*x_3 x_4 + 3*x_3 x_5 + -1*x_3 x_6 + -5*x_4 + -4*x_4 x_5 + -5*x_4 x_6 + -3*x_4 x_7 + 3*x_5 + 4*x_5 x_6 + -3*x_5 x_7 + -3*x_7,True,1,0.006354115274217394,0.9549734567567667,0.2521764705882352,0.9922,0.0177,True,True,5.0,0.20056028823057812,0.8313623578946582,0.005735294117647059,0.0133,0.0022,False,True,0.20056028823057812,0.006354115274217394
"['1*x_2*x_2 + 2*x_2*x_0 + 1*x_2*x_1 + 1*x_0*x_0 + 5*x_0*x_1 + 1*x_1*x_1 <= 6', 'x_0 + x_2 >= 2']",quadratic_knapsack+cardinality,3,2, -4*x_0 + 3*x_0 x_1 + 2*x_0 x_2 + -4*x_1 + 1*x_1 x_2 + 3*x_2,True,2,0.0011886464887195163,0.9633219979604833,,0.8406,0.8406,True,True,5.0,0.20086703850163354,0.9819776971537425,,0.0456,0.0456,False,True,0.20086703850163354,0.0011886464887195163
"['1*x_7 + 10*x_3 + 3*x_0 + 5*x_5 + 1*x_1 <= 12', '6*x_5 + 2*x_0 + 2*x_2 <= 3', 'x_3 + x_0 + x_5 + x_6 + x_1 >= 3']",knapsack+knapsack+cardinality,8,3, 4*x_0 + 1*x_0 x_1 + -3*x_0 x_2 + -4*x_0 x_3 + -5*x_0 x_4 + -2*x_0 x_5 + -1*x_0 x_6 + 2*x_0 x_7 + -4*x_1 + 1*x_1 x_2 + 3*x_1 x_3 + 3*x_1 x_4 + -1*x_1 x_5 + -1*x_1 x_6 + -1*x_1 x_7 + -5*x_2 + 4*x_2 x_3 + -3*x_2 x_4 + 4*x_2 x_5 + -2*x_2 x_6 + -3*x_2 x_7 + -5*x_3 + -5*x_3 x_4 + -5*x_3 x_5 + -1*x_3 x_6 + -2*x_3 x_7 + -1*x_4 + -2*x_4 x_5 + 1*x_4 x_6 + -5*x_4 x_7 + -4*x_5 + -5*x_5 x_6 + 3*x_5 x_7 + 4*x_6 + -1*x_6 x_7 + 4*x_7,True,5,0.2027705215083228,0.8338133767201713,0.05676538461538462,0.1568,0.0,False,True,,,,,,,,False,0.2027705215083228,0.2027705215083228
"['1*x_0 + 10*x_5 + 3*x_2 + 5*x_4 + 1*x_1 <= 12', '6*x_1 + 2*x_3 + 2*x_4 <= 3']",knapsack+knapsack,6,2, 4*x_0 + 4*x_0 x_1 + -3*x_0 x_2 + -2*x_0 x_3 + -5*x_0 x_4 + 4*x_0 x_5 + -2*x_1 + -5*x_1 x_2 + -2*x_1 x_3 + 3*x_1 x_4 + -5*x_1 x_5 + -1*x_2 + -3*x_2 x_3 + -5*x_2 x_4 + 2*x_2 x_5 + 2*x_3 + 3*x_3 x_4 + -1*x_3 x_5 + -4*x_4 + -2*x_4 x_5 + -2*x_5,True,5,0.024097162882486978,0.9286004487513252,0.249175,0.5691,0.0614,False,True,5.0,0.20635642031828563,0.8366921452669958,0.094415,0.2529,0.0126,False,True,0.20635642031828563,0.024097162882486978
"['8*x_4 + 10*x_5 + 1*x_1 + 2*x_2 <= 12', 'x_5 + x_0 + x_2 + x_4 >= 0']",cardinality+knapsack,6,2, -5*x_0 + -4*x_0 x_1 + -3*x_0 x_2 + -5*x_0 x_3 + 1*x_0 x_4 + -4*x_0 x_5 + -3*x_1 + -1*x_1 x_2 + 3*x_1 x_3 + -2*x_1 x_4 + 4*x_1 x_5 + -2*x_2 + -1*x_2 x_3 + -4*x_2 x_4 + 4*x_3 + -5*x_3 x_4 + 4*x_3 x_5 + -2*x_4 + -5*x_5,True,2,0.013427021702130636,0.8674392913852298,0.31736111111111115,0.7573,0.0101,True,True,5.0,0.25504990339279177,0.8192559212418752,0.30336111111111097,0.6973,0.0141,False,True,0.25504990339279177,0.013427021702130636
"['10*x_5 + 8*x_1 + 2*x_7 + 1*x_6 + 4*x_2 <= 10', 'x_4 - x_6 - x_1 - x_7 == 0']",flow+knapsack,8,2, 2*x_0 + -5*x_0 x_1 + 2*x_0 x_2 + 3*x_0 x_3 + -4*x_0 x_4 + -1*x_0 x_5 + -3*x_0 x_6 + -2*x_0 x_7 + 2*x_1 + -5*x_1 x_2 + 3*x_1 x_3 + -2*x_1 x_4 + 4*x_1 x_5 + -5*x_1 x_6 + 1*x_1 x_7 + -5*x_2 + 4*x_2 x_3 + 4*x_2 x_4 + -1*x_2 x_5 + -5*x_2 x_7 + -1*x_3 + 1*x_3 x_4 + 1*x_3 x_5 + 4*x_3 x_6 + 3*x_3 x_7 + -1*x_4 + -5*x_4 x_5 + -2*x_4 x_6 + -2*x_4 x_7 + -3*x_5 + -4*x_5 x_7 + 4*x_6 + 3*x_6 x_7 + -1*x_7,True,1,0.008768907652960883,0.963685066104032,0.42747999999999997,0.9476,0.0076,True,True,5.0,0.25848669734266067,0.8159852659361331,0.06039999999999998,0.1336,0.0049,False,True,0.25848669734266067,0.008768907652960883
"['x_0 + x_4 + x_5 + x_6 >= 2', 'x_4 + x_3 == 0', 'x_7 + x_1 + x_6 + x_2 + x_5 >= 1']",cardinality+cardinality+cardinality,8,3, 2*x_0 + 3*x_0 x_1 + -2*x_0 x_3 + -1*x_0 x_4 + 3*x_0 x_5 + 4*x_0 x_6 + -5*x_0 x_7 + 4*x_1 + 2*x_1 x_2 + -4*x_1 x_3 + -2*x_1 x_4 + -4*x_1 x_5 + -3*x_1 x_6 + -2*x_1 x_7 + -4*x_2 x_3 + 2*x_2 x_4 + 3*x_2 x_5 + 1*x_2 x_6 + -4*x_2 x_7 + 1*x_3 + -1*x_3 x_4 + 3*x_3 x_5 + -1*x_3 x_6 + -5*x_4 + -4*x_4 x_5 + -5*x_4 x_6 + -3*x_4 x_7 + 3*x_5 + 4*x_5 x_6 + -3*x_5 x_7 + -3*x_7,True,1,0.0033700880077150133,0.9630717651098994,0.4702370370370371,0.8016,0.0384,True,True,5.0,0.27648079925113256,0.9287481834441098,0.44688888888888884,0.5181,0.0001,False,True,0.27648079925113256,0.0033700880077150133
"['7*x_3 + 7*x_1 + 10*x_2 + 2*x_5 <= 10', 'x_4 + x_3 + x_5 + x_1 <= 4']",knapsack+cardinality,6,2, -5*x_0 + -4*x_0 x_1 + -3*x_0 x_2 + -5*x_0 x_3 + 1*x_0 x_4 + -4*x_0 x_5 + -3*x_1 + -1*x_1 x_2 + 3*x_1 x_3 + -2*x_1 x_4 + 4*x_1 x_5 + -2*x_2 + -1*x_2 x_3 + -4*x_2 x_4 + 4*x_3 + -5*x_3 x_4 + 4*x_3 x_5 + -2*x_4 + -5*x_5,True,1,0.004582304689619276,0.9193364182056597,0.5262583333333333,0.7613,0.0637,True,True,5.0,0.2924764155679279,0.8155729502363176,0.22005833333333324,0.4399,0.0149,False,True,0.2924764155679279,0.004582304689619276
"['4*x_4 + 6*x_0 + 1*x_2 + 1*x_5 <= 6', 'x_0 + x_6 + x_2 + x_3 + x_1 <= 2', 'x_1 + x_2 + x_6 - x_5 - x_3 == 0']",flow+cardinality+knapsack,7,3, -1*x_0 + 4*x_0 x_1 + 1*x_0 x_2 + -2*x_0 x_3 + 3*x_0 x_4 + -1*x_0 x_5 + 4*x_0 x_6 + 2*x_1 + 2*x_1 x_2 + -1*x_1 x_3 + -2*x_1 x_4 + -1*x_1 x_5 + 3*x_1 x_6 + -1*x_2 + -5*x_2 x_3 + -2*x_2 x_4 + 2*x_2 x_5 + -1*x_2 x_6 + 2*x_3 + -1*x_3 x_5 + -3*x_4 + 3*x_4 x_5 + -2*x_4 x_6 + -1*x_5 x_6 + -5*x_6,True,5,0.19679068062040542,0.9691827251680011,0.27727500000000005,0.7011,0.0,False,True,5.0,0.29543579869800146,0.8667657794708631,0.09058333333333334,0.1696,0.0206,False,True,0.29543579869800146,0.19679068062040542
"['5*x_2 + 10*x_5 + 1*x_6 + 9*x_3 + 6*x_4 <= 19', 'x_0 + x_6 + x_4 + x_3 == 1', 'x_4 + x_0 == 1']",cardinality+knapsack+assignment,7,3, -4*x_0 + 4*x_0 x_1 + -2*x_0 x_2 + -2*x_0 x_3 + 4*x_0 x_4 + -5*x_0 x_5 + -1*x_0 x_6 + -3*x_1 x_2 + 4*x_1 x_3 + 2*x_1 x_4 + 1*x_1 x_5 + -5*x_1 x_6 + -5*x_2 + -4*x_2 x_3 + 1*x_2 x_4 + -3*x_2 x_5 + 2*x_2 x_6 + -3*x_3 + 3*x_3 x_4 + 4*x_4 + -2*x_4 x_5 + 1*x_4 x_6 + -4*x_5 + -4*x_5 x_6 + -5*x_6,True,5,0.2327213634385003,0.9520163853195328,0.09429655172413794,0.458,0.0,False,True,5.0,0.29948066241211363,0.8451950033459272,0.04380344827586207,0.1099,0.006,False,True,0.29948066241211363,0.2327213634385003
"['4*x_1 + 2*x_2 + 10*x_5 + 8*x_3 <= 13', 'x_2 + x_1 <= 2', 'x_5 + x_1 + x_0 + x_4 + x_2 >= 4']",cardinality+cardinality+knapsack,6,3, 1*x_0 x_1 + -3*x_0 x_3 + -3*x_0 x_4 + 4*x_0 x_5 + 4*x_1 + 3*x_1 x_5 + 1*x_2 + 3*x_2 x_3 + -4*x_2 x_4 + 1*x_2 x_5 + -1*x_3 + 2*x_3 x_4 + 1*x_3 x_5 + -4*x_4 + -5*x_5,True,5,0.15086528301239013,0.9418743594284047,0.0,0.2601,0.0,False,True,5.0,0.3052394833167394,0.8363202429034182,0.01829999999999999,0.0329,0.0183,False,True,0.3052394833167394,0.15086528301239013
"['7*x_1 + 10*x_5 + 9*x_4 <= 8', 'x_1 + x_0 + x_5 + x_4 + x_3 <= 3', 'x_1 - x_3 - x_0 == 0']",flow+knapsack+cardinality,6,3, -2*x_0 x_1 + -2*x_0 x_2 + -4*x_0 x_3 + 2*x_0 x_4 + -4*x_0 x_5 + 1*x_1 + 3*x_1 x_2 + 1*x_1 x_3 + -1*x_1 x_4 + 3*x_1 x_5 + -4*x_2 + -1*x_2 x_3 + -3*x_2 x_5 + -4*x_3 + 4*x_3 x_4 + 4*x_3 x_5 + -2*x_4 + 2*x_4 x_5 + -2*x_5,True,1,0.012420841323004828,0.9546684771506172,0.9764999999999998,0.9845,0.9749,True,True,5.0,0.3077843876017465,0.7883932696540444,0.068,0.095,0.0585,False,True,0.3077843876017465,0.012420841323004828
"['2*x_3*x_3 + 5*x_3*x_1 + 2*x_3*x_0 + 2*x_1*x_1 + 1*x_1*x_0 + 1*x_0*x_0 <= 7', 'x_2*x_0 == 0']",independent_set+quadratic_knapsack,4,2, 1*x_0 + -4*x_0 x_1 + 3*x_0 x_2 + 1*x_0 x_3 + -3*x_1 x_2 + -5*x_1 x_3 + -3*x_2 + -5*x_2 x_3 + -3*x_3,True,1,0.006292159557342529,0.9557592136779325,0.23629166666666665,0.9916,0.0004,True,True,5.0,0.30830399970213573,0.881749885713925,0.1992833333333333,0.57,0.0783,False,True,0.30830399970213573,0.006292159557342529
"['1*x_0 + 10*x_4 + 3*x_1 + 5*x_2 + 1*x_3 <= 12', '2*x_4*x_4 + 5*x_4*x_0 + 2*x_4*x_2 + 1*x_4*x_3 + 4*x_4*x_1 + 4*x_0*x_0 + 2*x_0*x_2 + 5*x_0*x_3 + 1*x_0*x_1 + 1*x_2*x_2 + 4*x_2*x_3 + 2*x_2*x_1 + 5*x_3*x_3 + 4*x_3*x_1 + 1*x_1*x_1 <= 23', 'x_0 + x_2 + x_1 + x_4 >= 1']",quadratic_knapsack+knapsack+cardinality,5,3, 1*x_0 + 2*x_0 x_1 + -2*x_0 x_2 + 1*x_0 x_3 + 2*x_0 x_4 + -2*x_1 + -1*x_1 x_2 + -2*x_1 x_3 + 2*x_1 x_4 + -1*x_2 + -1*x_2 x_3 + -2*x_2 x_4 + -4*x_3 + 4*x_3 x_4 + 3*x_4,True,5,0.3106418553325865,0.8848040629504959,0.31062222222222224,0.6557,0.0417,False,True,,,,,,,,False,0.3106418553325865,0.3106418553325865
"['1*x_1*x_1 + 2*x_1*x_2 + 1*x_1*x_0 + 1*x_2*x_2 + 5*x_2*x_0 + 1*x_0*x_0 <= 6', 'x_3 + x_1 == 1']",quadratic_knapsack+assignment,4,2, 1*x_0 + 2*x_0 x_1 + -1*x_0 x_2 + 1*x_0 x_3 + -2*x_1 + 3*x_1 x_2 + -5*x_2 + -5*x_2 x_3,True,1,0.007910442153612772,0.979675870112809,0.705,0.9723,0.4616,True,True,5.0,0.3144146172867881,0.8980643371200978,0.22897500000000007,0.6711,0.0898,False,True,0.3144146172867881,0.007910442153612772
"['4*x_2 + 5*x_4 + 3*x_1 + 7*x_0 + 6*x_3 <= 11', '9*x_0 + 2*x_1 + 1*x_3 + 9*x_4 + 6*x_2 <= 13', 'x_4 + x_0 + x_2 + x_3 + x_1 >= 2']",knapsack+cardinality+knapsack,5,3, 2*x_0 + -1*x_0 x_2 + -4*x_0 x_3 + 1*x_0 x_4 + -5*x_1 + -2*x_1 x_2 + -1*x_1 x_3 + 1*x_1 x_4 + 3*x_2 + -5*x_2 x_3 + -5*x_2 x_4 + -5*x_3 x_4 + 3*x_4,True,5,0.3189426722129186,0.9494218222228487,0.07038000000000003,0.1137,0.015,False,True,,,,,,,,False,0.3189426722129186,0.3189426722129186
"['5*x_3*x_3 + 1*x_3*x_0 + 2*x_3*x_5 + 5*x_0*x_0 + 1*x_0*x_5 + 3*x_5*x_5 <= 6', 'x_5 + x_1 + x_0 + x_3 + x_2 == 3']",cardinality+quadratic_knapsack,6,2, 1*x_0 x_1 + -3*x_0 x_3 + -3*x_0 x_4 + 4*x_0 x_5 + 4*x_1 + 3*x_1 x_5 + 1*x_2 + 3*x_2 x_3 + -4*x_2 x_4 + 1*x_2 x_5 + -1*x_3 + 2*x_3 x_4 + 1*x_3 x_5 + -4*x_4 + -5*x_5,True,5,0.20217745006084442,0.8932772774787827,0.3340166666666667,0.4309,0.1586,False,True,5.0,0.3264859920077854,0.8495340453994509,0.05917500000000001,0.1209,0.0174,False,True,0.3264859920077854,0.20217745006084442
"['2*x_5 + 5*x_6 + 2*x_2 <= 5', 'x_4 + x_3 + x_2 + x_0 + x_6 <= 5']",knapsack+cardinality,7,2, -3*x_0 + -4*x_0 x_1 + -4*x_0 x_2 + -1*x_0 x_4 + 4*x_0 x_5 + 2*x_0 x_6 + 4*x_1 + 4*x_1 x_2 + -1*x_1 x_3 + -1*x_1 x_4 + 1*x_1 x_5 + -1*x_1 x_6 + -3*x_2 + -4*x_2 x_3 + -2*x_2 x_4 + 1*x_2 x_6 + -1*x_3 + 4*x_3 x_4 + -1*x_3 x_5 + -3*x_3 x_6 + -1*x_4 + -3*x_4 x_5 + 2*x_5 + 3*x_5 x_6 + -1*x_6,True,2,0.01113118138578203,0.921403736879593,0.40854347826086956,0.7589,0.0476,True,True,5.0,0.3337957825925615,0.9036016541314431,0.23996086956521726,0.6274,0.0032,False,True,0.3337957825925615,0.01113118138578203
"['1*x_2 + 10*x_0 + 3*x_4 + 5*x_3 + 1*x_1 <= 12', '2*x_3 + 10*x_2 + 4*x_4 <= 6', 'x_2 + x_3 + x_1 == 0']",knapsack+cardinality+knapsack,5,3, 2*x_0 + -1*x_0 x_2 + -4*x_0 x_3 + 1*x_0 x_4 + -5*x_1 + -2*x_1 x_2 + -1*x_1 x_3 + 1*x_1 x_4 + 3*x_2 + -5*x_2 x_3 + -5*x_2 x_4 + -5*x_3 x_4 + 3*x_4,True,1,0.010788027511702644,0.9684757446454737,0.09959999999999997,0.9999,0.0996,True,True,5.0,0.33454185631540084,0.8173568790406038,0.04173333333333334,0.0945,0.0306,False,True,0.33454185631540084,0.010788027511702644
"['3*x_2*x_2 + 1*x_2*x_4 + 3*x_2*x_1 + 1*x_4*x_4 + 4*x_4*x_1 + 3*x_1*x_1 <= 5', 'x_4 + x_0 + x_3 + x_2 + x_1 == 0']",quadratic_knapsack+cardinality,5,2, -3*x_0 + 1*x_0 x_1 + 2*x_0 x_2 + 1*x_0 x_3 + 2*x_0 x_4 + 3*x_1 + 3*x_1 x_2 + 2*x_1 x_3 + 1*x_1 x_4 + -2*x_2 + -1*x_2 x_3 + -1*x_2 x_4 + 2*x_3 + -3*x_3 x_4 + -2*x_4,True,1,0.006827247738838196,0.9909845046878157,,1.0,1.0,True,True,5.0,0.3375556492143207,0.8693275463243664,,0.0173,0.0173,False,True,0.3375556492143207,0.006827247738838196
"['10*x_3 + 8*x_1 + 10*x_4 <= 9', 'x_4 + x_5 + x_1 + x_0 >= 0', 'x_4*x_1 == 0']",independent_set+knapsack+cardinality,7,3, 3*x_0 + -2*x_0 x_2 + -1*x_0 x_3 + -5*x_0 x_4 + 1*x_0 x_5 + 2*x_0 x_6 + -5*x_1 x_2 + -4*x_1 x_3 + -3*x_1 x_4 + -2*x_1 x_5 + 2*x_1 x_6 + 4*x_2 + 3*x_2 x_3 + -2*x_2 x_4 + -1*x_2 x_5 + 4*x_3 + 3*x_3 x_4 + 4*x_3 x_6 + -3*x_4 + -3*x_4 x_5 + 3*x_4 x_6 + 3*x_5 + 4*x_5 x_6 + -4*x_6,True,5,0.33292723271581864,0.9512590617211089,0.27949285714285704,0.6787,0.0,False,True,5.0,0.33891059988074834,0.7932528480487145,0.1356,0.2538,0.0089,False,True,0.33891059988074834,0.33292723271581864
"['4*x_0 + 2*x_3 + 10*x_4 + 8*x_2 <= 13', 'x_3 + x_2 + x_1 + x_0 + x_4 <= 2', 'x_4 - x_1 - x_0 - x_2 == 0']",cardinality+flow+knapsack,7,3, 4*x_0 + 4*x_0 x_1 + 1*x_0 x_2 + 3*x_0 x_3 + 1*x_0 x_4 + -3*x_0 x_5 + -3*x_0 x_6 + -5*x_1 + -2*x_1 x_2 + -5*x_1 x_3 + -4*x_1 x_4 + -4*x_1 x_5 + 1*x_2 + 4*x_2 x_3 + 2*x_2 x_4 + -4*x_2 x_5 + -4*x_2 x_6 + -2*x_3 + 2*x_3 x_4 + -5*x_3 x_5 + -2*x_3 x_6 + 2*x_4 + 1*x_4 x_5 + 3*x_4 x_6 + 4*x_5 + -4*x_5 x_6 + -2*x_6,True,5,0.10539405683676402,0.9332753612708806,0.12683333333333333,0.1999,0.0309,False,True,5.0,0.3502430072095659,0.8413222488143441,0.054246666666666665,0.0982,0.0083,False,True,0.3502430072095659,0.10539405683676402
"['1*x_3*x_3 + 2*x_3*x_1 + 1*x_3*x_2 + 1*x_1*x_1 + 5*x_1*x_2 + 1*x_2*x_2 <= 6', 'x_3 + x_1 + x_0 + x_2 <= 1']",quadratic_knapsack+cardinality,4,2, -4*x_0 + 4*x_0 x_1 + 1*x_0 x_2 + -5*x_0 x_3 + 1*x_1 + 1*x_1 x_2 + 4*x_1 x_3 + 3*x_2 + -1*x_2 x_3 + -4*x_3,True,1,0.007400592300626967,0.9744018946107403,0.5067142857142858,1.0,0.3782,True,True,5.0,0.35278487967120276,0.8871261357922726,0.1901857142857143,0.3391,0.1412,False,True,0.35278487967120276,0.007400592300626967
"['3*x_0 + 8*x_4 + 3*x_2 <= 5', '5*x_2 + 4*x_0 + 1*x_3 <= 6', 'x_2 + x_3 + x_4 + x_0 >= 2']",knapsack+knapsack+cardinality,5,3, 4*x_0 + -3*x_0 x_1 + -2*x_0 x_2 + -5*x_0 x_3 + -5*x_0 x_4 + 4*x_1 x_2 + 2*x_1 x_4 + 4*x_2 + 1*x_2 x_3 + -4*x_2 x_4 + -3*x_3 + -1*x_3 x_4 + -4*x_4,True,5,0.11769207133187189,0.9828625368217239,0.2210461538461539,0.515,0.0904,False,True,5.0,0.3546250057220459,0.8161256375779606,0.07167692307692307,0.1311,0.0336,False,True,0.3546250057220459,0.11769207133187189
"['1*x_2*x_2 + 5*x_2*x_0 + 3*x_2*x_1 + 4*x_0*x_0 + 2*x_0*x_1 + 4*x_1*x_1 <= 7', 'x_2 + x_3 + x_0 <= 2']",quadratic_knapsack+cardinality,4,2, 1*x_0 + 2*x_0 x_1 + -1*x_0 x_2 + 1*x_0 x_3 + -2*x_1 + 3*x_1 x_2 + -5*x_2 + -5*x_2 x_3,True,1,0.005560858779483371,0.9689433096959966,0.2900833333333333,0.87,0.154,True,True,5.0,0.3552110209729936,0.8598381770936526,0.17818333333333333,0.5211,0.0619,False,True,0.3552110209729936,0.005560858779483371
"['3*x_0*x_0 + 1*x_0*x_1 + 3*x_0*x_2 + 1*x_1*x_1 + 4*x_1*x_2 + 3*x_2*x_2 <= 5', 'x_2 + x_1 + x_0 == 2', 'x_2 + x_1 + x_0 >= 1']",cardinality+cardinality+quadratic_knapsack,4,3, 4*x_0 x_1 + 1*x_0 x_2 + 1*x_0 x_3 + -1*x_1 + 1*x_1 x_2 + 4*x_1 x_3 + -2*x_2 + -1*x_2 x_3 + 4*x_3,True,1,0.007042160365316603,0.9841656040748594,0.5283,0.7742,0.5283,True,True,5.0,0.3721653527021408,0.9777997894553128,0.2313,0.248,0.2313,False,True,0.3721653527021408,0.007042160365316603
"['4*x_3 + 2*x_2 + 10*x_4 + 8*x_1 <= 13', 'x_2 + x_3 + x_0 - x_4 - x_1 == 0', 'x_4 + x_1 + x_2 + x_3 + x_0 >= 1']",cardinality+flow+knapsack,5,3, 1*x_0 + 2*x_0 x_1 + -2*x_0 x_2 + 1*x_0 x_3 + 2*x_0 x_4 + -2*x_1 + -1*x_1 x_2 + -2*x_1 x_3 + 2*x_1 x_4 + -1*x_2 + -1*x_2 x_3 + -2*x_2 x_4 + -4*x_3 + 4*x_3 x_4 + 3*x_4,True,5,0.2342682349681854,0.8065975383076206,0.2480357142857144,0.5124,0.0957,False,True,5.0,0.3757338419225481,0.8288118662457356,0.08022142857142858,0.1644,0.0339,False,True,0.3757338419225481,0.2342682349681854
"['6*x_1 + 7*x_5 + 8*x_3 + 9*x_2 + 5*x_6 <= 14', 'x_0 + x_5 + x_6 - x_1 - x_3 - x_2 == 0', 'x_3 + x_6 + x_1 + x_2 + x_5 == 2']",knapsack+flow+cardinality,7,3, 4*x_0 + 2*x_0 x_1 + -5*x_0 x_3 + 2*x_0 x_4 + -3*x_0 x_5 + 1*x_0 x_6 + -3*x_1 + -4*x_1 x_2 + -1*x_1 x_3 + 1*x_1 x_4 + 3*x_1 x_5 + 2*x_1 x_6 + 4*x_2 x_3 + -1*x_2 x_4 + -3*x_2 x_5 + 4*x_2 x_6 + 2*x_3 + -2*x_3 x_4 + 4*x_3 x_5 + -2*x_3 x_6 + 3*x_4 + -1*x_4 x_6 + 2*x_5 + -2*x_5 x_6 + -1*x_6,True,5,0.21479421178499858,0.8444519181867488,0.129325,0.212,0.0394,False,True,5.0,0.38597092780801984,0.8446112703755113,0.03332500000000001,0.0573,0.0065,False,True,0.38597092780801984,0.21479421178499858
"['2*x_0 + 2*x_4 + 9*x_2 + 10*x_1 + 4*x_6 <= 18', 'x_0 - x_2 - x_3 == 0']",flow+knapsack,7,2, 3*x_0 + -2*x_0 x_2 + -1*x_0 x_3 + -5*x_0 x_4 + 1*x_0 x_5 + 2*x_0 x_6 + -5*x_1 x_2 + -4*x_1 x_3 + -3*x_1 x_4 + -2*x_1 x_5 + 2*x_1 x_6 + 4*x_2 + 3*x_2 x_3 + -2*x_2 x_4 + -1*x_2 x_5 + 4*x_3 + 3*x_3 x_4 + 4*x_3 x_6 + -3*x_4 + -3*x_4 x_5 + 3*x_4 x_6 + 3*x_5 + 4*x_5 x_6 + -4*x_6,True,1,0.00976160917017195,0.9187679985581307,0.39022500000000004,0.9754,0.0009,True,True,5.0,0.4183546964327494,0.8435691653424975,0.190025,0.3287,0.0046,False,True,0.4183546964327494,0.00976160917017195
"['1*x_5*x_5 + 5*x_5*x_1 + 3*x_5*x_0 + 4*x_1*x_1 + 2*x_1*x_0 + 4*x_0*x_0 <= 7', 'x_5 + x_6 + x_1 + x_0 + x_3 == 3']",cardinality+quadratic_knapsack,7,2, 4*x_0 + 2*x_0 x_1 + -5*x_0 x_3 + 2*x_0 x_4 + -3*x_0 x_5 + 1*x_0 x_6 + -3*x_1 + -4*x_1 x_2 + -1*x_1 x_3 + 1*x_1 x_4 + 3*x_1 x_5 + 2*x_1 x_6 + 4*x_2 x_3 + -1*x_2 x_4 + -3*x_2 x_5 + 4*x_2 x_6 + 2*x_3 + -2*x_3 x_4 + 4*x_3 x_5 + -2*x_3 x_6 + 3*x_4 + -1*x_4 x_6 + 2*x_5 + -2*x_5 x_6 + -1*x_6,True,5,0.30073404437965817,0.9241259098880626,0.18836363636363634,0.5123,0.0143,False,True,5.0,0.4289511664708455,0.8907861614925195,0.11035454545454547,0.2014,0.034,False,True,0.4289511664708455,0.30073404437965817
"['8*x_1 + 10*x_6 + 1*x_4 + 2*x_2 <= 12', 'x_6 + x_1 + x_5 + x_4 + x_3 <= 3']",cardinality+knapsack,8,2, 4*x_0 + 1*x_0 x_1 + -3*x_0 x_2 + -4*x_0 x_3 + -5*x_0 x_4 + -2*x_0 x_5 + -1*x_0 x_6 + 2*x_0 x_7 + -4*x_1 + 1*x_1 x_2 + 3*x_1 x_3 + 3*x_1 x_4 + -1*x_1 x_5 + -1*x_1 x_6 + -1*x_1 x_7 + -5*x_2 + 4*x_2 x_3 + -3*x_2 x_4 + 4*x_2 x_5 + -2*x_2 x_6 + -3*x_2 x_7 + -5*x_3 + -5*x_3 x_4 + -5*x_3 x_5 + -1*x_3 x_6 + -2*x_3 x_7 + -1*x_4 + -2*x_4 x_5 + 1*x_4 x_6 + -5*x_4 x_7 + -4*x_5 + -5*x_5 x_6 + 3*x_5 x_7 + 4*x_6 + -1*x_6 x_7 + 4*x_7,True,1,0.0085981598827574,0.8884772795535403,0.3697288888888888,0.871,0.0,True,True,5.0,0.4546475876039929,0.8328684022855922,0.2866822222222222,0.6305,0.0027,False,True,0.4546475876039929,0.0085981598827574
"['4*x_7 + 5*x_1 + 3*x_5 + 7*x_3 + 6*x_0 <= 11', 'x_3 + x_0 + x_1 + x_6 <= 1', 'x_5 + x_7 + x_2 + x_0 + x_6 == 0']",cardinality+knapsack+cardinality,8,3, -1*x_0 + -4*x_0 x_1 + 1*x_0 x_2 + 3*x_0 x_3 + -1*x_0 x_4 + -1*x_0 x_5 + -1*x_0 x_6 + 1*x_0 x_7 + 4*x_1 + -3*x_1 x_2 + 3*x_1 x_3 + 4*x_1 x_4 + -5*x_1 x_5 + -2*x_1 x_6 + -1*x_1 x_7 + -3*x_2 x_3 + -5*x_2 x_4 + 2*x_2 x_5 + -4*x_2 x_6 + -3*x_2 x_7 + -2*x_3 + 4*x_3 x_4 + -1*x_3 x_6 + -5*x_3 x_7 + -5*x_4 + -4*x_4 x_5 + 4*x_4 x_6 + -1*x_4 x_7 + -1*x_5 + 2*x_5 x_6 + 3*x_5 x_7 + -4*x_6 + -5*x_6 x_7,True,5,0.2413893175787396,0.9697805005041313,0.2881333333333333,0.5165,0.0974,False,True,5.0,0.459303820265664,0.8384935970788155,0.01141111111111111,0.0233,0.0039,False,True,0.459303820265664,0.2413893175787396
"['10*x_1 + 1*x_0 + 9*x_2 <= 7', '5*x_3*x_3 + 1*x_3*x_0 + 2*x_3*x_1 + 5*x_0*x_0 + 1*x_0*x_1 + 3*x_1*x_1 <= 6', 'x_1*x_0 == 0']",independent_set+quadratic_knapsack+knapsack,4,3, -3*x_0 + -3*x_0 x_2 + -3*x_0 x_3 + -5*x_1 + -4*x_1 x_2 + -2*x_2 + 3*x_2 x_3 + -2*x_3,True,5,0.41085012853145597,0.9544258767026244,0.31539999999999996,0.6582,0.3154,False,True,5.0,0.46252045942677394,0.8022462626930666,0.09293333333333334,0.1841,0.0506,False,True,0.46252045942677394,0.41085012853145597
"['1*x_2 + 10*x_0 + 3*x_5 + 5*x_4 + 1*x_3 <= 12', '7*x_1 + 7*x_4 + 10*x_2 + 2*x_5 <= 10']",knapsack+knapsack,6,2, 1*x_0 x_1 + -3*x_0 x_3 + -3*x_0 x_4 + 4*x_0 x_5 + 4*x_1 + 3*x_1 x_5 + 1*x_2 + 3*x_2 x_3 + -4*x_2 x_4 + 1*x_2 x_5 + -1*x_3 + 2*x_3 x_4 + 1*x_3 x_5 + -4*x_4 + -5*x_5,True,5,0.06263406740294562,0.9143183858573457,0.4026571428571429,0.7673,0.0582,True,True,5.0,0.4871805872519811,0.824805536245977,0.13873571428571413,0.3279,0.0144,False,True,0.4871805872519811,0.06263406740294562
"['10*x_1 + 8*x_0 + 10*x_2 <= 9', '10*x_4 + 8*x_3 + 2*x_0 + 1*x_1 + 4*x_2 <= 10', '5*x_1 + 1*x_2 + 10*x_4 + 4*x_0 <= 10']",knapsack+knapsack+knapsack,5,3, 3*x_0 + 1*x_0 x_2 + 3*x_0 x_4 + -5*x_1 + -3*x_1 x_2 + 3*x_2 + 3*x_2 x_3 + -5*x_2 x_4 + -4*x_3 + 2*x_3 x_4 + -3*x_4,True,5,0.48915605770217047,0.8748707973790658,0.07980000000000002,0.2841,0.0,False,True,,,,,,,,False,0.48915605770217047,0.48915605770217047
"['4*x_3 + 5*x_1 + 3*x_5 + 7*x_2 + 6*x_4 <= 11', 'x_3 + x_4 + x_5 + x_2 <= 2', 'x_5 + x_1 + x_4 - x_2 - x_0 - x_3 == 0']",knapsack+cardinality+flow,6,3, 4*x_0 + 4*x_0 x_1 + -3*x_0 x_2 + -2*x_0 x_3 + -5*x_0 x_4 + 4*x_0 x_5 + -2*x_1 + -5*x_1 x_2 + -2*x_1 x_3 + 3*x_1 x_4 + -5*x_1 x_5 + -1*x_2 + -3*x_2 x_3 + -5*x_2 x_4 + 2*x_2 x_5 + 2*x_3 + 3*x_3 x_4 + -1*x_3 x_5 + -4*x_4 + -2*x_4 x_5 + -2*x_5,True,5,0.24743008448017967,0.9475071388363298,0.14850000000000002,0.2781,0.0487,False,True,5.0,0.49918441315491996,0.840107694159274,0.05582727272727272,0.1184,0.0123,False,True,0.49918441315491996,0.24743008448017967
"['4*x_2 + 6*x_4 + 2*x_3 + 10*x_5 <= 7', 'x_2 + x_3 + x_5 + x_4 + x_1 >= 1']",knapsack+cardinality,8,2, 1*x_0 + -5*x_0 x_1 + -1*x_0 x_2 + 4*x_0 x_3 + -2*x_0 x_4 + 2*x_0 x_5 + -1*x_0 x_6 + 1*x_1 x_2 + -5*x_1 x_3 + -1*x_1 x_4 + 2*x_1 x_5 + 3*x_1 x_6 + -4*x_1 x_7 + -4*x_2 + -5*x_2 x_3 + -5*x_2 x_4 + -3*x_2 x_5 + 3*x_2 x_7 + -5*x_3 + -2*x_3 x_4 + -1*x_3 x_5 + -2*x_3 x_6 + -4*x_3 x_7 + -2*x_4 + 3*x_4 x_5 + -4*x_4 x_6 + 4*x_4 x_7 + -5*x_5 + -3*x_5 x_7 + -5*x_6 + -1*x_6 x_7,True,1,0.006511629886097378,0.8857618732379408,0.532915625,0.9966,0.0137,True,True,5.0,0.5165764167573716,0.783494964999719,0.11691562499999998,0.2949,0.0029,False,True,0.5165764167573716,0.006511629886097378
"['2*x_3*x_3 + 5*x_3*x_0 + 2*x_3*x_1 + 2*x_0*x_0 + 1*x_0*x_1 + 1*x_1*x_1 <= 7', 'x_5 + x_1 + x_2 + x_0 <= 3', 'x_5 + x_4 + x_1 == 0']",cardinality+quadratic_knapsack+cardinality,6,3, 2*x_0 + -5*x_0 x_1 + 2*x_0 x_2 + -4*x_0 x_3 + -2*x_0 x_4 + 4*x_0 x_5 + -4*x_1 + -5*x_1 x_2 + -5*x_1 x_3 + -5*x_1 x_4 + -5*x_1 x_5 + 1*x_2 + 4*x_2 x_3 + -1*x_2 x_4 + -1*x_2 x_5 + -5*x_3 + -5*x_3 x_5 + -1*x_4 + 1*x_4 x_5 + -1*x_5,True,1,0.013144195278485616,0.9659117719985941,0.018619999999999963,0.9973,0.0,True,True,5.0,0.5453086276186837,0.861450610544532,0.07018999999999999,0.1448,0.0258,False,True,0.5453086276186837,0.013144195278485616
"['5*x_2*x_2 + 3*x_2*x_3 + 5*x_2*x_0 + 4*x_3*x_3 + 5*x_3*x_0 + 3*x_0*x_0 <= 14', 'x_3 + x_2 + x_0 + x_1 == 1']",cardinality+quadratic_knapsack,4,2, -3*x_0 + -1*x_0 x_1 + -1*x_0 x_2 + 3*x_0 x_3 + -4*x_1 + -3*x_1 x_2 + -3*x_1 x_3 + 1*x_2 + 2*x_2 x_3 + -5*x_3,True,1,0.009875897765159607,0.9628948722962662,0.5260333333333335,1.0,0.2648,True,True,5.0,0.5670464176601834,0.9016781535755481,0.1546,0.2452,0.0695,False,True,0.5670464176601834,0.009875897765159607
"['10*x_1 + 8*x_0 + 10*x_4 <= 9', '10*x_3 + 1*x_0 + 9*x_4 <= 7', '5*x_3 + 4*x_4 + 1*x_0 <= 6']",knapsack+knapsack+knapsack,5,3, -2*x_0 + -3*x_0 x_1 + -2*x_0 x_2 + -3*x_0 x_3 + -1*x_0 x_4 + -5*x_1 + 2*x_1 x_2 + -1*x_1 x_3 + -4*x_1 x_4 + -2*x_2 + -4*x_2 x_3 + -1*x_2 x_4 + -5*x_3 + -5*x_3 x_4,True,1,0.005589751998583476,0.9585171630620254,0.5377666666666666,0.9995,0.3709,True,True,5.0,0.5758591515488095,0.7912502713704077,0.06290000000000005,0.1304,0.0419,False,True,0.5758591515488095,0.005589751998583476
"['3*x_0*x_0 + 1*x_0*x_4 + 3*x_0*x_3 + 5*x_4*x_4 + 2*x_4*x_3 + 2*x_3*x_3 <= 8', 'x_3 + x_1 + x_2 >= 0']",cardinality+quadratic_knapsack,5,2, -3*x_0 + -4*x_0 x_1 + -5*x_0 x_2 + -4*x_0 x_3 + -2*x_0 x_4 + -4*x_1 + -1*x_1 x_2 + -3*x_1 x_3 + -2*x_1 x_4 + -5*x_2 + 4*x_2 x_3 + 1*x_2 x_4 + -2*x_3 + -4*x_3 x_4 + 1*x_4,True,1,0.008801479074690076,0.9563617093462695,0.24839999999999998,0.9939,0.0,True,True,5.0,0.5975799966520733,0.8573400190485169,0.2440357142857143,0.642,0.0346,False,True,0.5975799966520733,0.008801479074690076
"['9*x_1 + 9*x_2 + 4*x_7 + 1*x_0 <= 9', 'x_2 + x_0 + x_7 + x_3 <= 4', 'x_5 + x_0 + x_7 + x_2 + x_1 <= 5']",knapsack+cardinality+cardinality,8,3, 2*x_0 + -5*x_0 x_1 + 2*x_0 x_2 + 3*x_0 x_3 + -4*x_0 x_4 + -1*x_0 x_5 + -3*x_0 x_6 + -2*x_0 x_7 + 2*x_1 + -5*x_1 x_2 + 3*x_1 x_3 + -2*x_1 x_4 + 4*x_1 x_5 + -5*x_1 x_6 + 1*x_1 x_7 + -5*x_2 + 4*x_2 x_3 + 4*x_2 x_4 + -1*x_2 x_5 + -5*x_2 x_7 + -1*x_3 + 1*x_3 x_4 + 1*x_3 x_5 + 4*x_3 x_6 + 3*x_3 x_7 + -1*x_4 + -5*x_4 x_5 + -2*x_4 x_6 + -2*x_4 x_7 + -3*x_5 + -4*x_5 x_7 + 4*x_6 + 3*x_6 x_7 + -1*x_7,True,5,0.6284965640968747,0.8340070241167713,0.19836363636363635,0.4186,0.0012,False,True,,,,,,,,False,0.6284965640968747,0.6284965640968747
"['1*x_4 + 6*x_5 + 9*x_0 + 8*x_6 + 9*x_1 <= 18', 'x_7 + x_5 + x_1 + x_2 + x_4 >= 4']",cardinality+knapsack,8,2, 1*x_0 + -5*x_0 x_1 + -1*x_0 x_2 + 4*x_0 x_3 + -2*x_0 x_4 + 2*x_0 x_5 + -1*x_0 x_6 + 1*x_1 x_2 + -5*x_1 x_3 + -1*x_1 x_4 + 2*x_1 x_5 + 3*x_1 x_6 + -4*x_1 x_7 + -4*x_2 + -5*x_2 x_3 + -5*x_2 x_4 + -3*x_2 x_5 + 3*x_2 x_7 + -5*x_3 + -2*x_3 x_4 + -1*x_3 x_5 + -2*x_3 x_6 + -4*x_3 x_7 + -2*x_4 + 3*x_4 x_5 + -4*x_4 x_6 + 4*x_4 x_7 + -5*x_5 + -3*x_5 x_7 + -5*x_6 + -1*x_6 x_7,True,1,0.014408132036526997,0.8700918625788493,0.40962571428571426,0.8229,0.0005,True,True,5.0,0.680420533352428,0.8353118147723626,0.0330742857142857,0.0717,0.0039,False,True,0.680420533352428,0.014408132036526997
"['9*x_5 + 9*x_4 + 4*x_2 + 1*x_1 <= 9', 'x_1 + x_7 + x_0 + x_3 + x_2 >= 1', 'x_4 + x_6 + x_7 == 0']",cardinality+cardinality+knapsack,8,3, 4*x_0 + 1*x_0 x_1 + -3*x_0 x_2 + -4*x_0 x_3 + -5*x_0 x_4 + -2*x_0 x_5 + -1*x_0 x_6 + 2*x_0 x_7 + -4*x_1 + 1*x_1 x_2 + 3*x_1 x_3 + 3*x_1 x_4 + -1*x_1 x_5 + -1*x_1 x_6 + -1*x_1 x_7 + -5*x_2 + 4*x_2 x_3 + -3*x_2 x_4 + 4*x_2 x_5 + -2*x_2 x_6 + -3*x_2 x_7 + -5*x_3 + -5*x_3 x_4 + -5*x_3 x_5 + -1*x_3 x_6 + -2*x_3 x_7 + -1*x_4 + -2*x_4 x_5 + 1*x_4 x_6 + -5*x_4 x_7 + -4*x_5 + -5*x_5 x_6 + 3*x_5 x_7 + 4*x_6 + -1*x_6 x_7 + 4*x_7,True,1,0.03618037031756507,0.9630882288342585,0.45483499999999977,0.9476,0.0224,True,True,5.0,0.7087864297628402,0.8022189046754272,0.03352499999999999,0.0711,0.0028,False,True,0.7087864297628402,0.03618037031756507
"['4*x_2 + 6*x_7 + 2*x_1 + 10*x_6 <= 7', 'x_0 + x_7 >= 1', 'x_1 + x_4 + x_5 + x_0 + x_7 <= 4']",knapsack+cardinality+cardinality,8,3, 2*x_0 + 3*x_0 x_1 + -2*x_0 x_3 + -1*x_0 x_4 + 3*x_0 x_5 + 4*x_0 x_6 + -5*x_0 x_7 + 4*x_1 + 2*x_1 x_2 + -4*x_1 x_3 + -2*x_1 x_4 + -4*x_1 x_5 + -3*x_1 x_6 + -2*x_1 x_7 + -4*x_2 x_3 + 2*x_2 x_4 + 3*x_2 x_5 + 1*x_2 x_6 + -4*x_2 x_7 + 1*x_3 + -1*x_3 x_4 + 3*x_3 x_5 + -1*x_3 x_6 + -5*x_4 + -4*x_4 x_5 + -5*x_4 x_6 + -3*x_4 x_7 + 3*x_5 + 4*x_5 x_6 + -3*x_5 x_7 + -3*x_7,True,5,0.12294647302892472,0.9665912773901614,0.385490909090909,0.6216,0.0234,False,True,5.0,0.7357361040512721,0.8017776943072021,0.09727878787878785,0.1894,0.0039,False,True,0.7357361040512721,0.12294647302892472
"['5*x_0 + 10*x_6 + 1*x_2 + 9*x_4 + 6*x_7 <= 19', '7*x_0 + 7*x_4 + 10*x_5 + 2*x_3 <= 10', 'x_1 + x_6 + x_7 + x_2 + x_5 >= 3']",knapsack+cardinality+knapsack,8,3, 3*x_0 + -3*x_0 x_1 + 1*x_0 x_2 + 4*x_0 x_3 + 4*x_0 x_4 + 4*x_0 x_5 + -5*x_0 x_6 + -1*x_0 x_7 + -2*x_1 + -2*x_1 x_2 + 3*x_1 x_3 + -3*x_1 x_4 + -5*x_1 x_5 + -1*x_1 x_6 + 1*x_1 x_7 + -5*x_2 + 1*x_2 x_4 + -4*x_2 x_5 + -5*x_2 x_6 + 1*x_2 x_7 + 2*x_3 + 3*x_3 x_4 + 2*x_3 x_5 + -4*x_3 x_6 + -3*x_3 x_7 + -4*x_4 + -2*x_4 x_5 + -2*x_4 x_6 + -4*x_4 x_7 + -1*x_5 + 1*x_5 x_6 + -5*x_6 + -5*x_6 x_7 + 3*x_7,True,5,0.8194641856352488,0.951829835604721,0.1363290322580645,0.2738,0.0,False,True,,,,,,,,False,0.8194641856352488,0.8194641856352488
"['3*x_5*x_5 + 1*x_5*x_6 + 3*x_5*x_1 + 5*x_6*x_6 + 2*x_6*x_1 + 2*x_1*x_1 <= 8', 'x_2 + x_4 + x_0 - x_7 - x_1 - x_5 == 0', 'x_4 + x_7 == 0']",cardinality+flow+quadratic_knapsack,8,3, 1*x_0 + -5*x_0 x_1 + -1*x_0 x_2 + 4*x_0 x_3 + -2*x_0 x_4 + 2*x_0 x_5 + -1*x_0 x_6 + 1*x_1 x_2 + -5*x_1 x_3 + -1*x_1 x_4 + 2*x_1 x_5 + 3*x_1 x_6 + -4*x_1 x_7 + -4*x_2 + -5*x_2 x_3 + -5*x_2 x_4 + -3*x_2 x_5 + 3*x_2 x_7 + -5*x_3 + -2*x_3 x_4 + -1*x_3 x_5 + -2*x_3 x_6 + -4*x_3 x_7 + -2*x_4 + 3*x_4 x_5 + -4*x_4 x_6 + 4*x_4 x_7 + -5*x_5 + -3*x_5 x_7 + -5*x_6 + -1*x_6 x_7,True,1,0.0024442531002892387,0.9645111036219025,0.8488958333333334,0.9295,0.0001,True,True,5.0,0.8916073534223768,0.8511776826613404,0.022483333333333334,0.0606,0.0033,False,True,0.8916073534223768,0.0024442531002892387
"['1*x_5 + 9*x_4 + 5*x_1 + 2*x_2 + 10*x_0 <= 10', '10*x_4 + 8*x_3 + 10*x_1 <= 9']",knapsack+knapsack,6,2, 4*x_0 + 4*x_0 x_1 + -3*x_0 x_2 + -2*x_0 x_3 + -5*x_0 x_4 + 4*x_0 x_5 + -2*x_1 + -5*x_1 x_2 + -2*x_1 x_3 + 3*x_1 x_4 + -5*x_1 x_5 + -1*x_2 + -3*x_2 x_3 + -5*x_2 x_4 + 2*x_2 x_5 + 2*x_3 + 3*x_3 x_4 + -1*x_3 x_5 + -4*x_4 + -2*x_4 x_5 + -2*x_5,True,2,0.021474688251813253,0.9699102489320466,0.45967142857142856,0.7669,0.0003,True,True,5.0,0.9145843912495507,0.8029461292578512,0.08949999999999991,0.1514,0.016,False,True,0.9145843912495507,0.021474688251813253
"['5*x_2 + 10*x_0 + 1*x_4 + 9*x_6 + 6*x_1 <= 19', 'x_1 + x_6 >= 0', 'x_2 + x_0 >= 1']",cardinality+cardinality+knapsack,8,3, 4*x_0 + 4*x_0 x_1 + -3*x_0 x_2 + -3*x_0 x_3 + -1*x_0 x_4 + 2*x_0 x_5 + 1*x_0 x_6 + -2*x_0 x_7 + -4*x_1 + -4*x_1 x_2 + 4*x_1 x_3 + 4*x_1 x_4 + -2*x_1 x_5 + 3*x_1 x_6 + -5*x_1 x_7 + -3*x_2 + 4*x_2 x_3 + -1*x_2 x_4 + 4*x_2 x_5 + -1*x_2 x_7 + -2*x_3 + 3*x_3 x_4 + 4*x_3 x_5 + 4*x_3 x_6 + -1*x_4 + 4*x_4 x_5 + -1*x_4 x_6 + 4*x_4 x_7 + -3*x_5 + 4*x_5 x_6 + 3*x_5 x_7 + -5*x_6 + 4*x_6 x_7 + 4*x_7,True,5,0.29983531302875943,0.82578502935918,0.3702842105263158,0.5943,0.0117,False,True,5.0,0.9446150516139137,0.8445199782162899,0.2317973684210527,0.403,0.0029,False,True,0.9446150516139137,0.29983531302875943
"['1*x_3*x_3 + 5*x_3*x_1 + 4*x_3*x_4 + 2*x_1*x_1 + 2*x_1*x_4 + 2*x_4*x_4 <= 8', 'x_0 + x_7 + x_2 == 2', 'x_3 + x_0 + x_4 + x_1 <= 1']",cardinality+quadratic_knapsack+cardinality,8,3, 1*x_0 + -3*x_0 x_1 + -5*x_0 x_2 + -2*x_0 x_3 + -2*x_0 x_4 + -4*x_0 x_5 + -5*x_0 x_6 + -2*x_0 x_7 + -2*x_1 + 2*x_1 x_4 + 4*x_1 x_5 + -2*x_1 x_6 + -4*x_1 x_7 + -1*x_2 + -5*x_2 x_4 + 4*x_2 x_5 + 2*x_2 x_6 + 2*x_2 x_7 + -5*x_3 + -5*x_3 x_4 + 2*x_3 x_5 + 1*x_3 x_6 + -3*x_3 x_7 + -2*x_4 + -1*x_4 x_5 + 1*x_4 x_6 + 4*x_4 x_7 + 3*x_5 + -2*x_5 x_6 + -2*x_5 x_7 + -5*x_6 + 1*x_6 x_7 + -3*x_7,True,1,0.0028144203291998967,0.9765697010893432,0.5045380952380952,0.8595,0.0124,True,True,5.0,0.9785976429118051,0.8733034986852439,0.04106666666666666,0.0947,0.0036,False,True,0.9785976429118051,0.0028144203291998967
"['2*x_0 + 10*x_6 + 4*x_5 <= 6', '3*x_2 + 1*x_4 + 4*x_0 + 8*x_6 <= 7', '4*x_6 + 6*x_3 + 2*x_0 + 10*x_2 <= 7']",knapsack+knapsack+knapsack,7,3, -4*x_0 + 4*x_0 x_1 + -2*x_0 x_2 + -2*x_0 x_3 + 4*x_0 x_4 + -5*x_0 x_5 + -1*x_0 x_6 + -3*x_1 x_2 + 4*x_1 x_3 + 2*x_1 x_4 + 1*x_1 x_5 + -5*x_1 x_6 + -5*x_2 + -4*x_2 x_3 + 1*x_2 x_4 + -3*x_2 x_5 + 2*x_2 x_6 + -3*x_3 + 3*x_3 x_4 + 4*x_4 + -2*x_4 x_5 + 1*x_4 x_6 + -4*x_5 + -4*x_5 x_6 + -5*x_6,True,1,0.012712739242447747,0.9771417829558495,0.6365739130434783,1.0,0.2354,True,True,5.0,0.9795829851759804,0.8015345718956551,0.08570869565217393,0.1905,0.0069,False,True,0.9795829851759804,0.012712739242447747
"['1*x_1 + 6*x_5 + 9*x_2 + 8*x_3 + 9*x_6 <= 18', 'x_2 + x_3 + x_0 + x_5 <= 2', 'x_2 + x_6 + x_4 == 2']",knapsack+cardinality+cardinality,7,3, -5*x_0 + 1*x_0 x_1 + 4*x_0 x_2 + -2*x_0 x_3 + -2*x_0 x_4 + 4*x_0 x_6 + -3*x_1 + -4*x_1 x_2 + -2*x_1 x_3 + 3*x_1 x_4 + 4*x_1 x_5 + 4*x_1 x_6 + 1*x_2 + -5*x_2 x_3 + -5*x_2 x_4 + -3*x_2 x_5 + 3*x_2 x_6 + -3*x_3 + 1*x_3 x_4 + -5*x_3 x_6 + -4*x_4 + 1*x_4 x_5 + -3*x_4 x_6 + 3*x_5 + -1*x_5 x_6 + 1*x_6,True,1,0.032886962758170234,0.91179363672936,0.3919310344827586,0.9631,0.0001,True,True,5.0,1.0500207016203138,0.8361735684515095,0.09893448275862067,0.1895,0.0096,False,True,1.0500207016203138,0.032886962758170234
"['2*x_0 + 10*x_2 + 4*x_4 <= 6', '4*x_1 + 5*x_3 + 3*x_0 + 7*x_4 + 6*x_2 <= 11', 'x_2 + x_0 == 0']",knapsack+knapsack+cardinality,5,3, -3*x_0 + -4*x_0 x_1 + -5*x_0 x_2 + -4*x_0 x_3 + -2*x_0 x_4 + -4*x_1 + -1*x_1 x_2 + -3*x_1 x_3 + -2*x_1 x_4 + -5*x_2 + 4*x_2 x_3 + 1*x_2 x_4 + -2*x_3 + -4*x_3 x_4 + 1*x_4,True,1,0.013226170672310723,0.9718044731304024,0.5014499999999998,1.0,0.0029,True,True,5.0,1.1008610475725598,0.8265182969302874,0.06846999999999998,0.1834,0.0259,False,True,1.1008610475725598,0.013226170672310723
"['2*x_4*x_4 + 5*x_4*x_5 + 2*x_4*x_6 + 2*x_5*x_5 + 1*x_5*x_6 + 1*x_6*x_6 <= 7', 'x_1 + x_2 + x_6 + x_5 + x_4 == 2', 'x_4 + x_1 + x_6 <= 0']",cardinality+quadratic_knapsack+cardinality,8,3, 1*x_0 + -5*x_0 x_1 + -1*x_0 x_2 + 4*x_0 x_3 + -2*x_0 x_4 + 2*x_0 x_5 + -1*x_0 x_6 + 1*x_1 x_2 + -5*x_1 x_3 + -1*x_1 x_4 + 2*x_1 x_5 + 3*x_1 x_6 + -4*x_1 x_7 + -4*x_2 + -5*x_2 x_3 + -5*x_2 x_4 + -3*x_2 x_5 + 3*x_2 x_7 + -5*x_3 + -2*x_3 x_4 + -1*x_3 x_5 + -2*x_3 x_6 + -4*x_3 x_7 + -2*x_4 + 3*x_4 x_5 + -4*x_4 x_6 + 4*x_4 x_7 + -5*x_5 + -3*x_5 x_7 + -5*x_6 + -1*x_6 x_7,True,5,0.5071559854348501,0.9437958135262622,0.08261764705882355,0.1706,0.0057,False,True,5.0,1.101145370470153,0.8550284546854003,0.010735294117647056,0.0324,0.0035,False,True,1.101145370470153,0.5071559854348501
"['5*x_1*x_1 + 3*x_1*x_3 + 5*x_1*x_5 + 4*x_3*x_3 + 5*x_3*x_5 + 3*x_5*x_5 <= 14', 'x_0 + x_1 + x_4 + x_5 + x_3 >= 3']",cardinality+quadratic_knapsack,6,2, -2*x_0 + -4*x_0 x_1 + 2*x_0 x_2 + 2*x_0 x_3 + 3*x_0 x_4 + -5*x_0 x_5 + -1*x_1 + 1*x_1 x_3 + -2*x_1 x_4 + -5*x_2 x_3 + 4*x_2 x_4 + 3*x_2 x_5 + 3*x_3 + -3*x_3 x_4 + 2*x_3 x_5 + -1*x_4 + 2*x_4 x_5 + 3*x_5,True,1,0.008570804728402031,0.8726849654489206,0.3974777777777777,0.8709,0.0401,True,True,5.0,1.2912376958794063,0.8737074042847597,0.17107777777777777,0.3675,0.0156,False,True,1.2912376958794063,0.008570804728402031
"['2*x_7*x_7 + 5*x_7*x_0 + 2*x_7*x_6 + 2*x_0*x_0 + 1*x_0*x_6 + 1*x_6*x_6 <= 7', '7*x_1 + 10*x_7 + 9*x_2 <= 8', 'x_5 + x_4 + x_1 <= 0']",quadratic_knapsack+cardinality+knapsack,8,3, 1*x_0 + -3*x_0 x_1 + -5*x_0 x_2 + -2*x_0 x_3 + -2*x_0 x_4 + -4*x_0 x_5 + -5*x_0 x_6 + -2*x_0 x_7 + -2*x_1 + 2*x_1 x_4 + 4*x_1 x_5 + -2*x_1 x_6 + -4*x_1 x_7 + -1*x_2 + -5*x_2 x_4 + 4*x_2 x_5 + 2*x_2 x_6 + 2*x_2 x_7 + -5*x_3 + -5*x_3 x_4 + 2*x_3 x_5 + 1*x_3 x_6 + -3*x_3 x_7 + -2*x_4 + -1*x_4 x_5 + 1*x_4 x_6 + 4*x_4 x_7 + 3*x_5 + -2*x_5 x_6 + -2*x_5 x_7 + -5*x_6 + 1*x_6 x_7 + -3*x_7,True,1,0.005672103497717115,0.9686230500851558,0.44343125,0.8599,0.1493,True,True,5.0,1.3021169318755468,0.7999111663183799,0.014837499999999998,0.032,0.0041,False,True,1.3021169318755468,0.005672103497717115
"['4*x_2 + 6*x_1 + 1*x_0 + 1*x_4 <= 6', '5*x_3*x_3 + 3*x_3*x_4 + 5*x_3*x_2 + 4*x_4*x_4 + 5*x_4*x_2 + 3*x_2*x_2 <= 14', 'x_4 + x_5 + x_3 + x_1 == 1']",cardinality+quadratic_knapsack+knapsack,6,3, 4*x_0 + -1*x_0 x_1 + 3*x_0 x_2 + -1*x_0 x_3 + -4*x_0 x_4 + 1*x_0 x_5 + 3*x_1 + 1*x_1 x_2 + -3*x_1 x_3 + -5*x_1 x_4 + -2*x_1 x_5 + -2*x_2 + -4*x_2 x_3 + -3*x_2 x_4 + 2*x_2 x_5 + -5*x_3 + -2*x_3 x_4 + 4*x_4 + -5*x_5,True,1,0.02440238336722056,0.9421340183016967,0.31410000000000005,0.9943,0.0056,True,True,5.0,1.3052472969558504,0.8657124714067523,0.07659999999999997,0.208,0.0176,False,True,1.3052472969558504,0.02440238336722056
"['1*x_3 + 6*x_4 + 9*x_5 + 8*x_0 + 9*x_2 <= 18', '4*x_3 + 5*x_2 + 3*x_1 + 7*x_4 + 6*x_0 <= 11']",knapsack+knapsack,6,2, 2*x_0 + -5*x_0 x_1 + 2*x_0 x_2 + -4*x_0 x_3 + -2*x_0 x_4 + 4*x_0 x_5 + -4*x_1 + -5*x_1 x_2 + -5*x_1 x_3 + -5*x_1 x_4 + -5*x_1 x_5 + 1*x_2 + 4*x_2 x_3 + -1*x_2 x_4 + -1*x_2 x_5 + -5*x_3 + -5*x_3 x_5 + -1*x_4 + 1*x_4 x_5 + -1*x_5,True,1,0.012861627141634623,0.9576112965941467,0.27702666666666664,0.9997,0.0,True,True,5.0,1.446508866349856,0.8377958010696859,0.14885333333333312,0.4106,0.0171,False,True,1.446508866349856,0.012861627141634623
"['3*x_3*x_3 + 1*x_3*x_1 + 3*x_3*x_0 + 1*x_1*x_1 + 4*x_1*x_0 + 3*x_0*x_0 <= 5', '5*x_1*x_1 + 1*x_1*x_2 + 2*x_1*x_0 + 5*x_2*x_2 + 1*x_2*x_0 + 3*x_0*x_0 <= 6']",quadratic_knapsack+quadratic_knapsack,4,2, 1*x_0 + -4*x_0 x_1 + 3*x_0 x_2 + 1*x_0 x_3 + -3*x_1 x_2 + -5*x_1 x_3 + -3*x_2 + -5*x_2 x_3 + -3*x_3,True,1,0.006987010704146491,0.9730195612486756,0.21881666666666663,0.9937,0.0028,True,True,5.0,1.5671322723892,0.8462302545146919,0.16566666666666668,0.4339,0.0661,False,True,1.5671322723892,0.006987010704146491
"['3*x_3*x_3 + 1*x_3*x_2 + 3*x_3*x_4 + 5*x_2*x_2 + 2*x_2*x_4 + 2*x_4*x_4 <= 8', 'x_0 + x_1 + x_2 + x_6 >= 0', 'x_4 + x_6 + x_1 - x_3 == 0']",flow+cardinality+quadratic_knapsack,7,3, -4*x_0 + 4*x_0 x_1 + -2*x_0 x_2 + -2*x_0 x_3 + 4*x_0 x_4 + -5*x_0 x_5 + -1*x_0 x_6 + -3*x_1 x_2 + 4*x_1 x_3 + 2*x_1 x_4 + 1*x_1 x_5 + -5*x_1 x_6 + -5*x_2 + -4*x_2 x_3 + 1*x_2 x_4 + -3*x_2 x_5 + 2*x_2 x_6 + -3*x_3 + 3*x_3 x_4 + 4*x_4 + -2*x_4 x_5 + 1*x_4 x_6 + -4*x_5 + -4*x_5 x_6 + -5*x_6,True,1,0.04015237318144904,0.9321816562188051,0.3122781250000002,1.0,0.0439,True,True,5.0,1.6905009504159292,0.8435163045736255,0.061690625000000006,0.1645,0.0105,False,True,1.6905009504159292,0.04015237318144904
"['1*x_3*x_3 + 5*x_3*x_1 + 1*x_3*x_5 + 3*x_1*x_1 + 3*x_1*x_5 + 5*x_5*x_5 <= 10', '6*x_5 + 7*x_1 + 8*x_4 + 9*x_2 + 5*x_0 <= 14', 'x_2 + x_4 + x_3 <= 0']",knapsack+cardinality+quadratic_knapsack,6,3, -5*x_0 + -1*x_0 x_1 + 3*x_0 x_2 + -5*x_0 x_3 + 1*x_0 x_4 + -5*x_0 x_5 + -1*x_1 + 2*x_1 x_2 + 1*x_1 x_3 + -4*x_1 x_4 + 2*x_1 x_5 + 3*x_2 + -4*x_2 x_4 + 2*x_2 x_5 + 3*x_3 + 2*x_3 x_4 + -1*x_3 x_5 + 4*x_4 + 2*x_5,True,1,0.05025699549251132,0.973319860123792,0.2700499999999998,0.9721,0.0,True,True,5.0,1.8614244275622898,0.8505876124053962,0.05129999999999996,0.0991,0.0155,False,True,1.8614244275622898,0.05025699549251132
"['1*x_6 + 9*x_5 + 5*x_0 + 2*x_1 + 10*x_3 <= 10', '8*x_3 + 5*x_1 + 7*x_6 + 4*x_2 <= 11', 'x_3 + x_4 + x_5 + x_6 + x_0 >= 0']",cardinality+knapsack+knapsack,7,3, -1*x_0 + 4*x_0 x_1 + 1*x_0 x_2 + -2*x_0 x_3 + 3*x_0 x_4 + -1*x_0 x_5 + 4*x_0 x_6 + 2*x_1 + 2*x_1 x_2 + -1*x_1 x_3 + -2*x_1 x_4 + -1*x_1 x_5 + 3*x_1 x_6 + -1*x_2 + -5*x_2 x_3 + -2*x_2 x_4 + 2*x_2 x_5 + -1*x_2 x_6 + 2*x_3 + -1*x_3 x_5 + -3*x_4 + 3*x_4 x_5 + -2*x_4 x_6 + -1*x_5 x_6 + -5*x_6,True,5,1.9370242289039823,0.8795692332111033,0.21854761904761902,0.4698,0.0,False,True,,,,,,,,False,1.9370242289039823,1.9370242289039823
"['1*x_4*x_4 + 5*x_4*x_1 + 1*x_4*x_2 + 3*x_1*x_1 + 3*x_1*x_2 + 5*x_2*x_2 <= 10', '2*x_2 + 6*x_5 + 1*x_3 <= 3', 'x_6 + x_0 + x_3 >= 0']",quadratic_knapsack+knapsack+cardinality,8,3, 1*x_0 + -3*x_0 x_1 + -5*x_0 x_2 + -2*x_0 x_3 + -2*x_0 x_4 + -4*x_0 x_5 + -5*x_0 x_6 + -2*x_0 x_7 + -2*x_1 + 2*x_1 x_4 + 4*x_1 x_5 + -2*x_1 x_6 + -4*x_1 x_7 + -1*x_2 + -5*x_2 x_4 + 4*x_2 x_5 + 2*x_2 x_6 + 2*x_2 x_7 + -5*x_3 + -5*x_3 x_4 + 2*x_3 x_5 + 1*x_3 x_6 + -3*x_3 x_7 + -2*x_4 + -1*x_4 x_5 + 1*x_4 x_6 + 4*x_4 x_7 + 3*x_5 + -2*x_5 x_6 + -2*x_5 x_7 + -5*x_6 + 1*x_6 x_7 + -3*x_7,True,1,0.0031087986628214517,0.9731889262515252,0.43615,0.9998,0.0194,True,True,5.0,2.17949630704191,0.8545155517675765,0.15415555555555555,0.3861,0.0046,False,True,2.17949630704191,0.0031087986628214517
"['1*x_2 + 4*x_1 + 8*x_3 + 10*x_7 + 8*x_5 <= 16', '2*x_4*x_4 + 5*x_4*x_5 + 2*x_4*x_0 + 2*x_5*x_5 + 1*x_5*x_0 + 1*x_0*x_0 <= 7', 'x_7 + x_2 + x_5 + x_4 <= 4']",knapsack+quadratic_knapsack+cardinality,8,3, 2*x_0 + -5*x_0 x_1 + 2*x_0 x_2 + 3*x_0 x_3 + -4*x_0 x_4 + -1*x_0 x_5 + -3*x_0 x_6 + -2*x_0 x_7 + 2*x_1 + -5*x_1 x_2 + 3*x_1 x_3 + -2*x_1 x_4 + 4*x_1 x_5 + -5*x_1 x_6 + 1*x_1 x_7 + -5*x_2 + 4*x_2 x_3 + 4*x_2 x_4 + -1*x_2 x_5 + -5*x_2 x_7 + -1*x_3 + 1*x_3 x_4 + 1*x_3 x_5 + 4*x_3 x_6 + 3*x_3 x_7 + -1*x_4 + -5*x_4 x_5 + -2*x_4 x_6 + -2*x_4 x_7 + -3*x_5 + -4*x_5 x_7 + 4*x_6 + 3*x_6 x_7 + -1*x_7,True,5,2.234464543329345,0.8966172081619285,0.24459705882352947,0.6189,0.0,False,True,,,,,,,,False,2.234464543329345,2.234464543329345
"['1*x_2*x_2 + 5*x_2*x_1 + 4*x_2*x_3 + 2*x_1*x_1 + 2*x_1*x_3 + 2*x_3*x_3 <= 8', '7*x_0 + 10*x_3 + 9*x_4 <= 8', 'x_2 - x_3 == 0']",knapsack+flow+quadratic_knapsack,5,3, -3*x_0 + -4*x_0 x_1 + -5*x_0 x_2 + -4*x_0 x_3 + -2*x_0 x_4 + -4*x_1 + -1*x_1 x_2 + -3*x_1 x_3 + -2*x_1 x_4 + -5*x_2 + 4*x_2 x_3 + 1*x_2 x_4 + -2*x_3 + -4*x_3 x_4 + 1*x_4,True,5,1.785811075899336,0.9388351161732786,0.0,0.501,0.0,False,True,5.0,6.982249819570118,0.8163325256660087,0.04745454545454544,0.1308,0.0249,False,True,6.982249819570118,1.785811075899336
