method,constraint_type,n_x,est_shots_mean,est_shots_std,est_shots_median,est_shots_q25,est_shots_q75,optimize_time_mean,optimize_time_std,optimize_time_median,optimize_time_q25,optimize_time_q75,num_gamma_mean,num_gamma_std,num_gamma_median,num_gamma_q25,num_gamma_q75,num_beta_mean,num_beta_std,num_beta_median,num_beta_q25,num_beta_q75
PC-QAOA,assignment+cardinality,4,106347657.0,0.0,106347657.0,106347657.0,106347657.0,2.403159761428833,0.8332665927607411,2.2851901054382324,1.6701841354370117,3.028352975845337,9.0,0.0,9.0,9.0,9.0,2.0,0.0,2.0,2.0,2.0
PC-QAOA,assignment+cardinality,5,93847657.0,0.0,93847657.0,93847657.0,93847657.0,4.0485621929168705,1.3985744263907585,3.653660774230957,2.800687789916992,5.152868747711182,11.0,0.0,11.0,11.0,11.0,2.0,0.0,2.0,2.0,2.0
PC-QAOA,assignment+cardinality,6,100000000.0,0.0,100000000.0,100000000.0,100000000.0,5.633594560623169,2.114409753844615,4.981996297836304,4.316210985183716,6.576256275177002,17.0,0.0,17.0,17.0,17.0,2.0,0.0,2.0,2.0,2.0
PC-QAOA,assignment+cardinality,7,440950521.3333333,216402502.85058174,549316407.0,148535157.0,625000000.0,8.508837747573853,4.085678342222698,7.64460015296936,5.36602520942688,10.610989689826965,26.0,1.4638501094227998,27.0,24.0,27.0,2.0,0.0,2.0,2.0,2.0
PC-QAOA,assignment+cardinality,8,1225000000.0,0.0,1225000000.0,1225000000.0,1225000000.0,15.881481552124024,6.20888519528026,15.74226427078247,11.814234972000122,20.795828819274902,35.0,0.0,35.0,35.0,35.0,2.0,0.0,2.0,2.0,2.0
PC-QAOA,assignment+flow,7,862890625.0,0.0,862890625.0,862890625.0,862890625.0,10.726818799972534,6.090562222969309,9.928191661834717,6.521216869354248,13.34170150756836,26.0,0.0,26.0,26.0,26.0,2.0,0.0,2.0,2.0,2.0
PC-QAOA,assignment+knapsack,6,87890625.0,0.0,87890625.0,87890625.0,87890625.0,8.76736102104187,3.896567593601505,8.033028364181519,5.791150093078613,11.852833986282349,16.0,0.0,16.0,16.0,16.0,2.0,0.0,2.0,2.0,2.0
PC-QAOA,assignment+quadratic_knapsack,6,126562500.0,0.0,126562500.0,126562500.0,126562500.0,34.704540967941284,18.663853858146965,31.913928270339966,21.26778531074524,46.915560245513916,19.0,0.0,19.0,19.0,19.0,2.0,0.0,2.0,2.0,2.0
PC-QAOA,cardinality+assignment,4,66015625.0,0.0,66015625.0,66015625.0,66015625.0,2.343905544281006,0.6443976644224121,2.166567802429199,2.0604159832000732,2.742399215698242,10.0,0.0,10.0,10.0,10.0,2.0,0.0,2.0,2.0,2.0
PC-QAOA,cardinality+assignment,6,656640625.0,0.0,656640625.0,656640625.0,656640625.0,9.888754987716675,3.9800178432151796,10.441649675369263,6.619914770126343,12.462449073791504,20.0,0.0,20.0,20.0,20.0,2.0,0.0,2.0,2.0,2.0
PC-QAOA,cardinality+assignment+cardinality,8,773535157.0,0.0,773535157.0,773535157.0,773535157.0,12.371866178512573,6.318617058437867,11.707109212875366,7.68245267868042,16.520090103149414,34.0,0.0,34.0,34.0,34.0,3.0,0.0,3.0,3.0,3.0
PC-QAOA,cardinality+cardinality,5,376708984.75,142298408.9936227,378173828.5,251977539.25,502905274.0,6.26806823015213,2.8962338645951826,5.695443511009216,4.04075413942337,8.415974855422974,14.75,0.4442616583193196,15.0,14.75,15.0,2.0,0.0,2.0,2.0,2.0
PC-QAOA,cardinality+cardinality,6,241662597.75,150986025.4240778,206640625.0,119921875.0,284350586.5,8.426388245820998,3.8962466229916792,7.799619436264038,5.5803908705711365,10.693416893482208,19.0,1.3397282541141668,19.0,18.5,20.0,1.875,0.3349320635285419,2.0,2.0,2.0
PC-QAOA,cardinality+cardinality,7,492592773.85,244098104.6283585,549316407.0,254003907.0,625000000.0,10.533213565349579,5.7915896045674335,9.00596559047699,5.8343857526779175,14.231796979904175,25.65,1.1579762911688178,26.0,24.75,27.0,1.8,0.4020151261036848,2.0,2.0,2.0
PC-QAOA,cardinality+cardinality,8,948408203.5,266731330.2684913,1008056641.0,739160157.0,1225000000.0,12.051680521965027,6.773340878129482,10.298843145370483,7.395219683647156,14.140676438808441,33.9,1.4603605928757766,34.0,33.0,35.0,1.8,0.4040610178208844,2.0,2.0,2.0
PC-QAOA,cardinality+cardinality+assignment,8,1097265625.0,0.0,1097265625.0,1097265625.0,1097265625.0,14.8118492603302,7.090290484990629,14.027367353439331,10.747158527374268,19.280545234680176,33.0,0.0,33.0,33.0,33.0,3.0,0.0,3.0,3.0,3.0
PC-QAOA,cardinality+cardinality+cardinality,7,254003907.0,0.0,254003907.0,254003907.0,254003907.0,11.90246410369873,5.302491719140506,11.646411657333374,7.9287285804748535,14.972557783126831,24.0,0.0,24.0,24.0,24.0,2.0,0.0,2.0,2.0,2.0
PC-QAOA,cardinality+cardinality+cardinality,8,640722657.0,0.0,640722657.0,640722657.0,640722657.0,19.142833042144776,9.174020367992258,17.123680353164673,11.427888870239258,25.161375522613525,31.0,0.0,31.0,31.0,31.0,3.0,0.0,3.0,3.0,3.0
PC-QAOA,cardinality+flow,5,492285157.0,0.0,492285157.0,492285157.0,492285157.0,2.9027077674865724,1.0072151065705988,2.426071882247925,2.299301862716675,3.4736506938934326,15.0,0.0,15.0,15.0,15.0,1.0,0.0,1.0,1.0,1.0
PC-QAOA,cardinality+flow,8,1205664062.5,114261985.76780275,1205664062.5,1097265625.0,1314062500.0,14.41984851360321,6.71414421391339,12.976737976074219,9.229056656360626,18.812927305698395,33.0,0.0,33.0,33.0,33.0,2.0,0.0,2.0,2.0,2.0
PC-QAOA,cardinality+independent_set,6,133691407.0,0.0,133691407.0,133691407.0,133691407.0,4.48301739692688,1.7058710197871756,4.323347806930542,3.4405667781829834,5.399435997009277,19.0,0.0,19.0,19.0,19.0,2.0,0.0,2.0,2.0,2.0
PC-QAOA,cardinality+independent_set+quadratic_knapsack,8,1181640625.0,0.0,1181640625.0,1181640625.0,1181640625.0,13.33992691040039,6.829386469387407,12.660979747772217,8.485914707183838,17.512706995010376,34.0,0.0,34.0,34.0,34.0,3.0,0.0,3.0,3.0,3.0
PC-QAOA,cardinality+knapsack,5,214965820.5,193824789.40151528,141015625.0,116528320.5,239453125.0,9.405291056632995,3.999436898939288,8.703537106513977,5.607655346393585,13.126755058765411,13.75,0.8506963092234009,13.5,13.0,14.25,2.0,0.0,2.0,2.0,2.0
PC-QAOA,cardinality+knapsack,6,426093750.0,251982571.55928245,564062500.0,126562500.0,656640625.0,8.47366569519043,4.525176795170234,7.810093402862549,5.502633333206177,9.87519884109497,19.0,1.1180339887498945,19.0,19.0,20.0,1.8,0.408248290463863,2.0,2.0,2.0
PC-QAOA,cardinality+knapsack,7,342073568.3333333,152566081.97940272,274707032.0,206640625.0,549316407.0,25.899567246437073,26.773751796587973,19.828131914138794,12.150576114654541,29.68776798248291,25.0,1.1744404390294068,24.5,24.0,26.0,2.0,0.0,2.0,2.0,2.0
PC-QAOA,cardinality+knapsack,8,880611979.4666667,280265562.4872282,773535157.0,625000000.0,1225000000.0,25.266947892506916,21.876277681902373,20.011942863464355,13.023558259010315,30.193785190582275,34.06666666666667,1.0696467380140682,34.0,34.0,35.0,1.9333333333333333,0.25112360116696136,2.0,2.0,2.0
PC-QAOA,cardinality+knapsack+cardinality,8,492285157.0,0.0,492285157.0,492285157.0,492285157.0,9.899238586425781,5.122163316494704,9.133859157562256,6.397607326507568,12.725172281265259,32.0,0.0,32.0,32.0,32.0,2.0,0.0,2.0,2.0,2.0
PC-QAOA,cardinality+quadratic_knapsack,5,85205078.5,9110077.638933849,85205078.5,76562500.0,93847657.0,10.524210000038147,5.377681611377056,10.261524081230164,6.292441725730896,12.861539244651794,13.0,2.1081851067789197,13.0,11.0,15.0,1.5,0.5270462766947298,1.5,1.0,2.0
PC-QAOA,cardinality+quadratic_knapsack,6,249060058.875,130536360.69672632,230322266.0,186621093.75,254003907.0,9.41033918261528,4.175397262579848,8.810329556465149,6.221978485584259,12.23356944322586,19.0,0.8770580193070301,19.0,19.0,19.25,2.0,0.0,2.0,2.0,2.0
PC-QAOA,cardinality+quadratic_knapsack,7,542749024.0,156158191.2540004,549316407.0,531616211.5,549316407.0,14.669000858068467,9.390317649069402,12.09817910194397,8.401040077209473,17.411845207214355,25.5,1.3397282541141673,25.5,24.0,27.0,1.875,0.33493206352854193,2.0,2.0,2.0
PC-QAOA,cardinality+quadratic_knapsack,8,794775391.0,318852703.13243514,794775391.0,492285157.0,1097265625.0,14.333651852607726,8.575309932829224,12.78293526172638,8.003913879394531,16.922963738441467,32.5,0.5270462766947306,32.5,32.0,33.0,2.0,0.0,2.0,2.0,2.0
PC-QAOA,cardinality+quadratic_knapsack+cardinality,8,625000000.0,0.0,625000000.0,625000000.0,625000000.0,17.577152967453003,9.117898974081298,18.441603183746338,11.336838245391846,19.053622007369995,34.0,0.0,34.0,34.0,34.0,3.0,0.0,3.0,3.0,3.0
PC-QAOA,flow+assignment,7,295410157.0,0.0,295410157.0,295410157.0,295410157.0,11.506850147247315,4.938274793935996,10.581475257873535,8.037537574768066,15.184695959091187,25.0,0.0,25.0,25.0,25.0,2.0,0.0,2.0,2.0,2.0
PC-QAOA,flow+cardinality,7,148535157.0,0.0,148535157.0,148535157.0,148535157.0,9.793222904205322,4.252536673638886,10.355191946029663,6.52846622467041,11.205139875411987,24.0,0.0,24.0,24.0,24.0,2.0,0.0,2.0,2.0,2.0
PC-QAOA,flow+cardinality,8,846191407.0,76586412.08220293,846191407.0,773535157.0,918847657.0,11.910669326782227,5.420665123569639,11.135117411613464,7.604185521602631,16.298507928848267,35.0,1.0540925533894572,35.0,34.0,36.0,2.0,0.0,2.0,2.0,2.0
PC-QAOA,flow+cardinality+independent_set,8,1097265625.0,0.0,1097265625.0,1097265625.0,1097265625.0,14.214070367813111,6.5209220588033645,12.305629968643188,9.734291076660156,19.36599063873291,33.0,0.0,33.0,33.0,33.0,3.0,0.0,3.0,3.0,3.0
PC-QAOA,flow+flow,8,640722657.0,0.0,640722657.0,640722657.0,640722657.0,7.415457105636596,3.2300069912093092,6.891419172286987,5.180609226226807,9.985705375671387,31.0,0.0,31.0,31.0,31.0,2.0,0.0,2.0,2.0,2.0
PC-QAOA,flow+quadratic_knapsack,6,656640625.0,0.0,656640625.0,656640625.0,656640625.0,6.816763544082642,2.702535564193296,6.052241802215576,5.444765567779541,7.618046045303345,20.0,0.0,20.0,20.0,20.0,2.0,0.0,2.0,2.0,2.0
PC-QAOA,flow+quadratic_knapsack,8,1225000000.0,0.0,1225000000.0,1225000000.0,1225000000.0,30.691597080230714,15.382742759604607,30.169841527938843,20.26905345916748,40.638550996780396,35.0,0.0,35.0,35.0,35.0,2.0,0.0,2.0,2.0,2.0
PC-QAOA,independent_set+knapsack,5,534765625.0,0.0,534765625.0,534765625.0,534765625.0,4.379567050933838,1.8760077960700632,4.083806753158569,3.0065042972564697,5.383876800537109,15.0,0.0,15.0,15.0,15.0,2.0,0.0,2.0,2.0,2.0
PC-QAOA,independent_set+quadratic_knapsack,5,76562500.0,0.0,76562500.0,76562500.0,76562500.0,7.567065906524658,2.8896486177986738,6.680764436721802,5.301811218261719,8.464499473571777,15.0,0.0,15.0,15.0,15.0,2.0,0.0,2.0,2.0,2.0
PC-QAOA,independent_set+quadratic_knapsack,6,375390625.0,0.0,375390625.0,375390625.0,375390625.0,21.544220781326295,10.602941192815246,22.729886293411255,13.436283349990845,26.491408824920654,21.0,0.0,21.0,21.0,21.0,2.0,0.0,2.0,2.0,2.0
PC-QAOA,independent_set+quadratic_knapsack+knapsack,8,739160157.0,0.0,739160157.0,739160157.0,739160157.0,18.753917121887206,8.073222121681424,18.539507627487183,13.02632212638855,23.963955640792847,34.0,0.0,34.0,34.0,34.0,3.0,0.0,3.0,3.0,3.0
PC-QAOA,knapsack+assignment,5,492285157.0,0.0,492285157.0,492285157.0,492285157.0,3.8744664192199707,1.5089283956587685,3.7365026473999023,2.786020278930664,4.751467943191528,15.0,0.0,15.0,15.0,15.0,2.0,0.0,2.0,2.0,2.0
PC-QAOA,knapsack+assignment,6,87890625.0,0.0,87890625.0,87890625.0,87890625.0,12.72987208366394,5.2476258276835805,11.981225490570068,8.831001281738281,16.500699281692505,16.0,0.0,16.0,16.0,16.0,2.0,0.0,2.0,2.0,2.0
PC-QAOA,knapsack+cardinality,5,93847657.0,0.0,93847657.0,93847657.0,93847657.0,3.2189902782440187,1.0228321617835858,3.117676258087158,2.4388630390167236,3.795620918273926,11.0,0.0,11.0,11.0,11.0,2.0,0.0,2.0,2.0,2.0
PC-QAOA,knapsack+cardinality,6,249865722.75,176839270.348593,166601562.5,126562500.0,284350586.5,12.537847656011582,7.60290555359099,11.03976023197174,6.645050466060638,16.286539494991302,18.75,1.4978617237881944,19.0,17.0,20.0,2.0,0.0,2.0,2.0,2.0
PC-QAOA,knapsack+cardinality,7,345068360.0,127611745.58992931,295410157.0,254003907.0,478515625.0,11.166926797231039,5.902844348270845,10.315741539001465,6.537062168121338,14.244789838790894,24.833333333333332,0.6989318615762461,25.0,24.0,25.0,1.6666666666666667,0.47946330148538413,2.0,1.0,2.0
PC-QAOA,knapsack+cardinality,8,806945801.25,255208841.42780676,756347657.0,636791992.75,854467774.0,28.074877560138702,20.73668165869198,22.828301310539246,13.630239844322205,36.12025308609009,33.125,1.066686698529851,33.5,32.75,34.0,1.875,0.3349320635285418,2.0,2.0,2.0
PC-QAOA,knapsack+cardinality+cardinality,8,682080078.5,60167685.69373579,682080078.5,625000000.0,739160157.0,19.587766075134276,8.944674303349144,19.169073462486267,12.126347303390503,24.292030215263367,34.0,0.0,34.0,34.0,34.0,3.0,0.0,3.0,3.0,3.0
PC-QAOA,knapsack+cardinality+quadratic_knapsack,8,1181640625.0,0.0,1181640625.0,1181640625.0,1181640625.0,18.719060373306274,8.184969953422467,17.034242868423462,13.485575675964355,24.964168310165405,34.0,0.0,34.0,34.0,34.0,3.0,0.0,3.0,3.0,3.0
PC-QAOA,knapsack+flow,7,549316407.0,0.0,549316407.0,549316407.0,549316407.0,28.201220321655274,41.34342852212587,15.231281757354736,10.309056758880615,21.89169406890869,25.5,1.58113883008419,25.5,24.0,27.0,2.0,0.0,2.0,2.0,2.0
PC-QAOA,knapsack+flow,8,1126972656.4,193660949.13831952,1225000000.0,1097265625.0,1225000000.0,20.228539838790894,10.848462568455037,18.23946213722229,11.978312492370605,27.337132453918457,34.0,0.9128709291752776,34.0,33.0,35.0,2.0,0.0,2.0,2.0,2.0
PC-QAOA,knapsack+independent_set,7,295410157.0,0.0,295410157.0,295410157.0,295410157.0,12.400001764297485,6.080676119590198,11.293793678283691,8.64017939567566,15.71498441696167,25.0,0.0,25.0,25.0,25.0,2.0,0.0,2.0,2.0,2.0
PC-QAOA,knapsack+knapsack,6,100000000.0,0.0,100000000.0,100000000.0,100000000.0,6.899638509750366,3.1209719566638743,5.942816495895386,5.831831216812134,7.933980703353882,17.0,0.0,17.0,17.0,17.0,2.0,0.0,2.0,2.0,2.0
PC-QAOA,knapsack+knapsack,7,317285157.0,175580242.2155557,254003907.0,148535157.0,549316407.0,13.380355278650919,7.318220293225949,12.655726909637451,8.62414026260376,15.844255805015564,24.0,0.0,24.0,24.0,24.0,2.0,0.0,2.0,2.0,2.0
PC-QAOA,knapsack+knapsack,8,887011719.2857143,203967326.58731973,773535157.0,739160157.0,1181640625.0,32.264448983328684,22.172083045774365,26.66554307937622,17.98872745037079,38.8581268787384,33.857142857142854,1.375047745542318,34.0,34.0,34.0,2.0,0.0,2.0,2.0,2.0
PC-QAOA,knapsack+quadratic_knapsack,6,126562500.0,0.0,126562500.0,126562500.0,126562500.0,13.164408540725708,5.965416556785495,12.653544664382935,9.452814817428589,16.678512573242188,19.0,0.0,19.0,19.0,19.0,2.0,0.0,2.0,2.0,2.0
PC-QAOA,knapsack+quadratic_knapsack,7,502187500.6,223094233.42844582,549316407.0,295410157.0,549316407.0,22.542067489624024,15.549702242711806,15.69690728187561,11.22562026977539,31.082809686660767,25.2,1.1902380714238092,25.0,24.0,26.0,2.0,0.0,2.0,2.0,2.0
PC-QAOA,knapsack+quadratic_knapsack,8,632861328.5,8286567.831598319,632861328.5,625000000.0,640722657.0,54.58658919334412,31.990754575158586,50.46361994743347,30.445277631282806,67.50613516569138,32.5,1.58113883008419,32.5,31.0,34.0,2.0,0.0,2.0,2.0,2.0
PC-QAOA,quadratic_knapsack+assignment,6,133691407.0,0.0,133691407.0,133691407.0,133691407.0,41.363998126983645,20.059640533288672,39.766634464263916,30.59776210784912,49.92193937301636,19.0,0.0,19.0,19.0,19.0,2.0,0.0,2.0,2.0,2.0
PC-QAOA,quadratic_knapsack+cardinality,5,534765625.0,0.0,534765625.0,534765625.0,534765625.0,9.59609489440918,4.061013901129181,9.49069356918335,6.599687576293945,12.539022445678711,15.0,0.0,15.0,15.0,15.0,2.0,0.0,2.0,2.0,2.0
PC-QAOA,quadratic_knapsack+cardinality,6,215862165.2857143,111309830.08436318,126562500.0,126562500.0,375390625.0,12.019245658602033,7.256206820346982,10.332401514053345,6.443003535270691,16.64917027950287,19.285714285714285,1.2964074471043288,19.0,19.0,21.0,1.7142857142857142,0.4583492485141056,2.0,1.0,2.0
PC-QAOA,quadratic_knapsack+cardinality,7,384889915.1818182,174986034.7938834,295410157.0,206640625.0,549316407.0,26.92118085080927,30.80726615885901,15.122803449630737,8.730541467666626,29.485129594802856,25.363636363636363,1.3104089885114938,25.0,24.0,27.0,1.9090909090909092,0.2901294265928299,2.0,2.0,2.0
PC-QAOA,quadratic_knapsack+cardinality,8,918826730.2857143,247466965.85424542,918847657.0,640722657.0,1097265625.0,33.841004620279584,49.990447019324485,21.341055989265442,12.58361703157425,32.397881507873535,33.57142857142857,1.602275814171545,33.5,33.0,34.0,1.8571428571428572,0.3524536884251208,2.0,2.0,2.0
PC-QAOA,quadratic_knapsack+cardinality+independent_set,8,625000000.0,0.0,625000000.0,625000000.0,625000000.0,19.536440134048462,8.607461021316373,18.769421339035034,13.959642887115479,25.070860385894775,34.0,0.0,34.0,34.0,34.0,3.0,0.0,3.0,3.0,3.0
PC-QAOA,quadratic_knapsack+flow,6,126562500.0,0.0,126562500.0,126562500.0,126562500.0,9.40643606185913,4.816579284667324,8.040512323379517,5.51977276802063,13.617265939712524,19.0,0.0,19.0,19.0,19.0,2.0,0.0,2.0,2.0,2.0
PC-QAOA,quadratic_knapsack+flow,7,549316407.0,0.0,549316407.0,549316407.0,549316407.0,7.642911386489868,3.5555514006541324,7.138650417327881,5.298849105834961,9.525640726089478,27.0,0.0,27.0,27.0,27.0,2.0,0.0,2.0,2.0,2.0
PC-QAOA,quadratic_knapsack+flow,8,1097265625.0,0.0,1097265625.0,1097265625.0,1097265625.0,9.470248794555664,4.493070724257226,8.953876495361328,6.124177694320679,11.911505222320557,33.0,0.0,33.0,33.0,33.0,2.0,0.0,2.0,2.0,2.0
PC-QAOA,quadratic_knapsack+independent_set,6,87890625.0,0.0,87890625.0,87890625.0,87890625.0,20.297348833084108,9.880045579681807,19.34746789932251,13.862134218215942,26.530851364135742,16.0,0.0,16.0,16.0,16.0,2.0,0.0,2.0,2.0,2.0
PC-QAOA,quadratic_knapsack+knapsack,6,236197916.66666666,107351505.63105167,206640625.0,126562500.0,375390625.0,11.792140611012776,6.681083432877503,9.848390817642212,7.130108594894409,15.81964385509491,19.333333333333332,1.759328876372493,20.0,17.0,21.0,2.0,0.0,2.0,2.0,2.0
PC-QAOA,quadratic_knapsack+knapsack,7,464680990.3333333,123893563.94854423,549316407.0,295410157.0,549316407.0,26.78345448176066,19.577449386575474,21.13971734046936,12.425328969955444,41.381977677345276,24.333333333333332,0.48795003647426727,24.0,24.0,25.0,2.0,0.0,2.0,2.0,2.0
PC-QAOA,quadratic_knapsack+knapsack,8,957074653.1111112,240667343.73485345,918847657.0,739160157.0,1181640625.0,38.94744278060065,28.701207858295394,29.690527200698853,18.63993191719055,52.123581647872925,34.111111111111114,0.8847758376155401,34.0,34.0,34.0,2.0,0.0,2.0,2.0,2.0
PC-QAOA,quadratic_knapsack+quadratic_knapsack,6,477285156.4,204280360.7339776,564062500.0,375390625.0,656640625.0,15.633859167098999,9.123333565166078,13.553162097930908,8.328332662582397,20.024866819381714,19.8,0.7637626158259716,20.0,19.0,20.0,2.0,0.0,2.0,2.0,2.0
PC-QAOA,quadratic_knapsack+quadratic_knapsack,7,336694336.5,131320098.76694494,295410157.0,273217774.0,358886719.5,31.461399912834167,22.799051388086447,24.942673921585083,15.202159225940704,38.042049050331116,24.5,0.5129891760425763,24.5,24.0,25.0,2.0,0.0,2.0,2.0,2.0
PC-QAOA,quadratic_knapsack+quadratic_knapsack,8,1172597656.4,227296954.76198417,1314062500.0,1181640625.0,1314062500.0,41.853414583206174,41.35397572369157,31.16045069694519,21.246453046798706,43.43024659156799,33.4,0.5000000000000003,33.0,33.0,34.0,2.0,0.0,2.0,2.0,2.0
PenaltyQAOA,assignment+cardinality,4,276610253907.0,0.0,276610253907.0,276610253907.0,276610253907.0,6.327388954162598,2.986864258707194,5.8500847816467285,4.213558912277222,8.32427716255188,31.0,0.0,31.0,31.0,31.0,5.0,0.0,5.0,5.0,5.0
PenaltyQAOA,assignment+cardinality,5,2027954003907.0,0.0,2027954003907.0,2027954003907.0,2027954003907.0,16.923456525802614,9.601027683394475,15.890377044677734,10.522498607635498,20.80933403968811,58.0,0.0,58.0,58.0,58.0,7.0,0.0,7.0,7.0,7.0
PenaltyQAOA,assignment+cardinality,6,567197265625.0,0.0,567197265625.0,567197265625.0,567197265625.0,14.867622327804565,8.500451230093455,13.260569095611572,9.110925674438477,19.742844820022583,47.0,0.0,47.0,47.0,47.0,6.0,0.0,6.0,6.0,6.0
PenaltyQAOA,assignment+cardinality,7,3855272851563.0,2952014052022.4897,1973146972657.0,1707105566407.0,7885566015625.0,43.873125823338825,50.805981622601294,23.78946805000305,14.51210641860962,44.520859718322754,71.33333333333333,2.1269248984883165,71.0,69.0,74.0,7.0,0.0,7.0,7.0,7.0
PenaltyQAOA,assignment+cardinality,8,32184347265625.0,0.0,32184347265625.0,32184347265625.0,32184347265625.0,44.96727709770202,28.752627520785804,38.43497633934021,23.804508209228516,62.43712258338928,90.0,0.0,90.0,90.0,90.0,8.0,0.0,8.0,8.0,8.0
PenaltyQAOA,assignment+flow,7,2990737890625.0,0.0,2990737890625.0,2990737890625.0,2990737890625.0,25.197522974014284,13.331746470938715,24.24221897125244,17.140037775039673,33.31343412399292,63.0,0.0,63.0,63.0,63.0,7.0,0.0,7.0,7.0,7.0
PenaltyQAOA,assignment+knapsack,6,84755039062500.0,0.0,84755039062500.0,84755039062500.0,84755039062500.0,48.478807067871095,33.31110070827828,39.558531761169434,26.602962255477905,59.09036564826965,88.0,0.0,88.0,88.0,88.0,9.0,0.0,9.0,9.0,9.0
PenaltyQAOA,cardinality+assignment,4,6601562500.0,0.0,6601562500.0,6601562500.0,6601562500.0,4.497889804840088,1.9169017158754684,4.306593418121338,3.454219102859497,5.799012184143066,22.0,0.0,22.0,22.0,22.0,4.0,0.0,4.0,4.0,4.0
PenaltyQAOA,cardinality+assignment,6,20907756250000.0,0.0,20907756250000.0,20907756250000.0,20907756250000.0,34.10812163352966,19.07763070195782,31.275113582611084,22.041728496551514,41.97666668891907,75.0,0.0,75.0,75.0,75.0,8.0,0.0,8.0,8.0,8.0
PenaltyQAOA,cardinality+assignment+cardinality,8,8756050878907.0,0.0,8756050878907.0,8756050878907.0,8756050878907.0,50.059648752212524,30.947258102239747,42.38484454154968,30.098336696624756,65.99849677085876,89.0,0.0,89.0,89.0,89.0,10.0,0.0,10.0,10.0,10.0
PenaltyQAOA,cardinality+cardinality,5,4744218994141.0,3575029313642.8433,4218805908203.5,2253301196289.25,6709723706055.25,19.935042548179627,11.819615522660754,16.81178915500641,10.911202609539032,26.77346920967102,55.5,9.19095665371817,58.0,52.25,61.25,7.0,0.7254762501100116,7.0,6.75,7.25
PenaltyQAOA,cardinality+cardinality,6,10894563635254.0,9391870180999.02,7988040625000.0,2336228417968.75,20447398828125.0,41.20756441950798,31.626979221973183,30.187883496284485,21.622077882289886,53.45288699865341,85.375,22.112402251526927,80.0,74.25,104.75,8.75,1.6602440351979153,8.0,8.0,10.25
PenaltyQAOA,cardinality+cardinality,7,28782957338867.6,35412879810687.29,17423719726562.5,7996533032226.75,37715952416992.75,47.57818021297455,38.415021690602764,35.113420486450195,20.808833479881287,63.38613373041153,102.15,20.763884243775028,99.5,88.0,116.5,9.3,1.352140091958976,9.0,8.0,10.0
PenaltyQAOA,cardinality+cardinality,8,44069062939453.5,64543704633614.734,12300124462891.0,5353439062500.0,60363187890625.0,48.64679056167603,53.16641544288529,32.2718847990036,19.04226315021515,56.98972308635712,101.5,25.262903350847974,87.0,83.0,111.0,9.0,1.428571428571429,8.0,8.0,10.0
PenaltyQAOA,cardinality+cardinality+assignment,8,22142906640625.0,0.0,22142906640625.0,22142906640625.0,22142906640625.0,52.557583236694335,34.01358248964496,42.30127167701721,31.241032123565674,66.1275143623352,93.0,0.0,93.0,93.0,93.0,10.0,0.0,10.0,10.0,10.0
PenaltyQAOA,cardinality+cardinality+cardinality,7,6911969628907.0,0.0,6911969628907.0,6911969628907.0,6911969628907.0,47.59363503456116,30.961548145040346,39.30550694465637,26.338399410247803,65.9216148853302,86.0,0.0,86.0,86.0,86.0,10.0,0.0,10.0,10.0,10.0
PenaltyQAOA,cardinality+cardinality+cardinality,8,16659152441407.0,0.0,16659152441407.0,16659152441407.0,16659152441407.0,144.66650705337526,107.54867509893589,113.49029207229614,72.81156325340271,188.52081179618835,118.0,0.0,118.0,118.0,118.0,13.0,0.0,13.0,13.0,13.0
PenaltyQAOA,cardinality+flow,5,1280433691407.0,0.0,1280433691407.0,1280433691407.0,1280433691407.0,6.740316772460938,3.2849359456449228,6.446945905685425,4.6283228397369385,8.443150520324707,34.0,0.0,34.0,34.0,34.0,5.0,0.0,5.0,5.0,5.0
PenaltyQAOA,cardinality+flow,8,54639347851562.5,46435368768046.836,54639347851562.5,10586889062500.0,98691806640625.0,77.88720993995666,63.23340700061067,58.57959234714508,31.129256427288055,91.08342975378036,122.0,24.24412872795757,122.0,99.0,145.0,10.0,1.0540925533894596,10.0,9.0,11.0
PenaltyQAOA,cardinality+independent_set,6,404416503907.0,0.0,404416503907.0,404416503907.0,404416503907.0,10.501618957519531,5.649807107328396,9.978958129882812,6.416281223297119,14.054763793945312,48.0,0.0,48.0,48.0,48.0,6.0,0.0,6.0,6.0,6.0
PenaltyQAOA,cardinality+independent_set+quadratic_knapsack,8,1901014500390624.8,0.0,1901014500390625.0,1901014500390625.0,1901014500390625.0,242.7861452102661,231.35833354359164,165.01607704162598,81.24240136146545,333.87436985969543,256.0,0.0,256.0,256.0,256.0,11.0,0.0,11.0,11.0,11.0
PenaltyQAOA,cardinality+knapsack,5,230128769848633.0,152670495033376.7,194625011376953.5,160727076440430.25,264026704785156.25,40.898493099212644,24.81275197573363,36.47087490558624,22.3837029337883,55.069133937358856,80.25,3.5075107382511823,79.0,78.5,80.75,8.5,0.5129891760425771,8.5,8.0,9.0
PenaltyQAOA,cardinality+knapsack,6,2637068357031250.0,3392552714636441.0,1521828862890625.0,527936784765625.0,1882258225000000.0,55.64751099586487,46.490214026405695,40.86580753326416,23.29502820968628,64.76780438423157,102.4,18.264263832230775,92.0,91.0,108.0,9.6,0.8164965809277259,9.0,9.0,10.0
PenaltyQAOA,cardinality+knapsack,7,1.592274321993815e+16,2.2751657191855676e+16,2978078442675781.0,1722379689941407.0,2.5775600098535156e+16,257.389820488294,255.8699730296635,179.68737852573395,92.62307298183441,324.34313267469406,168.33333333333334,25.701648053066137,159.5,151.0,201.0,13.0,1.0170952554312156,13.0,13.0,14.0
PenaltyQAOA,cardinality+knapsack,8,1.2973980049260602e+16,1.8245351634712012e+16,3951061178125000.0,1826039848535157.0,2.06213190015625e+16,228.02266109330313,209.09118581062594,157.03784835338593,77.23654162883759,334.66580379009247,171.21428571428572,24.477669715473176,174.5,161.0,191.0,12.642857142857142,1.1799743829903506,12.5,12.0,14.0
PenaltyQAOA,cardinality+knapsack+cardinality,8,181112717285157.0,0.0,181112717285157.0,181112717285157.0,181112717285157.0,66.84039463996888,45.46615303631806,58.265621185302734,33.18027067184448,90.72824883460999,122.0,0.0,122.0,122.0,122.0,12.0,0.0,12.0,12.0,12.0
PenaltyQAOA,cardinality+quadratic_knapsack,5,455506723876953.5,260229923811625.16,455506723876953.5,208630941503907.0,702382506250000.0,454.33334662914274,542.1594539764233,249.06873762607574,102.33475095033646,606.2268071174622,254.0,33.730961708462715,254.0,222.0,286.0,9.5,1.5811388300841898,9.5,8.0,11.0
PenaltyQAOA,cardinality+quadratic_knapsack,6,2647487121598307.5,2271427501256165.5,2042578375830078.5,1891869394140625.0,2216026203222657.0,517.9618789752325,614.0125611138138,253.44478166103363,96.02137964963913,661.4917625784874,272.5,27.610280444191375,284.5,236.0,291.0,10.333333333333334,1.1244411127720093,10.5,9.0,11.0
PenaltyQAOA,cardinality+quadratic_knapsack,7,3901759104003905.5,0.0,3901759104003906.0,3901759104003906.0,3901759104003906.0,658.0336695194244,653.9417698108814,392.9710123538971,167.2309548854828,1079.1632900238037,294.0,0.0,294.0,294.0,294.0,11.0,0.0,11.0,11.0,11.0
PenaltyQAOA,cardinality+quadratic_knapsack,8,7779019501562499.0,0.0,7779019501562500.0,7779019501562500.0,7779019501562500.0,576.522269153595,604.0820359621507,353.62263321876526,138.4266872406006,812.8444967269897,318.0,0.0,318.0,318.0,318.0,12.0,0.0,12.0,12.0,12.0
PenaltyQAOA,cardinality+quadratic_knapsack+cardinality,8,937469578515625.0,0.0,937469578515625.0,937469578515625.0,937469578515625.0,1209.195890045166,980.3471726016586,1122.9319143295288,386.7083218097687,1870.9339628219604,326.0,0.0,326.0,326.0,326.0,14.0,0.0,14.0,14.0,14.0
PenaltyQAOA,flow+assignment,7,514357910157.0,0.0,514357910157.0,514357910157.0,514357910157.0,28.584164428710938,16.620050947332754,25.70734739303589,16.979115962982178,38.715041399002075,62.0,0.0,62.0,62.0,62.0,7.0,0.0,7.0,7.0,7.0
PenaltyQAOA,flow+cardinality,7,127136816407.0,0.0,127136816407.0,127136816407.0,127136816407.0,26.928266620635988,15.048727434622814,25.484926462173462,16.57861614227295,34.295714378356934,64.0,0.0,64.0,64.0,64.0,7.0,0.0,7.0,7.0,7.0
PenaltyQAOA,flow+cardinality,8,32400472363282.0,11924196780285.957,32400472363282.0,21088186035157.0,43712758691407.0,61.775025153160094,45.30433486201615,48.26376163959503,26.491383016109467,93.06868493556976,124.0,1.0540925533894612,124.0,123.0,125.0,10.0,0.0,10.0,10.0,10.0
PenaltyQAOA,flow+cardinality+independent_set,8,25959025000000.0,0.0,25959025000000.0,25959025000000.0,25959025000000.0,44.60527205467224,27.27370507140144,41.338155031204224,24.79565167427063,54.13584065437317,88.0,0.0,88.0,88.0,88.0,10.0,0.0,10.0,10.0,10.0
PenaltyQAOA,flow+flow,8,1636000878907.0,0.0,1636000878907.0,1636000878907.0,1636000878907.0,21.67373671531677,13.260136062095428,19.15354561805725,13.438920974731445,28.22216510772705,78.0,0.0,78.0,78.0,78.0,8.0,0.0,8.0,8.0,8.0
PenaltyQAOA,independent_set+knapsack,5,1.69523655015625e+16,0.0,1.69523655015625e+16,1.69523655015625e+16,1.69523655015625e+16,30.363288259506227,20.565115473092177,25.2347993850708,16.121668815612793,40.55951762199402,95.0,0.0,95.0,95.0,95.0,9.0,0.0,9.0,9.0,9.0
PenaltyQAOA,independent_set+quadratic_knapsack,5,231439172265625.0,0.0,231439172265625.0,231439172265625.0,231439172265625.0,333.3334523200989,378.66618072610464,193.09977054595947,92.80132555961609,369.23640632629395,222.0,0.0,222.0,222.0,222.0,8.0,0.0,8.0,8.0,8.0
PenaltyQAOA,independent_set+quadratic_knapsack+knapsack,8,8813043679785155.0,0.0,8813043679785156.0,8813043679785156.0,8813043679785156.0,887.9442492008209,669.8507785808437,830.9366824626923,326.7563433647156,1539.5674092769623,298.0,0.0,298.0,298.0,298.0,14.0,0.0,14.0,14.0,14.0
PenaltyQAOA,knapsack+assignment,5,108283535253907.0,0.0,108283535253907.0,108283535253907.0,108283535253907.0,14.819346237182618,8.302679566960194,13.853561401367188,9.029438495635986,19.340888500213623,62.0,0.0,62.0,62.0,62.0,7.0,0.0,7.0,7.0,7.0
PenaltyQAOA,knapsack+assignment,6,1401613203515625.0,0.0,1401613203515625.0,1401613203515625.0,1401613203515625.0,66.64085021018983,37.421714892080615,61.16818642616272,32.847490549087524,90.84312701225281,123.0,0.0,123.0,123.0,123.0,10.0,0.0,10.0,10.0,10.0
PenaltyQAOA,knapsack+cardinality,5,315317707910157.0,0.0,315317707910157.0,315317707910157.0,315317707910157.0,19.43449397087097,11.443116616935475,17.363656282424927,11.83548378944397,25.211154460906982,75.0,0.0,75.0,75.0,75.0,8.0,0.0,8.0,8.0,8.0
PenaltyQAOA,knapsack+cardinality,6,1626314177990722.5,3235326392588893.0,217239414892578.5,154602573046875.0,945055116015625.0,64.45122775435448,52.278508738916905,43.40057837963104,22.782634735107422,91.5060338973999,108.5,18.563819235690282,111.0,88.5,120.75,10.25,0.9805806756909202,11.0,9.0,11.0
PenaltyQAOA,knapsack+cardinality,7,1.116091833803711e+16,1.9445452434335268e+16,3454046561816406.0,446173207910157.0,5779468020410156.0,109.56916439533234,98.65491175918747,70.82642269134521,34.82658737897873,157.06473463773727,145.83333333333334,30.15143770041983,158.0,109.0,159.0,11.5,1.279816797234182,11.5,10.0,13.0
PenaltyQAOA,knapsack+cardinality,8,1.2512434392248534e+16,1.5926445539050148e+16,3501994451611328.0,1171166772753907.0,1.7967681663305664e+16,207.99543091654778,193.96963355360583,133.00985836982727,69.42068612575531,285.10680186748505,169.375,29.98263386251004,183.5,134.75,189.75,12.375,1.1251780485885958,13.0,11.0,13.0
PenaltyQAOA,knapsack+cardinality+cardinality,8,5398391770751953.0,5662134381650553.0,5398391770751953.0,26819451562500.0,1.0769964089941406e+16,257.891877245903,322.19707369766815,106.34787273406982,54.74240070581436,308.23570185899734,135.5,41.636655858883664,135.5,96.0,175.0,12.5,2.6352313834736494,12.5,10.0,15.0
PenaltyQAOA,knapsack+flow,7,749268223925782.0,489617613072379.1,749268223925782.0,284776171972657.0,1213760275878907.0,63.20667207241058,40.10501708620355,56.28279137611389,31.222044706344604,85.25572234392166,104.5,1.5811388300841898,104.5,103.0,106.0,10.0,0.0,10.0,10.0,10.0
PenaltyQAOA,knapsack+flow,8,7349289919550781.0,7811485493327839.0,1663059375390625.0,1575941128515625.0,1.6662453159765624e+16,93.57176728248596,82.94021611188685,72.244544506073,34.26377201080322,115.74183773994446,136.0,18.41647812874836,132.0,127.0,155.0,11.2,0.7637626158259734,11.0,11.0,12.0
PenaltyQAOA,knapsack+independent_set,7,2338780275878906.0,0.0,2338780275878906.0,2338780275878906.0,2338780275878906.0,84.66951727867126,65.93887725441567,66.98965239524841,37.61318302154541,113.26472353935242,154.0,0.0,154.0,154.0,154.0,11.0,0.0,11.0,11.0,11.0
PenaltyQAOA,knapsack+knapsack,6,996388681640625.0,0.0,996388681640625.0,996388681640625.0,996388681640625.0,85.36315784454345,56.89474662174619,75.89745783805847,43.52760362625122,117.46123337745667,131.0,0.0,131.0,131.0,131.0,12.0,0.0,12.0,12.0,12.0
PenaltyQAOA,knapsack+knapsack,7,7472725048535156.0,5759782746723559.0,4976905664160156.0,2257407961035156.0,1.5183861520410156e+16,317.70252032279967,240.8509931606853,226.59018516540527,135.58168816566467,463.0651640892029,180.0,1.4638501094228042,181.0,178.0,181.0,14.0,0.0,14.0,14.0,14.0
PenaltyQAOA,knapsack+knapsack,8,3.85452583859375e+16,2.561900238520862e+16,3.411046929223633e+16,1.4643949523535156e+16,4.455832844619141e+16,552.9476363976796,384.671054693777,439.3098245859146,234.53288227319717,835.12562084198,214.83333333333334,11.08613092339139,215.0,211.0,217.0,15.0,0.5872202195147034,15.0,15.0,15.0
PenaltyQAOA,knapsack+quadratic_knapsack,6,513758889062500.0,0.0,513758889062500.0,513758889062500.0,513758889062500.0,358.83885607719424,315.02046165684885,268.6378803253174,128.10962963104248,523.2898104190826,280.0,0.0,280.0,280.0,280.0,12.0,0.0,12.0,12.0,12.0
PenaltyQAOA,quadratic_knapsack+cardinality,5,5538987594140625.0,0.0,5538987594140625.0,5538987594140625.0,5538987594140625.0,623.1071203231811,639.4491686670804,368.910409450531,145.93886542320251,972.3549375534058,282.0,0.0,282.0,282.0,282.0,11.0,0.0,11.0,11.0,11.0
PenaltyQAOA,quadratic_knapsack+cardinality,6,469547206119791.7,374149217858043.3,374257804882812.5,125328025000000.0,719345925390625.0,377.0606722354889,416.25881960655755,220.82300317287445,91.39341998100281,491.26914501190186,252.16666666666666,16.685908432862885,250.0,238.0,263.0,9.833333333333334,0.9128709291752766,9.5,9.0,11.0
PenaltyQAOA,quadratic_knapsack+cardinality,7,1883371992993164.0,1355732669413176.2,1491995901953125.0,923500590917968.8,2451867304028320.0,441.95407435894015,431.16393712102985,306.0350613594055,119.31529599428177,630.7285999059677,287.25,17.776018736074246,283.0,271.0,299.25,11.25,0.4442616583193197,11.0,11.0,11.25
PenaltyQAOA,quadratic_knapsack+cardinality,8,5092068464648437.0,4373221844521710.0,4593099709228516.0,936034903222657.0,9384947266503906.0,690.2257424354553,658.6782962501599,397.46051120758057,145.84586769342422,1159.164663374424,314.5,37.33238401912909,309.0,278.0,335.0,12.333333333333334,1.3978637231524922,12.0,11.0,13.0
PenaltyQAOA,quadratic_knapsack+cardinality+independent_set,8,1321549697265625.0,0.0,1321549697265625.0,1321549697265625.0,1321549697265625.0,805.8508257389069,711.3357564456047,545.6286642551422,252.6038112640381,1464.391790151596,308.0,0.0,308.0,308.0,308.0,13.0,0.0,13.0,13.0,13.0
PenaltyQAOA,quadratic_knapsack+flow,6,484220025000000.0,0.0,484220025000000.0,484220025000000.0,484220025000000.0,554.4063077449798,641.8395588655845,310.9257354736328,129.25197219848633,651.7656419277191,276.0,0.0,276.0,276.0,276.0,10.0,0.0,10.0,10.0,10.0
PenaltyQAOA,quadratic_knapsack+flow,7,6.4480286193847656e+16,0.0,6.4480286193847656e+16,6.4480286193847656e+16,6.4480286193847656e+16,2822.020668697357,2485.83345747995,2314.1906542778015,846.0913300514221,5121.60085272789,668.0,0.0,668.0,668.0,668.0,12.0,0.0,12.0,12.0,12.0
PenaltyQAOA,quadratic_knapsack+flow,8,7401053362890626.0,0.0,7401053362890625.0,7401053362890625.0,7401053362890625.0,493.36933727264403,480.6410273906097,349.8905863761902,135.31850481033325,700.7451665401459,313.0,0.0,313.0,313.0,313.0,12.0,0.0,12.0,12.0,12.0
PenaltyQAOA,quadratic_knapsack+knapsack,6,4779624852734375.0,4412608119722700.5,3325900987890625.0,439478814062500.0,1.057349475625e+16,737.4523428281149,857.2918987450045,400.87720108032227,171.5177297592163,1046.1378405094147,302.0,30.011902400785683,322.0,261.0,323.0,12.333333333333334,0.9759000729485328,13.0,11.0,13.0
PenaltyQAOA,quadratic_knapsack+knapsack,7,6002617736816406.0,0.0,6002617736816406.0,6002617736816406.0,6002617736816406.0,1374.4594076156616,1122.3452703584583,1271.1688194274902,425.93247652053833,2168.2863023281097,347.0,0.0,347.0,347.0,347.0,14.0,0.0,14.0,14.0,14.0
PenaltyQAOA,quadratic_knapsack+quadratic_knapsack,6,7755875705078125.0,3555651773878800.0,7755875705078124.0,4382688253515625.0,1.1129063156640624e+16,1766.3779945850372,2932.382920954376,716.0418241024017,261.6828311085701,1517.3435481786728,448.0,22.135943621178654,448.0,427.0,469.0,12.5,0.5270462766947301,12.5,12.0,13.0
