identity,instance_id,condition,rule,delta,selectable,n_x,regime,n_slack,n_total,depth,p_optimal,p_feasible,exact_p_optimal,exact_p_feasible,compile_seconds,optimize_seconds,process_peak_rss_mb
5f9be00289da1203fcabfead6b2db915056457b64af8ce404ff606724fd2167b,b_4_disjoint_01,feasible,feasible,16.0,True,4,disjoint,0,4,5,0.8484,0.8484,0.8419731544079603,0.8419731544079603,0.0027724900282919407,0.6537728114053607,683.74609375
2fb1f0c88c89c85f717d1b78d34f235156874155c8a714ec9567bb06eba46ed1,b_4_disjoint_01,local,local,16.0,True,4,disjoint,0,4,5,0.8445,0.8445,0.8419731544079603,0.8419731544079603,0.0027243774384260178,0.6501459162682295,683.74609375
13ff1cc380723abd83d92a2509c3014dcd781e0c8d3ce59115ba479a370e4805,b_4_disjoint_01,maximum,maximum,6.0,True,4,disjoint,0,4,5,0.7242,0.7242,0.7220540246013994,0.7220540246013994,0.0027919807471334934,0.6532093486748636,683.74609375
82c9ec2d9c86930498fe9b6c7610885b15af8774829b52efda14c976408682aa,b_4_disjoint_01,range,range,30.0,True,4,disjoint,0,4,5,0.8965,0.8965,0.8966226659911718,0.8966226659911718,7.5935116042383015,0.6469104788266122,683.74609375
59193079362c64c27e718c49a074ddacf48a13453e3e1dfe02a53e0766c19ab4,b_4_disjoint_01,verma_lewis,verma_lewis,12.0,True,4,disjoint,0,4,5,0.7554,0.7554,0.7546765275879488,0.7546765275879488,0.0028735222294926643,0.6557083548977971,683.74609375
66dced48bf6a87d4355db55e2f412eb462f425e750728042fb7475655fb3edd0,b_4_disjoint_02,feasible,feasible,15.0,True,4,disjoint,0,4,5,0.3827,0.9167,0.38063682025357326,0.915274748481892,0.0024816319346427917,0.5835537062957883,653.65625
cf49f65143648ee868bb6132882678ae0bb87fc263a40c6d868e04cc66d7c834,b_4_disjoint_02,local,local,12.0,True,4,disjoint,0,4,5,0.3509,0.9324000000000001,0.35140042631820095,0.9282426951852333,0.0025667580775916576,0.5763504900969565,653.875
3c52922da552564d7eea2d334bc966c5dc6f514720228769ddcc41c21ec7fd3f,b_4_disjoint_02,maximum,maximum,5.0,True,4,disjoint,0,4,5,0.4838,0.9678,0.4858794780492267,0.9657823626495573,0.002543596550822258,0.575401573907584,653.875
469eb87f0470aa5ee91e16703bafb1e8ba2ed8116dbbd5e8020673d265ac81ee,b_4_disjoint_02,range,range,22.0,True,4,disjoint,0,4,5,0.6067,0.9147000000000002,0.6088469561993315,0.915703773070508,7.181298393756151,0.5918526328168809,653.4375
14cd785074b32529a98bd8f2851a7ac1f69167d93742a09d9a2949fc6b57c7bd,b_4_disjoint_02,verma_lewis,verma_lewis,8.0,True,4,disjoint,0,4,5,0.3843,0.9219999999999999,0.385080536212126,0.9200756987495929,0.002579868771135807,0.57610679930076,653.875
5accbe66cc349910646171e6b757aef5e58d1e0ef88b60cc51cef6bbf02609ed,b_4_overlapping_01,feasible,feasible,25.0,True,4,overlapping,10,14,5,0.0579,0.4942,0.05652762269570019,0.4922769546474689,0.7708536828868091,286.59357172623277,4051.70703125
88eb936b1ea671caf85fa7e68d13889ef85a1aa76c8f7781345d452dd027f52e,b_4_overlapping_01,local,local,19.0,True,4,overlapping,10,14,5,0.0624,0.4998,0.0642855917615265,0.5076458938245709,0.7737858560867608,283.02630060585216,4051.70703125
6e582e3d3c2434b61723b419e8eb786fa13cba36008408dde90de3ca35c3b169,b_4_overlapping_01,maximum,maximum,6.0,True,4,overlapping,10,14,5,0.0655,0.5052,0.0662850123208245,0.5068534616146978,0.7755337036214769,283.01263846689835,4051.73046875
4708033799c9ac1a3e405db3239d881c66ce368d1b3e9e31fe475c883b173f2e,b_4_overlapping_01,range,range,31.0,True,4,overlapping,10,14,5,0.0578,0.5012,0.0609552280979161,0.5008024754388531,192.1782674342394,291.97648167517036,3883.390625
a6a638f6d21565c52ad2fbd5ab743250c88057bf44d03e1975b2b748f71fb289,b_4_overlapping_01,verma_lewis,verma_lewis,19.0,True,4,overlapping,10,14,5,0.0649,0.5038,0.0642855917615265,0.5076458938245709,0.773769267834723,282.4720345530659,4051.70703125
a4af41bf7ae1d0f63395de1277cac5eccb8c8acbe20e87b4759fa09b67dec149,b_4_overlapping_02,feasible,feasible,15.0,True,4,overlapping,8,12,5,0.072,0.072,0.06981738398365668,0.06981738398365668,0.11237425124272704,43.89274688716978,2129.45703125
00dcd91318c648f33d7d70ba1bd2e066f279cfd3b6c8835293c68ba318520007,b_4_overlapping_02,local,local,14.0,True,4,overlapping,8,12,5,0.0583,0.0583,0.06347913245715574,0.06347913245715574,0.11216530250385404,44.0612528771162,2129.45703125
9805ebdfd24a27ab51fa786d30ec222feb658d90a9fb3700c8553770fb40747f,b_4_overlapping_02,maximum,maximum,6.0,True,4,overlapping,8,12,5,0.0636,0.0636,0.06251940046832619,0.06251940046832619,0.11399389104917645,44.520293028559536,2138.0234375
465a6c409518109c7811d37144c5d9adba519726d9280d49f15c10f303d618fa,b_4_overlapping_02,range,range,26.0,True,4,overlapping,8,12,5,0.0625,0.0625,0.06489363457624388,0.06489363457624388,57.650163769256324,43.993369738105685,2120.8359375
4c2fabe29b9905594b4f062f61efed40d53b3a9265479b34dcedbc2efa19f8c1,b_4_overlapping_02,verma_lewis,verma_lewis,11.0,True,4,overlapping,8,12,5,0.0625,0.0625,0.06160740170503927,0.06160740170503927,0.11276804050430655,43.895366579294205,2129.45703125
0b0807291efcf43fb5abdb942e685e70ab12b9f3d52d7a0f12b8c142dc659850,b_5_disjoint_01,feasible,feasible,22.0,True,5,disjoint,5,10,5,0.0451,0.5057,0.044130354695947484,0.5038453830682802,0.03369863657280803,12.630406822543591,1780.5625
d3c78d4237ae0eb14e7e8291fee0e43d8c2bbfe0bd28518ed9ce5a3cfc2bf08a,b_5_disjoint_01,local,local,16.0,True,5,disjoint,5,10,5,0.0385,0.5357999999999999,0.03874193390458566,0.5283742418582968,0.03422770882025361,12.802987490780652,1780.5625
15f8cae4c5819c09ee4337c76c94b4d65061879416f772d347bf0002b92fb748,b_5_disjoint_01,maximum,maximum,5.0,True,5,disjoint,5,10,5,0.0382,0.5687,0.03468073777342763,0.5652052194115155,0.03363105282187462,12.793600074015558,1780.5625
310b10ceaf23281f43e8d9b1923d1afd412d070c34c59075e1780cbc3e6d965e,b_5_disjoint_01,range,range,38.0,True,5,disjoint,5,10,5,0.0291,0.5453999999999999,0.02775540252832318,0.5318918966700548,45.00796838384122,12.400464507285506,1780.5625
7ef1a2e24803c494f00db35f198f6225134681770ae1709616988cfb40adfebf,b_5_disjoint_01,verma_lewis,verma_lewis,11.0,True,5,disjoint,5,10,5,0.0506,0.49710000000000004,0.05143196368619625,0.4992658060679507,0.03349158260971308,12.469734317157418,1780.5625
4084ac2b357a267195eae9a73712de5a9420e73b5feb425a13e11b1428433a39,b_5_disjoint_02,feasible,feasible,25.0,True,5,disjoint,0,5,5,0.0232,0.6263,0.021260612989802998,0.6247028690475566,0.0042620450258255005,1.079052482265979,828.69921875
6a4e06a9bf13c4d6e18dd6621b75b6a233fb5bba9e6074dc06a015548d9f3ec7,b_5_disjoint_02,local,local,16.0,True,5,disjoint,0,5,5,0.329,0.6963,0.33076950191942106,0.6953822861347541,0.004270780365914106,1.0925366641022265,828.69921875
1cf43acf9e6fedf518f6cc60bfca35241239adb9bbf5c45c9408975cc9e7a5f5,b_5_disjoint_02,maximum,maximum,6.0,True,5,disjoint,0,5,5,0.4342,0.7289,0.43563936181118007,0.729292869892271,0.004210330080240965,1.087020514998585,828.69921875
285b75fe4f2601242ac3e8e01a7b85f890c82a87f07fc706289e1c251f064770,b_5_disjoint_02,range,range,37.0,True,5,disjoint,0,5,5,0.347,0.9575,0.33865998833530314,0.9525114052156439,12.335180133581161,1.0821486818604171,828.69921875
e927ded751c08b899b9d7d24307dc2845f81c754fcfca32b75cfea18168f06e3,b_5_disjoint_02,verma_lewis,verma_lewis,16.0,True,5,disjoint,0,5,5,0.3398,0.6989000000000001,0.33076950191942106,0.6953822861347541,0.004500074777752161,1.0916792480275035,828.69921875
e6ad3d0af559c47f0d4ac5f54701af320225b8468dbaba114cb9cc503cb59c0c,b_5_overlapping_01,feasible,feasible,26.0,True,5,overlapping,5,10,5,0.0436,0.18519999999999998,0.04045368637952102,0.18027642370230357,0.03283957997336984,12.476928693242371,1798.5546875
e96cc5708eaf287015a7b58dc95da5289f1ef601c7443f7e5aaa1bea0da1150c,b_5_overlapping_01,local,local,19.0,True,5,overlapping,5,10,5,0.0409,0.1336,0.04035162892890942,0.13115513658611128,0.03294947277754545,12.438409249298275,1802.15625
73ce5541d4ac435cb4ca11a3e95474278804b0cddae214c953cd791972563b40,b_5_overlapping_01,maximum,maximum,6.0,True,5,overlapping,5,10,5,0.0602,0.35309999999999997,0.06253289810792985,0.35576700700096553,0.03282331861555576,12.301407927181572,1802.15625
712a6a6779c643a5abb2dde4fc8c322f24b8f52c3daf1ee3d25cad7ef126c822,b_5_overlapping_01,range,range,47.0,True,5,overlapping,5,10,5,0.0355,0.146,0.035633126542021346,0.1422675836403909,46.89105588383973,12.54613153450191,1797.4609375
34be1f1d9cb7a0173a11d20ffd5e586826effa6dc5f6a0de78450621840c48c0,b_5_overlapping_01,verma_lewis,verma_lewis,13.0,True,5,overlapping,5,10,5,0.0302,0.1474,0.030539148660988846,0.15053655927704856,0.03267415892332792,12.417265685740858,1801.28125
f5dfd4c3b2575e7c25ab9b59c55d280ca8c804264dcb31281217a6dd8cac171c,b_5_overlapping_02,feasible,feasible,29.0,True,5,overlapping,9,14,5,0.0329,0.41559999999999997,0.032069361590861246,0.41404564974834884,0.5391520448029041,196.04413850884885,2990.5546875
721dca81907bcfa8e0c72d81459bbd725fa43bc67b53db2dcb92bb34f0baf7b1,b_5_overlapping_02,local,local,20.0,True,5,overlapping,9,14,5,0.029,0.40060000000000007,0.031366660370101,0.40221148700631365,0.5381236863322556,196.17380616394803,2991.69140625
3aff044d5e6969f6a857647f438004ea935dd26a966fe38d437b0a20ddb1c5f9,b_5_overlapping_02,maximum,maximum,6.0,True,5,overlapping,9,14,5,0.0312,0.40579999999999994,0.03242423333472957,0.40285429557137,0.5387667766772211,196.60836799722165,2994.12890625
4471b993c06022a4b36f0cd8dd98adb4eca8d8a89c3ae0c1db25401a3a5109b9,b_5_overlapping_02,range,range,38.0,True,5,overlapping,9,14,5,0.0302,0.3913,0.03223224723516572,0.3982805071116962,99.02047640644014,196.74442342389375,2869.4921875
11a3d62c20913dc7971cd4d12ae9c013bbe83b1ba503a654f2d4ccf381f0834d,b_5_overlapping_02,verma_lewis,verma_lewis,14.0,True,5,overlapping,9,14,5,0.0282,0.4074,0.028714480267898905,0.40301001219758587,0.5367641602642834,196.33290216699243,2991.3359375
9e16df364e84e0b620c3faf4c3aac95ad8a284f5a6748493652f9a65a03d729c,b_6_disjoint_01,feasible,feasible,34.0,True,6,disjoint,0,6,5,0.2081,0.8417999999999999,0.20427261017209036,0.8390637764846058,0.0057124244049191475,1.6366305695846677,1000.5625
da6ad14cf5ff6ee20d642d54e6c1629b25f84e09c991c1a0154f883c00ffccf1,b_6_disjoint_01,local,local,18.0,True,6,disjoint,0,6,5,0.2193,0.7513000000000001,0.22822735567168514,0.7506359866442721,0.006043556611984968,1.6547960150055587,1000.5625
8e215d64066f421e99547569d27837f3afae410be00dfc6514dee22d02fdcedc,b_6_disjoint_01,maximum,maximum,6.0,True,6,disjoint,0,6,5,0.1785,0.4592,0.18401106330068093,0.4721035593377174,0.005992397665977478,1.6529699149541557,1000.5625
43175dc9ef9be0f39d08ab55bb50f1dd51d8a90558dac4b00ea284265d0249b3,b_6_disjoint_01,range,range,54.0,True,6,disjoint,0,6,5,0.1801,0.9052000000000001,0.17820109640062354,0.903384390302992,17.504914575256407,1.6226726286113262,1000.5625
cfc844e9df3d73f2b0865fcbeb780d491bddcd4b6bdfab932cbb31dc8e27425a,b_6_disjoint_01,verma_lewis,verma_lewis,14.0,True,6,disjoint,0,6,5,0.2463,0.7037,0.2459392734765691,0.7100241114932931,0.005979984533041716,1.6414740080945194,1000.5625
94edf1d55f174f68d4d5db089d2d442a1cd635e22cc6247175a585ad0d083580,b_6_disjoint_02,feasible,feasible,39.0,True,6,disjoint,3,9,5,0.0277,0.7287,0.029267057685735412,0.7382992737894392,0.016520165838301182,5.817416414618492,1464.65625
dc6962123705302ed802604a0e26c984e2bf627a31aa9f4bef1ea5469cca094d,b_6_disjoint_02,local,local,18.0,True,6,disjoint,3,9,5,0.0067,0.7535000000000001,0.007344413531094999,0.7533308559500436,0.01698247529566288,5.974484426900744,1464.65625
ed33f7584a823e0b393b50ce0744d5381a58b57ec8e98a77d4cb06d3bced933e,b_6_disjoint_02,maximum,maximum,6.0,True,6,disjoint,3,9,5,0.012,0.7329,0.014831984752843978,0.7360886148274399,0.01732356660068035,5.887086180970073,1464.65625
2e352b31a85d80b17318b50f9b428dc808c860f40c3e2b9c3c6c64c9dce773b4,b_6_disjoint_02,range,range,52.0,True,6,disjoint,3,9,5,0.0241,0.8102,0.02405697299347993,0.820236286656991,32.51871101651341,5.603129011578858,1464.4375
a81d8c8bc862e1be68dcff69371bf0b32ba720d62b31d865e35a1d8377fed7af,b_6_disjoint_02,verma_lewis,verma_lewis,17.0,True,6,disjoint,3,9,5,0.0143,0.6426999999999999,0.012075673449273856,0.6466285863312469,0.01734512159600854,5.928244967479259,1464.65625
35c14fd1589d6ddeee05c4b69a517a7d0d76e7f96a4dc5df5b804ada5d9ebf0e,b_6_overlapping_01,feasible,feasible,24.0,True,6,overlapping,8,14,5,0.0166,0.1638,0.01708704922456616,0.16355999719562728,0.5103085674345493,184.7305587520823,2845.5078125
cb8f03f64f4f5256e7813412000f28bf718855abdf8de7fb7e02448040b620bd,b_6_overlapping_01,local,local,21.0,True,6,overlapping,8,14,5,0.0228,0.179,0.02243800386837309,0.17341799253333168,0.533857841975987,193.3407553867437,2846.2109375
0d80090b3d07bb4a9a8228a69248ca8df8cf7691f656f3e2992a0f0c2ed5f631,b_6_overlapping_01,maximum,maximum,6.0,True,6,overlapping,8,14,5,0.0131,0.14450000000000002,0.013294382490038269,0.14861606814807332,0.5350093683227897,193.25721035338938,2846.2109375
3d94a80d8e42b646d30bc4295f2cfeebccf55264970c6409a5c70a6f4c4d7e71,b_6_overlapping_01,range,range,59.0,True,6,overlapping,8,14,5,0.0108,0.1543,0.012933905123862147,0.15723623588857544,89.48895697202533,185.30938977980986,2727.7890625
2f7473313f76502c8329941a318c44a0d85e0c9854f031b9e3e6aba2c41999b2,b_6_overlapping_01,verma_lewis,verma_lewis,19.0,True,6,overlapping,8,14,5,0.0127,0.14289999999999997,0.011507577552150625,0.14283530700083621,0.5193324871361256,188.35417517647147,2846.2109375
cfba8e05bfe812d9f0df10fc91c59490620e5dc9c9d0b39caa835b33a641b789,b_6_overlapping_02,feasible,feasible,25.0,True,6,overlapping,2,8,5,0.1571,0.7084999999999999,0.1546845058345935,0.7119224468980243,0.010648067574948072,3.125049638096243,1220.34375
1ebccff0ab60afe5ddfcc7160b8fabe64f4d380777fb271054c7b57527200ad5,b_6_overlapping_02,local,local,19.0,True,6,overlapping,2,8,5,0.0414,0.6194,0.04384367304643894,0.616929323179491,0.010048325173556805,3.079515030607581,1221.0
397343b9095c679885e743890e1fc43f771ea39395ac252ee53a6388fef3138e,b_6_overlapping_02,maximum,maximum,6.0,True,6,overlapping,2,8,5,0.0597,0.5926,0.06286235947556466,0.5895222508505888,0.009630853310227394,2.9958057426847517,1221.0
0c0e3368dce180c75b4bf4ac99e2549739a32f7b9dd6289b4c3c5bbe16bc35ab,b_6_overlapping_02,range,range,51.0,True,6,overlapping,2,8,5,0.1026,0.5326,0.10593021214213215,0.5374651592304931,24.258597692474723,3.178354953881353,1220.125
d88f3659e86f2ab9c878df69568ab7ec69285e639af564de691d31edf69b7b21,b_6_overlapping_02,verma_lewis,verma_lewis,14.0,True,6,overlapping,2,8,5,0.1109,0.7495,0.10976467916625912,0.7410037193375254,0.01044515473768115,3.1403134097345173,1221.0
8ad00f861c2799f421e214efdb6245bcfa1b1e70baaadea811dd4f44b88c9037,b_7_disjoint_01,feasible,feasible,28.0,True,7,disjoint,4,11,5,0.0059,0.14730000000000001,0.007831132668346669,0.15102692823521183,0.06416567554697394,24.918496226891875,2105.3359375
dbeca4936ca35ff4c2160f00af74015fe28ea398ab4aa12adebc29d6a449449c,b_7_disjoint_01,local,local,19.0,True,7,disjoint,4,11,5,0.012,0.1432,0.012189476705595467,0.14810456301918976,0.06426005391404033,24.720896968152374,2105.5546875
efe951c9666d97a2cbec0813d88e9d60d6b26d0e2ef0694be790e3054355bc9f,b_7_disjoint_01,maximum,maximum,6.0,True,7,disjoint,4,11,5,0.0041,0.1496,0.00401426138616806,0.15297265406687216,0.06360240885987878,24.906150879804045,2105.5546875
1a8c9cbcf776a64babd83374ff25045c0bfe006edccf8d4044d906fd8145a317,b_7_disjoint_01,range,range,68.0,True,7,disjoint,4,11,5,0.0062,0.1535,0.005662618324294153,0.15396035996864862,57.649767426773906,24.759165921714157,2098.640625
866e7ea264e323b8fdea8ec75b1690edf0cbfd2727ae812995a6f5bafe3981c1,b_7_disjoint_01,verma_lewis,verma_lewis,15.0,True,7,disjoint,4,11,5,0.005,0.1504,0.004960701241864676,0.15345061152136844,0.06485758069902658,24.9084000447765,2105.5546875
91bc17c04cff0c2641be0c81ea5cf62c939560d0f7794c8cac877b3a8cb3c567,b_7_disjoint_02,feasible,feasible,44.0,True,7,disjoint,4,11,5,0.004,0.22479999999999997,0.005245841939878831,0.22724196273549932,0.05083888303488493,19.344902229961008,1734.546875
5640779ab185ae980a5203e56f14152153b81c3c299f10bbc47178aac0014c0d,b_7_disjoint_02,local,local,27.0,True,7,disjoint,4,11,5,0.0089,0.2757,0.00926254329612654,0.27366251462317887,0.04986800905317068,19.889024595264345,1734.546875
e0bdbe3c0c06ffd03f0448caf1cfc00dc0c6c3f671e146c5e1ecdffebdb5039e,b_7_disjoint_02,maximum,maximum,6.0,True,7,disjoint,4,11,5,0.0055,0.2649,0.006138428137918993,0.2668633134079777,0.052407306618988514,20.05608151620254,1734.546875
ce93ee2c821238e7bde686e3d85e84b004da35e64d08904fe9b87665050455a6,b_7_disjoint_02,range,range,92.0,True,7,disjoint,4,11,5,0.006,0.2302,0.008170629584699707,0.2351730209838749,42.22708746464923,19.24382362375036,1721.9453125
d2bb0cee99b28b2c4bdbd6f2a9184431f98f08dab510036cb2bc9050f714ee27,b_7_disjoint_02,verma_lewis,verma_lewis,17.0,True,7,disjoint,4,11,5,0.0055,0.30569999999999997,0.005578430723925558,0.3025871230634151,0.05053634149953723,19.336677643936127,1734.546875
9ff06ab24a214947dc6bb1d6af769bfac86baaa9faeab85ff71822309c765f2e,b_7_overlapping_01,feasible,feasible,49.0,True,7,overlapping,0,7,5,0.0112,0.323,0.010460626184053927,0.32778067916837195,0.007872359361499548,2.380981988273561,1154.0625
3b0ca2c13cc1273ec28b31f7276cdee607b3269139fe0373bdc2b4006a797c14,b_7_overlapping_01,local,local,25.0,True,7,overlapping,0,7,5,0.0304,0.2867,0.02843125215504684,0.2884792172908112,0.008014639373868704,2.4158189394511282,1154.0625
d6db8da7844e4e65ecfc4017557896e6cf5791fb3bdd17741be09bf2eb8b6131,b_7_overlapping_01,maximum,maximum,6.0,True,7,overlapping,0,7,5,0.0417,0.31980000000000003,0.03761956905292195,0.3118029730252473,0.00786256417632103,2.384585151914507,1154.0625
b81b0e2386eb9af94cbfa2b6f89d69bf4d1177ba0b6468bdb27220906288a103,b_7_overlapping_01,range,range,79.0,True,7,overlapping,0,7,5,0.0392,0.35740000000000005,0.039973729246918874,0.36373048457913254,22.500667206011713,2.3121326467953622,1154.0625
e30ddf753def948a78857f5d613cca3d604ebd4a5130dbb51777568d80e75bfe,b_7_overlapping_01,verma_lewis,verma_lewis,16.0,True,7,overlapping,0,7,5,0.008,0.33299999999999996,0.008386205930574363,0.3390651143919192,0.008198403287678957,2.447932592127472,1154.0625
f6378d1c43f9e96bb83ecd33c6d19f6229fd46d05e65e46d4a51c81f7f8177a5,b_7_overlapping_02,feasible,feasible,35.0,True,7,overlapping,12,19,5,0.019700000000000002,0.44020000000000004,0.020768567970414167,0.44231857226977334,21.698179913684726,7828.000163817778,15172.33984375
2006bec292559d36c306a4899013856bb1cb31b5bba9fc16a78fbf9b5b42b2db,b_7_overlapping_02,local,local,24.0,True,7,overlapping,12,19,5,0.0171,0.44630000000000003,0.014447326077216896,0.44063173168366343,23.83130531432107,8481.505442014895,15174.3984375
d9bf23156483d9364f154b49b48ca56478bac372ab31514bf0f5fb7a7bbdef66,b_7_overlapping_02,maximum,maximum,6.0,True,7,overlapping,12,19,5,0.014700000000000001,0.4356,0.014328285976158744,0.4411089822944601,23.4888022467494,8424.917408892885,15174.3984375
846aa9dc529ecb8c70cdd0c644c74bee6bcbe4093bb34aa5ca41558ea61249fc,b_7_overlapping_02,range,range,79.0,True,7,overlapping,12,19,5,0.0166,0.4393,0.015869036017616477,0.4393458148200244,599.4456837913021,8616.268417149782,14666.578125
0c7e1880a796423fb10b310fc03aa08b481ab0da0710564d1c296d48627998a4,b_7_overlapping_02,verma_lewis,verma_lewis,19.0,True,7,overlapping,12,19,5,0.015899999999999997,0.4447,0.01630873868668495,0.4431144775219517,22.650666922330856,8377.92599748401,15174.3984375
8ba8e03dfb91d502236e31394ddb4394182b97480600166133b9a0a76a25ed14,b_8_disjoint_01,feasible,feasible,57.0,True,8,disjoint,2,10,5,0.0055,0.5524999999999999,0.004763882834092821,0.5566488930606838,0.031630379147827625,12.341760165058076,1700.7265625
71720e1af080402cb2d676ef469d6cf9c13c88526d6e6d3938a8eb513953cea5,b_8_disjoint_01,local,local,26.0,True,8,disjoint,2,10,5,0.0015,0.3427,0.001476101364743648,0.34065975850442787,0.03079807385802269,12.339636828750372,1703.1328125
93850d43063d19b14508bdb571f871c1a7a3a1c0c3212a524d90a89d6fd96c28,b_8_disjoint_01,maximum,maximum,6.0,True,8,disjoint,2,10,5,0.0074,0.35469999999999996,0.008961477878943344,0.3646890449433511,0.031866596546024084,12.346190279815346,1703.1328125
b85c086d3c04c58ce7b2b1c632cd50056fd35de2318031ee42ba62e909e6612d,b_8_disjoint_01,range,range,83.0,True,8,disjoint,2,10,5,0.0017,0.32260000000000005,0.0014843767135667074,0.3258575560244952,48.273459397722036,12.216694362927228,1696.7890625
046da9b78bd3131ebfb2545a4280a0763bb0dcf9c1113fe7ca605ba7a221df7c,b_8_disjoint_01,verma_lewis,verma_lewis,20.0,True,8,disjoint,2,10,5,0.0271,0.8989999999999999,0.026005225547232818,0.9042076562005725,0.03091729572042823,12.340846750885248,1700.7265625
d81e424032a34436a902ab842ad54852a44fd2d3a262bc55e9ec8cef20af167f,b_8_disjoint_02,feasible,feasible,44.0,True,8,disjoint,3,11,5,0.0079,0.37850000000000006,0.008357191470659232,0.3851416687786706,0.055686652194708586,22.226911992765963,1884.44140625
951ed1f27eb8fd41855c38873ecf5aa6d7e5bf5e6effdd97889c20d59cab42d7,b_8_disjoint_02,local,local,23.0,True,8,disjoint,3,11,5,0.027700000000000002,0.5178,0.029341225104401524,0.5138728006544053,0.0576670584268868,22.990717001259327,1884.44140625
49b9fbb4e397f459c32ff954521fc0e79d56bb90a1d39981716df7886ebd9f52,b_8_disjoint_02,maximum,maximum,6.0,True,8,disjoint,3,11,5,0.012299999999999998,0.43910000000000005,0.010935050112369962,0.43935663503346223,0.05783193511888385,22.934858232736588,1884.44140625
df3ab63b991e7c3dc309b0c20178c60654fd127f40374a3030b43f5095642f1b,b_8_disjoint_02,range,range,75.0,True,8,disjoint,3,11,5,0.0142,0.362,0.014466902877703833,0.3618242573824627,52.03963550226763,22.043977099936455,1880.7890625
dcfcf4ff27052947764c67eb409a1bd239040e9f54b0d608f01e86771be373fa,b_8_disjoint_02,verma_lewis,verma_lewis,17.0,True,8,disjoint,3,11,5,0.0165,0.40559999999999996,0.017417294670895055,0.40797069032693384,0.057668964844197035,22.955626813229173,1884.44140625
b09b9e3b7c98e3a63f987165f8b399ed08e78690d708e3930cb3b9dc46a29c82,b_8_overlapping_01,feasible,feasible,72.0,True,8,overlapping,8,16,5,0.0044,0.3145,0.003954529333558244,0.3165214439731256,2.828405322507024,985.871591411531,6043.66796875
e0eb2b842d2266d3d5b5efc80d0dff00f2f57d203625f8f0bed365286a954edf,b_8_overlapping_01,local,local,28.0,True,8,overlapping,8,16,5,0.0031,0.32330000000000003,0.003754320491126931,0.31080422728619683,2.8379924232140183,984.9170130765997,6043.9296875
eb033a3b0b3e09e1dc3b0de05c760f9f70283ac54bd6bec499e4f1a931853e58,b_8_overlapping_01,maximum,maximum,6.0,True,8,overlapping,8,16,5,0.0037,0.3151,0.004006988227499069,0.3139019495179688,2.8460515118204057,985.1832054993138,6043.9296875
ab0063572af9977adf0cc39a6b32112aa6956c2f9928c9bcba0878a9ca99b36b,b_8_overlapping_01,range,range,100.0,True,8,overlapping,8,16,5,0.0035,0.31700000000000006,0.0034906340867691316,0.31226130680357844,399.06116215512156,982.3499761712737,5689.66015625
8388c7304b6642717bb3d77def9b73517afce85dbf12df8e6fca9f01e7d99a5c,b_8_overlapping_01,verma_lewis,verma_lewis,23.0,True,8,overlapping,8,16,5,0.0039,0.311,0.003930056058083819,0.31274606929347953,2.788393438793719,973.830039636232,6043.9296875
c58fb933103238839832a43acdd767f558f2b90aa4f5ca02a88e2909a49ada4c,b_8_overlapping_02,feasible,feasible,70.0,True,8,overlapping,4,12,5,0.0018,0.2021,0.003085950440361189,0.20280226181084618,0.11058642994612455,43.20000933064148,2214.0703125
be035161da0f42f3e137087677968b835bffde2be5c12a717a6807b07d103727,b_8_overlapping_02,local,local,31.0,True,8,overlapping,4,12,5,0.0027,0.22899999999999998,0.0023107923297728387,0.23299245158578585,0.11034873453900218,42.658884909469634,2230.73828125
7f5f7fab31788c1687dbd01a5bd55c1f3e058d3789222c457264eecb4d2b0017,b_8_overlapping_02,maximum,maximum,6.0,True,8,overlapping,4,12,5,0.0032,0.2108,0.0026999368001257426,0.21718281378185306,0.11040076473727822,42.42129408568144,2230.73828125
ab70d0ad8e44751fd26784c1677db747f82ad24dd6da3a4d573e1f23a1e8e0af,b_8_overlapping_02,range,range,104.0,True,8,overlapping,4,12,5,0.0052,0.22599999999999998,0.004807785580019806,0.23016854526627617,72.48009071825072,46.15303095523268,2184.5859375
de8366f12b4b36cde68bb5ccac097052b5cb1e6d8806c86fb972c3c510d7bcce,b_8_overlapping_02,verma_lewis,verma_lewis,27.0,True,8,overlapping,4,12,5,0.002,0.2274,0.0022051565294268476,0.22369604742219987,0.10877027502283454,42.57645644294098,2214.078125
