p_feasible,fidelity,conditional_fidelity,entropy,min_conditional_probability,coverage,identity,instance_id,condition,family,support,selected_depth,final_loss,evaluated_depths,converged,compile_seconds,optimize_seconds,process_peak_rss_mb
0.9999999980832435,0.9999999980832435,1.0,1.0,0.5,1.0,d384aa81b38dc6f691acd436d64b0d0baea02353e914c7894bd734d4e0e676bd,a_4_equality_01,feasibility,equality,4,1,-0.9999999961664869,1,True,0.9981494848616421,0.41661956952884793,388.27734375
0.9999999980832335,0.9999999980832335,1.0,1.0,0.5,1.0,806a0c67d39225a42ce02a9b66134641a22aebf06f1d876d7dfbc0c6939df915,a_4_equality_01,fidelity,equality,4,1,1.916766523279989e-09,1,True,0.0012093260884284973,0.42821453139185905,388.49609375
0.9999999980832331,0.9999999980832331,1.0,1.0,0.5,1.0,4953b6d5f7b27efe54a4bac7ccfc634195a5e466aee05cf5e7ccfe26d443af2e,a_4_equality_01,lambda_0.5,equality,4,1,1.9167668563468965e-09,1,True,0.000642355065792799,0.4078943491913378,388.49609375
0.9999999980832331,0.9999999980832331,1.0,1.0,0.5,1.0,b74b225c45eade068200dde3b71c1f82976d90ed95d13e4e571108e7bd0b3025,a_4_equality_01,lambda_1,equality,4,1,1.9167668563468965e-09,1,True,0.0005985614843666553,0.4241285822354257,388.49609375
0.9999999980832335,0.9999999980832335,1.0,1.0,0.5,1.0,edb7019936402e30bd3d42b27e5512309ad2dc0982caad2ecb42dbd377c423e2,a_4_equality_01,lambda_2,equality,4,1,1.916766523279989e-09,1,True,0.0009227665141224861,0.4271241296082735,388.49609375
0.9999999980843874,0.9999999980843874,1.0,1.0,0.5,1.0,93bbb810fe975c8d133b66bd9f85d2a039d3d9eb8012b6a19a52ecdf67316915,a_4_equality_02,feasibility,equality,4,1,-0.9999999961687749,1,True,0.988672852050513,0.4135601185262203,389.55859375
0.9999999980843771,0.9999999980843771,1.0,1.0,0.5,1.0,e99b7b87dd63286fdeb6f81c689afe01ab67c041cb6a7cd5166160531f0dd417,a_4_equality_02,fidelity,equality,4,1,1.9156228825423227e-09,1,True,0.0006877700798213482,0.3972987150773406,389.55859375
0.9999999980843771,0.9999999980843771,1.0,1.0,0.5,1.0,b626b958a9410902d0b5bcc0662e43781b3d0773ed28819e617946b718fdda2e,a_4_equality_02,lambda_0.5,equality,4,1,1.9156228825423227e-09,1,True,0.0005170009098947048,0.40911202831193805,389.77734375
0.9999999980843771,0.9999999980843771,1.0,1.0,0.5,1.0,093e06faa935f661f384e81595e44b8ba495ee23c29f404e20d6cbe06678f00b,a_4_equality_02,lambda_1,equality,4,1,1.9156228825423227e-09,1,True,0.0004962203092873096,0.3966124844737351,389.77734375
0.9999999980843771,0.9999999980843771,1.0,1.0,0.5,1.0,a2f922d936c2cb72db702f719bb0607c39b5f07db51099c380ce10134692c704,a_4_equality_02,lambda_2,equality,4,1,1.9156228825423227e-09,1,True,0.000676973257213831,0.3942371276207268,389.77734375
0.9999999999335785,0.49880545497755463,0.49880545501068607,0.6666552371907878,1.3961346304090807e-11,0.5,4e21b52e163adee280e6768b4a03d74c8e849e9e6d5095d6632007af94869c09,a_4_mixed_01,feasibility,mixed,4,1,-0.9999999998671569,8,False,9.497088879812509,6.389021839480847,764.30078125
0.9999999984445174,0.9999999979870675,0.9999999995425501,0.9999999997064472,0.12499488393691499,1.0,0b35ada8ed712442bdc15eea6db63b71c93953ddb3dbcc403c30d88e7bb4028e,a_4_mixed_01,fidelity,mixed,4,2,2.0129324873607857e-09,2,True,0.0008504241704940796,0.7190943704918027,764.30078125
0.9999999986283417,0.9999999961783803,0.9999999975500387,0.9999999987241412,0.12498892242863194,1.0,ce854282b1923178c5d916a999efc82cd3bc679593d6ce96264daa50bc392409,a_4_mixed_01,lambda_0.5,mixed,4,2,2.596639014917912e-09,2,True,0.0008395086042582989,0.7428590999916196,764.30078125
0.9999999939045305,0.9999999848952372,0.9999999909907067,0.999999996404426,0.12497380156630516,1.0,e0b20ebfa71c76cab918fa621b1a0f606baefb2159c951d43ff3682de9c52c14,a_4_mixed_01,lambda_1,mixed,4,2,1.5104762773887614e-08,2,True,0.0009240126237273216,0.748494507279247,764.30078125
0.9999999879422801,0.9999999864949825,0.9999999985527024,0.9999999986934752,0.12499071580179288,1.0,704c31b75c9c20e0b19c5eca96e82855a62f5776abd7f67a482d3bcaed0e811c,a_4_mixed_01,lambda_2,mixed,4,2,1.495231516379647e-08,2,True,0.0007574539631605148,0.7539301472716033,764.30078125
0.9999999999722696,0.7476501354642149,0.7476501354849475,0.9114877820820427,0.022867844704282637,1.0,ad30e4f043dfb21416f5fd5f91cb5cd485c7de3d2834077ac98842e9e414d0ed,a_4_mixed_02,feasibility,mixed,4,1,-0.9999999999445395,8,False,13.010351750999689,9.011645022779703,917.01953125
0.9999999999443993,0.9999999998901995,0.9999999999458002,0.9999999999888045,0.09999875014020737,1.0,595a10d09e1384a20cb982218f70064817325816150929b30258235548b62c3a,a_4_mixed_02,fidelity,mixed,4,2,1.0980046871722494e-10,2,True,0.0013578757643699646,0.9655428314581513,917.01953125
0.9999999999685979,0.9999999995715074,0.9999999996029095,0.9999999999347006,0.09999735737083709,1.0,e633391856631d87e3ca00c3aba50ce1795495ce6938b8baebcbd78eac5a1ede,a_4_mixed_02,lambda_0.5,mixed,4,2,2.299473944589181e-10,2,True,0.0009273807518184185,0.9533304800279438,917.01953125
0.9999999998614448,0.9999999996464431,0.9999999997849983,0.9999999998921919,0.09999768889854553,1.0,d731a72f8ff9813d27c0efc738e57764b39f1306bf4a18dec2a80ecf6c02ded1,a_4_mixed_02,lambda_1,mixed,4,2,3.5355685046312146e-10,2,True,0.0009681670926511288,0.9367440738715231,917.01953125
0.9999999998268183,0.999999999620773,0.9999999997939547,0.9999999998386315,0.09999766443241843,1.0,2dbbbb17c50c3b85623ff02f41e596b4c6a8dcee59db3f0b2eb163623513b5af,a_4_mixed_02,lambda_2,mixed,4,2,5.852721640664527e-10,2,True,0.0013924092054367065,0.9366101012565196,917.01953125
0.9999999999739962,0.2772474867112162,0.27724748671842564,0.7746270073958182,0.0010504919041073033,1.0,c7639799ece110ff4405e0797bd31662e96671b21f41d5e562ac851d385b58a3,a_4_mixed_03,feasibility,mixed,4,2,-0.9999999999479925,8,False,15.931848273612559,11.510057229083031,1021.09375
0.9999493044002832,0.9997397619245084,0.9997904469008052,0.9999645992057546,0.08124546125375677,1.0,f86b93f564363582e6776471e94566fcbd047e18659c3e6d3f078a88c7a36ba4,a_4_mixed_03,fidelity,mixed,4,2,0.00026023807549159966,2,True,0.0011150077916681767,1.1416627173312008,1021.3125
0.9999232431058458,0.9990991035658302,0.9991757971967371,0.9998171886662053,0.07801476377226017,1.0,3221f1936925f639f1c38cbd3b532513226d717c2b46686d8cf02f40b9039425,a_4_mixed_03,lambda_0.5,mixed,4,2,0.0004888582957855991,2,True,0.0011343751102685928,1.1613339162431657,1021.3125
0.9998223188215494,0.9991455760359961,0.9993231369486221,0.9995441245461952,0.0780042807983975,1.0,016f79573b1cae74a0a46fa167c15c299c543d3418dc6853a4eef13d00beffbe,a_4_mixed_03,lambda_1,mixed,4,2,0.0008545442298285577,2,True,0.000949908047914505,1.1325618140399456,1021.3125
0.9998759979517204,0.9991752179666665,0.9992991331060157,0.9995435559266873,0.07936792256842272,1.0,28dedcaabdc7725038665d499804717bf0c8216746ef8ed49083da16dbfe3826,a_4_mixed_03,lambda_2,mixed,4,2,0.0015257358362481543,2,True,0.001201464794576168,1.1418249104171991,1021.3125
0.9999999968709513,0.4999546399575998,0.4999546415219822,0.49999812141678235,2.5172956434984976e-11,0.5,1ba955bd482d87186cae242d59223b17bdab32f8ad6c828ab2dae6f6e0938419,a_4_positive_01,feasibility,positive,4,1,-0.9999999937419028,8,False,15.747343604452908,11.55180229851976,1019.3359375
0.9999999964487363,0.9999999939156938,0.9999999974669576,0.9999999966911984,0.24996905848584086,1.0,8a9994255d526d492342038ab3e1a4cdb8f98b1294a048b543c5e771ea81a00d,a_4_positive_01,fidelity,positive,4,2,6.084306169995557e-09,2,True,0.001088535413146019,1.1265192194841802,1019.3359375
0.9999989832999261,0.9999958462961714,0.9999968629930559,0.9999985206575672,0.24963906760566382,1.0,7ea438fdbf86034cba62c260d10271d2857f02d10728856714cba9c9439c88af,a_4_positive_01,lambda_0.5,positive,4,2,2.5852035459572598e-06,2,True,0.0015039434656500816,1.1391207003034651,1019.3359375
0.9999999051440479,0.9999998279592942,0.999999922815239,0.9999999160973881,0.24985093197792285,1.0,94a7af99b6d366e1dd592c008af947d8a611481f524650a9b32cc9c09dab8c55,a_4_positive_01,lambda_1,positive,4,2,1.7204071312004743e-07,2,True,0.0016629290767014027,1.1443221513181925,1019.3359375
0.9999821777227376,0.999976282078392,0.9999941042505787,0.9999966739770955,0.2486859633185064,1.0,7e7f6594d879f0b7f556b8978838410214b5e5164425c38198945e948a73f3ec,a_4_positive_01,lambda_2,positive,4,2,2.9613776105108514e-05,2,True,0.0013442179188132286,1.1523304227739573,1019.3359375
0.999999999974897,0.48253685068209495,0.4825368506942081,0.7081825020237427,0.004212343237290172,1.0,1967d130380747b7082db8fd9b853741d1bcf4b558b96a0a58bff8b092ce6e27,a_4_positive_02,feasibility,positive,4,4,-0.9999999999497939,8,False,9.46735736867413,6.188255412504077,763.62109375
0.9999999995490534,0.9999999988043285,0.9999999992552752,0.9999999996846248,0.1249935721325633,1.0,40e06c354df5b9bf22d25632430a39f89d59c017cd2e674f866bc5660c6ac84b,a_4_positive_02,fidelity,positive,4,2,1.1956714507377342e-09,2,True,0.0008813631720840931,0.7269466132856905,763.62109375
0.9999999987104959,0.999999997256799,0.9999999985463031,0.9999999992966223,0.1249922258567448,1.0,afac55aa8dec77be429661af2862488bddb2245ba3903c28d5b249c433172e81,a_4_positive_02,lambda_0.5,positive,4,2,2.0163525848992947e-09,2,True,0.0007204110734164715,0.7456174832768738,763.62109375
0.9999999984045205,0.9999999979339252,0.9999999995294048,0.9999999996331179,0.12499558169439672,1.0,1e43f266acc8967169456fbca287a388ec7d71333cf41a3e55b68327a1ea8241,a_4_positive_02,lambda_1,positive,4,2,2.066074755724401e-09,2,True,0.000955450814217329,0.7404479067772627,763.62109375
0.9999999986992254,0.9999999983779517,0.9999999996787263,0.9999999997871045,0.12499430369790845,1.0,f4bb48b237f390139973a1eaa1ca63419caf00ebda3c314b810be07cb8021425,a_4_positive_02,lambda_2,positive,4,2,1.943321947805998e-09,2,True,0.0006864983588457108,0.7429007324390113,763.62109375
0.9999999999947315,0.3950525533266871,0.39505255332876843,0.5475575956511578,2.6163646560532886e-12,0.75,c9a32f9e077bc8a218fbb48e69a4e73c91944d1fae28f9b2340090a119b30187,a_4_positive_03,feasibility,positive,4,2,-0.9999999999894633,8,False,9.45720609370619,6.538879397325218,764.65625
0.9999999987219911,0.9999999982785149,0.9999999995565239,0.9999999996718886,0.1249966584713534,1.0,05f3b91cd1c3c389bc69eae8cf6e589baec19d241b7f5d11a677c37861e52a11,a_4_positive_03,fidelity,positive,4,2,1.7214850656088743e-09,2,True,0.0008943709544837475,0.7547001610510051,764.65625
0.9999999994625983,0.9999999980609752,0.9999999985983768,0.9999999990682656,0.12499173826108376,1.0,f26e6509d4bff7f9cd969ede78a7bb1697ddbd9c7324bf71ac48dfadd85ab419,a_4_positive_03,lambda_0.5,positive,4,2,1.2382133651733795e-09,2,True,0.001152015756815672,0.74258230952546,764.65625
0.9999999997178803,0.9999999994543685,0.9999999997364881,0.9999999998411938,0.12499637351986083,1.0,533db928ef94183ee74b462d48d60cfc855b2a404a1e7102368ba3141360f5b5,a_4_positive_03,lambda_1,positive,4,2,5.45631539949909e-10,2,True,0.0011698710732161999,0.7484204648062587,764.65625
0.9999999994293136,0.9999999994055415,0.9999999999762279,0.9999999999899797,0.12499920232783358,1.0,7094317f4497ec1fb46e4ad571ab6cb15ca642406669650cd487a89703fb0c44,a_4_positive_03,lambda_2,positive,4,2,6.182306888646849e-10,2,True,0.0009195860475301743,0.7373796598985791,764.65625
0.9999999999838369,0.25186700820805347,0.25186700821212443,0.8241247725459272,0.017569392353050352,1.0,19a644b69e674acd76e3fd9b23220541abbb920539f701178423a7dbd9495f44,a_4_quadratic_01,feasibility,quadratic,4,3,-0.9999999999676741,8,False,15.77257885178551,11.284336796030402,1020.19140625
0.999815834589779,0.9990737858304023,0.9992578145557365,0.9996543207322924,0.07785992573775188,1.0,58c1c8b96cb5299f14fb8966ff7d07cd944ba703b050bce5cd79ced3e6524c0b,a_4_quadratic_01,fidelity,quadratic,4,2,0.000926214169597724,2,True,0.0009182957001030445,1.0913206064142287,1020.19140625
0.9999960027317781,0.9998253455050411,0.9998293420910975,0.9999178580532219,0.07977439737445349,1.0,d94f0190691e0670c071a98902fe480f1236ded6320d20e41f5564b205b64bf5,a_4_quadratic_01,lambda_0.5,quadratic,4,3,8.932622267304735e-05,3,True,0.0017805490642786026,2.1424623182974756,1020.19140625
0.9999146209015507,0.9997213001762922,0.999806662767783,0.9998830312960398,0.08018437382741718,1.0,4633dc45f7f9e55032503eabfe4b3977b9c85a574017d2fe2eb912fb945162e1,a_4_quadratic_01,lambda_1,quadratic,4,3,0.00027871633066645085,3,True,0.002006734721362591,2.1275158901698887,1020.19140625
0.9998577903560667,0.999721501019339,0.9998636912788575,0.9999414490412565,0.08112135679783611,1.0,f000e27a8c0c1b36075f5f7b90b8cc3cb4ef9edbadad40c94f9f9b1d766400db,a_4_quadratic_01,lambda_2,quadratic,4,3,0.0004148270862179837,3,True,0.0018177679739892483,2.1035424801521003,1020.19140625
0.9999999999686624,0.2954609984254451,0.29546099843470414,0.8769699941713299,0.012927005491659475,1.0,e9a97fb1f79c614266e7402186f867afdb62ddaff9a23e917056c34f1b50e749,a_4_quadratic_02,feasibility,quadratic,4,2,-0.9999999999373246,8,False,15.58929564571008,11.450147850438952,1017.36328125
0.9998265618009768,0.9991887372352664,0.9993620647919559,0.9996105252962721,0.07799132974035221,1.0,9e57ad0ea14552757779e480ef518e7fa08ed917029cf323a10d109a92c77cd8,a_4_quadratic_02,fidelity,quadratic,4,2,0.0008112627647337001,2,True,0.0012102657929062843,1.1417314177379012,1017.58203125
0.9999888490574529,0.999831120077565,0.9998422692612657,0.9998893106668029,0.07943619581777821,1.0,5ba7c8cb87d8039ca13d87cecfcef6e64fac02ac0ad513f6bd93b8f21592782c,a_4_quadratic_02,lambda_0.5,quadratic,4,3,9.001631191424275e-05,3,True,0.0024741417728364468,2.1742469472810626,1017.58203125
0.9998788360088294,0.999247168322798,0.9993682557693162,0.9998119925716685,0.07988600930167765,1.0,f8ff6f5d615f8365e812b7390348301c06dec90219653da9888b8591b9b6f3e4,a_4_quadratic_02,lambda_1,quadratic,4,2,0.0007529082218542538,2,True,0.0013790875673294067,1.1687750397250056,1017.58203125
0.9999789656482067,0.9999570894400932,0.999978123331725,0.9999901216219833,0.08246907055887936,1.0,25fb51268be3b47a4c3adcd7a0c513837f70ba74645380a4f137b64acdfa0404,a_4_quadratic_02,lambda_2,quadratic,4,3,6.47876883435039e-05,3,True,0.0020117154344916344,2.212428094819188,1017.58203125
0.9946847759750744,0.6628331128644765,0.6663750455160141,0.6411871035618258,0.0016871844850178742,1.0,c82736f91edeab5e77aa216d8ecf072468fc04a8ee1621948b94b45fc5dae592,a_5_equality_01,feasibility,equality,5,1,-0.9893695519501486,8,False,52.938241300173104,40.6428435286507,2168.296875
0.9999943075580275,0.9999918595259193,0.9999975519539563,0.9999956080320073,0.3320381990714671,1.0,77fa6441e70e39a26ca5270d1d72cc48fd16c4d29a061325c60ecdbb2a666039,a_5_equality_01,fidelity,equality,5,3,8.140474080949495e-06,3,True,0.0036618411540985107,6.791240992024541,2168.296875
0.9998546379744884,0.9998424855225427,0.9999878457812925,0.9999853804994423,0.3306731752200695,1.0,8778e949048692408b7d106b4233c70f96842662620d71853c972e6d4bbf34e9,a_5_equality_01,lambda_0.5,equality,5,3,0.0001514391348654276,3,True,0.004421229008585215,6.852824985515326,2168.296875
0.9998817044921395,0.9998179659558919,0.9999362539228778,0.9998847255012052,0.3293487297671334,1.0,a7d3d7426643f761cd6029587557be7783a288ac19cd9ac8379996feb4c15a1d,a_5_equality_01,lambda_1,equality,5,3,0.00018204158498269507,3,True,4.058522249106318,6.593063635285944,505.55859375
0.999750760071771,0.9997501557595297,0.9999993955371025,0.9999994963088139,0.33286583753091237,1.0,c12e2aeead6044fb8d857af70ac13d2f9c1ed5d42d58de54c26ba31501b6b082,a_5_equality_01,lambda_2,equality,5,3,0.00025044885402425443,3,True,4.795809123199433,6.675096808001399,711.83984375
0.9999999779179827,0.9642789289479318,0.9642789502411563,0.9383938366405429,0.17614275657700842,1.0,6e5870f0c68da65654ffb7e1ba5f1caaafcd3c53db70ace63a82d4289a61a88c,a_5_equality_02,feasibility,equality,5,2,-0.9999999558359656,8,False,53.001682131551206,40.527594895102084,2170.328125
0.999955512813717,0.9999248356975006,0.9999693215189843,0.999999867772444,0.33318473350157585,1.0,52d3b5936a5eddb0276422f94e03774128a62ecd806206131b5e8cd688847e3a,a_5_equality_02,fidelity,equality,5,2,7.516430249978241e-05,2,True,0.0029251608066260815,3.4843812524341047,2171.203125
0.999860032373227,0.9998156436678994,0.999955605080821,0.9999959694116525,0.3320519715930564,1.0,56e3255665721e94e1b7f84d350b8cc2f67b1d963e2e10f956b71a078aa62e98,a_5_equality_02,lambda_0.5,equality,5,2,0.00016216508636268667,2,True,0.0021443329751491547,3.4732736507430673,2171.203125
0.9998581394870835,0.9998164649356994,0.9999583195358039,0.9999782045808734,0.33027294568256743,1.0,4079abe8c9b3bd5c31220a06cc596d995c7cb4f45d5b3480f995317c5754347b,a_5_equality_02,lambda_1,equality,5,2,0.0001835409771125951,2,True,0.0022251736372709274,3.4939627754502,2171.203125
0.9994658983947131,0.9994597394854811,0.9999938377995268,0.9999917683101067,0.33190909601383534,1.0,789645dd883c20db3455797db345188394be1881a5c8de4d75e13819f7741f8c,a_5_equality_02,lambda_2,equality,5,2,0.0005464260062333359,2,True,0.002532176673412323,3.469587216619402,2171.203125
0.9939519095297936,0.6686257903527406,0.6726943063764984,0.9508221908927643,0.24725910929905115,1.0,7a3d7b1c8771002f7b97085c71872069f12d2cca53ff15551a9fdb6d349e08a6,a_5_equality_03,feasibility,equality,5,1,-0.987903819059587,8,False,54.21338925557211,40.06895337346941,2175.0546875
0.9999590431498859,0.9999500422407267,0.9999909987221768,0.9999838332313812,0.33104154409528086,1.0,6daaa4f75d0d3ebed1accffc0a618ca56a3ddc617ee78bf8144d358426aa9e3e,a_5_equality_03,fidelity,equality,5,2,4.9957759273466795e-05,2,True,0.0021704374812543392,3.4042953243479133,2175.0546875
0.99980295728865,0.9997989621489213,0.999996004072903,0.9999930693077649,0.33149466081189866,1.0,2d4fc3f8e042c1bf1361d9af5f024dc437e2c40c392161d6d5a0ddaeb3b8ba1e,a_5_equality_03,lambda_0.5,equality,5,2,0.00019904067489873167,2,True,0.0020166398026049137,3.4460396664217114,2175.0546875
0.9998135441252259,0.9997735943772047,0.9999600428017243,0.9999472318088581,0.32829648856926746,1.0,63363cf4009d0b0090f0a2911a212531fdc13cee0000db2c0c7619f7f54a8dfc,a_5_equality_03,lambda_1,equality,5,2,0.0002264130730496028,2,True,0.0022468818351626396,3.4560269098728895,2175.0546875
0.9995501381209984,0.9995360151841745,0.9999858707069458,0.9999785133783937,0.33012433467961927,1.0,fe2ec9098e8bfc74178198bf78383450d36ef61e49ee048e28697886e8f38abd,a_5_equality_03,lambda_2,equality,5,2,0.0004781204651091997,2,True,0.0019211787730455399,3.5021183020435274,2175.0546875
0.9999999999784078,0.14056606728597948,0.1405660672890146,0.8872084862068017,0.004423420172818189,1.0,ea05a7f9a961f321364b61823630b6a23c3dfeac448b8c6c04adccaae190c88c,a_5_mixed_01,feasibility,mixed,5,4,-0.9999999999568159,8,False,52.72870150255039,40.336946826428175,2176.96875
0.9997465385033691,0.9995938450444682,0.9998472678293745,0.9999371100344231,0.04174557477886171,1.0,090aa191d90b309fde5a70f7a4ad7120396a33da670711f8739ffbbb4d4cf1d5,a_5_mixed_01,fidelity,mixed,5,2,0.00040615495553224305,2,True,0.0024003800936043262,3.53802750678733,2176.96875
0.9999995241318311,0.9999935706634383,0.9999940465287741,0.9999972380068177,0.04297297698250649,1.0,f03ea6792958201499b080fa6d765176a720d7331d2273c2e925cfe679956f53,a_5_mixed_01,lambda_0.5,mixed,5,3,3.452603781650687e-06,3,True,0.004205166362226009,6.861065202858299,2176.96875
0.9999997704126394,0.9999978669313454,0.999998096518269,0.9999995581811809,0.043346154722358914,1.0,a66bac781f099892398fb659a16422461389afcc1e23af1cac62a2a8687c5439,a_5_mixed_01,lambda_1,mixed,5,3,2.133069091803108e-06,3,True,0.0034873224794864655,6.778093392495066,2176.96875
0.9999908496450787,0.9999896058334137,0.9999987561769536,0.9999996140888214,0.04335514086292099,1.0,f32c9a04ad9f8204cdd67212caca03a04f1fbd65155771715183399b8f303658,a_5_mixed_01,lambda_2,mixed,5,3,1.163800101466883e-05,3,True,0.0037943827919662,6.7950485069304705,2176.96875
0.9999227605618376,0.4373082642968379,0.43734204435062835,0.6220902558213898,0.0005176102457036357,1.0,db3b5feb6f33e3f0b237cffd91724295e14c79ad9c56a4f5e27edcf4d55ae1d8,a_5_mixed_02,feasibility,mixed,5,1,-0.9998455211236752,8,False,53.2558120903559,40.60406185826287,2176.80078125
0.9999932015834931,0.9999926793648634,0.99999947777782,0.9999997462276534,0.09068049883937623,1.0,83a9bf492df8fdd83db7d6094d0dcb293829700905287ceb441d8b26892d153d,a_5_mixed_02,fidelity,mixed,5,3,7.320635136927954e-06,3,True,0.0035753054544329643,6.778068711049855,2176.80078125
0.9999871056811803,0.9999793151711684,0.9999922093895335,0.999995304511585,0.0902200981480246,1.0,17d1142624c9c0c966f317749638eeec70023d4a41297b85b375cadadfa532b7,a_5_mixed_02,lambda_0.5,mixed,5,3,1.6789624052993002e-05,3,True,0.004060560837388039,6.869367401115596,2176.80078125
0.9999722223090239,0.9999646936815005,0.9999924711633429,0.9999975316703963,0.0903654094327986,1.0,df390445194bf144e620b662fbe919344d733fd750e701fb180017dc2cca0486,a_5_mixed_02,lambda_1,mixed,5,3,3.5306527632839035e-05,3,True,0.0035589132457971573,6.911932986229658,2176.80078125
0.9998653007501078,0.9998608471541377,0.999995545804053,0.999997429703855,0.09033608169538575,1.0,14082a5744c9b8dc54f5478e5814bab2d38cb25eebd9bf6a16bcac988eb0976c,a_5_mixed_02,lambda_2,mixed,5,3,0.00014360764178622532,3,True,0.003409116994589567,6.8911171071231365,2176.80078125
0.9999998054527939,0.42137353002322075,0.42137361200027973,0.8362169717555953,1.2021151625222733e-08,0.7857142857142857,f713b77a974fd6b4adb3afcecc3f939fda281d4b5ca16a23f2a39349f0ebfb0e,a_5_positive_01,feasibility,positive,5,1,-0.9999996109055878,8,False,32.442596945911646,25.41035261703655,1559.3203125
0.9999257344042305,0.9998714074969717,0.9999456690578213,0.999969043707083,0.06961002192192522,1.0,d923ec80c72b6300e97e381d3e070a27de11636206c161461e99abbbc89a1892,a_5_positive_01,fidelity,positive,5,3,0.0001285925030281576,3,True,0.0033325999975204468,4.525351005606353,1559.3203125
0.9995719871220722,0.9992816727282315,0.9997095612946533,0.9998374921141006,0.06854239505166244,1.0,176e4e8dfe73ce4f9723fa70f868028bc3cf7a2a2f7b594c4a522715e5c64cbe,a_5_positive_01,lambda_0.5,positive,5,3,0.0005732322306011839,3,True,0.0032620709389448166,4.512084765825421,1559.3203125
0.9999140629517714,0.9998340110147879,0.999919941182998,0.9999719012259494,0.06974704843405564,1.0,c64afd86a285fdf1f905e5f30b9cecfed87aceb153849b844bc8d02d08422ad1,a_5_positive_01,lambda_1,positive,5,3,0.00016599586523080578,3,True,0.0025273719802498817,4.505975456908345,1559.3203125
0.9995898168684769,0.9995591102528378,0.9999692807838566,0.999993435707794,0.07051057173208293,1.0,4c39f7614d4c98f1832ccbb69230f5d1b6dc41ebd73b3aba5ae67add4a2cd6ba,a_5_positive_01,lambda_2,positive,5,3,0.00047162156380964326,3,True,0.002745141740888357,4.5268722819164395,1566.68359375
0.9999956557288996,0.632743805594163,0.6327465544167332,0.9084255081730199,3.02108778755558e-06,0.9090909090909091,61a0bef18af1b089d498df567aaec938f8690cca6b8adce06a52931cbf253735,a_5_positive_02,feasibility,positive,5,1,-0.9999913114577992,8,False,52.662182706873864,39.90237840078771,2174.6015625
0.9999989361989188,0.9999980096173563,0.9999990734174519,0.9999996738032154,0.09074090149459493,1.0,e025a3c999bfd667b6e2120ddd8879574845f2f56af9dcef88e65ead8a8f3da8,a_5_positive_02,fidelity,positive,5,3,1.990382643966711e-06,3,True,0.0033879047259688377,6.766442977357656,2174.6015625
0.9999420758774485,0.9998574231674067,0.9999153423862401,0.9999737240765877,0.08954787210866981,1.0,c6887f8e936ca9d56ebafa3aab69905825c5c9255a5dfdb1bc447b416a7c2e3d,a_5_positive_02,lambda_0.5,positive,5,3,0.0001002529294314436,3,True,0.0034461496397852898,6.768539928365499,2174.6015625
0.9999897541358862,0.9999878688947444,0.9999981147395421,0.9999991642195732,0.09055391937836942,1.0,293277442ed50d9d6212f8921390a592819a784a9444f69b3d8b1c34feb77bcd,a_5_positive_02,lambda_1,positive,5,3,1.2131124571657104e-05,3,True,0.003997839987277985,6.8175668003968894,2174.8203125
0.9992815762937721,0.9992660983445489,0.9999845109230567,0.9999950605107684,0.09005112878217893,1.0,c5c3b60f8621dedd8abaeebb560e5e7cf399d3c79ff7072cfda6fc16cc8ea563,a_5_positive_02,lambda_2,positive,5,3,0.0007494018601146291,3,True,0.0036204340867698193,6.841403908096254,2175.0390625
0.9999999993105845,0.17966193781377512,0.17966193793763685,0.8469091987761017,0.00036412797492979467,1.0,618decd797a9eb727113d8ef73c11fee1c4dcca12648ce677f54fdd964670be2,a_5_quadratic_01,feasibility,quadratic,5,1,-0.9999999986211687,8,False,25.19679835624993,19.025921383872628,1355.49609375
0.9999880462686641,0.9999613749660504,0.9999733283785609,0.9999941686341096,0.045048874061649674,1.0,b8c8d85eddfde190dfaf13e52d1f873304e9e199a6c2e21533b8af0b9abf2f67,a_5_quadratic_01,fidelity,quadratic,5,2,3.8625033949562065e-05,2,True,0.0015996373258531094,1.8230723054148257,1355.49609375
0.9999882159466579,0.9999357219839897,0.9999475054187329,0.999982925914286,0.044789656629702794,1.0,677fb4850fabe6058b92adb05f5a8bc96e1aa92d38b2c4182eb01940fd7f81ff,a_5_quadratic_01,lambda_0.5,quadratic,5,2,3.8031343975786225e-05,2,True,0.0015731872990727425,1.7879131357185543,1355.49609375
0.9999867119255066,0.999933459268038,0.9999467466348967,0.9999737927832342,0.04459696538672207,1.0,870a529f77d8ac45da7d5a773fbea4a52435714e8daafdfcc2ddad2194c5d783,a_5_quadratic_01,lambda_1,quadratic,5,2,6.654143959672343e-05,2,True,0.0013938476331532001,1.7803857331164181,1355.49609375
0.9996545839662808,0.9996183181213909,0.9999637216239773,0.9999867452356959,0.04495278617683869,1.0,fe38cae41b6471972483f1797859c0185637b637de6e9a12b5d5a594f7f49eab,a_5_quadratic_01,lambda_2,quadratic,5,2,0.0004179727857636095,2,True,0.001395991537719965,1.819548453669995,1355.49609375
0.9999999999901817,0.15609635586322781,0.15609635586476042,0.7988155103509433,0.00014384798903123544,1.0,669c8b142a29417a627ebf7574280965c34d146d4154b42162d23beafa64c982,a_5_quadratic_02,feasibility,quadratic,5,5,-0.9999999999803635,8,False,36.96577370213345,29.204930757172406,1708.97265625
0.9999930750209537,0.9999534344146941,0.9999603591192281,0.9999823525299725,0.040857244529978555,1.0,10b582fbf7b73c0e0749bc495cffca090549d38fa37f1d6704ab7387631cd02a,a_5_quadratic_02,fidelity,quadratic,5,3,4.656558530552468e-05,3,True,0.0033196844160556793,5.110490684397519,1709.19140625
0.9999852061231789,0.9996080556284603,0.9996228439256809,0.9998666460808753,0.039886748648048816,1.0,236c42f89fa7f964bc0ac49dab97755993133ddcecf345d3daaa2b685b754bef,a_5_quadratic_02,lambda_0.5,quadratic,5,3,0.0002033719139808987,3,True,0.0032560154795646667,5.11467408714816,1709.19140625
0.9998458025211939,0.999531499619946,0.9996856486265628,0.9999070904764359,0.03948909851331929,1.0,af219b385e80bfb211e64aef0b9a79ce9da7ae8a607df99753d8ae8b04dab31a,a_5_quadratic_02,lambda_1,quadratic,5,3,0.0004685488522432335,3,True,0.002970042172819376,5.122246193233877,1709.19140625
0.999818363052287,0.9997320898926546,0.9999137111671274,0.999965489440984,0.03970999638928245,1.0,e6badb7e3ef0299f1c355a675e80536d19123db726e532d63e1b0841cb9e5b95,a_5_quadratic_02,lambda_2,quadratic,5,3,0.00035421461345941374,3,True,0.0029360391199588776,5.124693846330047,1710.72265625
0.9999587095743864,0.5656859193327202,0.5657092777095704,0.825801826683044,0.003759979829259352,1.0,09fe81d60f8cb4ccd3120a92cdace2227589d7f7b40f0621f004213243a64ae8,a_5_quadratic_03,feasibility,quadratic,5,1,-0.9999174191487727,8,False,52.55275876028463,39.94244715990499,2172.69140625
0.9997818595163609,0.999471745316588,0.9996898181370055,0.9998835227203831,0.05016760423956702,1.0,6bfe38e31e0e99cb3cc342e6aafc69014d413292aeabdba5c92d141242f10a52,a_5_quadratic_03,fidelity,quadratic,5,2,0.0005282546834114823,2,True,0.001987314783036709,3.397384124342352,2172.69140625
0.9999982890591312,0.9999945224883081,0.9999962334227325,0.999998491612204,0.05233568306041299,1.0,bdef283f050fdb044dce01d85a03424cc46595dedbad496db91935b03fd20b2f,a_5_quadratic_03,lambda_0.5,quadratic,5,3,3.5942295025792603e-06,3,True,0.003457285463809967,6.680260458961129,2172.69140625
0.9999947739807596,0.9999919154355695,0.999997141439871,0.9999989065394359,0.05240521629093888,1.0,b6a5e12d8ba3c10594c900e71f837aedfc36bc5c9d1293e859ee95283de7bbb1,a_5_quadratic_03,lambda_1,quadratic,5,3,8.084579369405098e-06,3,True,0.0032169418409466743,6.601977287326008,2172.69140625
0.9999856669230043,0.9999825912439296,0.9999969242768407,0.9999989523583004,0.05242601105010906,1.0,1f2a2e03b87ad815b24f3ee35420d90071fe106536c95b067f2a0c65eba290c5,a_5_quadratic_03,lambda_2,quadratic,5,3,2.0484523314046044e-05,3,True,0.003438275773078203,6.786523084156215,2172.69140625
0.9999929806663906,0.46667585482748103,0.46667913060398725,0.5831895345492352,1.0432504766917512e-14,0.5714285714285714,747dfd6ad6d9880d6f4fa256c9d4d98c8fb5504ed6b8666f64d7b3aae210ca93,a_6_equality_01,feasibility,equality,6,3,-0.9999859613327813,8,False,143.8252690876834,107.14901101076975,3885.04296875
0.9994077677297367,0.9993321419011288,0.9999243293567953,0.9999718902309795,0.13982736037041463,1.0,9b64180ffdf9c9fd6a4f6c46223c58e77d8734a65e82d285c3ceb0873d0de53e,a_6_equality_01,fidelity,equality,6,3,0.000667858098871226,3,True,0.00800694152712822,16.99372426001355,3885.26171875
0.9999794547455958,0.9999634413252131,0.9999839862506107,0.9999855168363616,0.1413657646952812,1.0,8e1a08e5098b68b6c58daec162da1e588c43ce5130a49f6291a749e2d890f4d8,a_6_equality_01,lambda_0.5,equality,6,4,2.8552129098857737e-05,4,True,0.011321430560201406,27.657865605782717,3885.26171875
0.9998497421936449,0.9998394571868678,0.9999897134475881,0.9999920622400997,0.14139297636912218,1.0,ce10591463e5cfeb27ad1f09a8b4a317fa039483831dad40c132ccebe4cb5cca,a_6_equality_01,lambda_1,equality,6,4,0.0001605443587670008,4,True,0.01201753318309784,28.394883130211383,3887.23046875
0.9999073139544054,0.9999058828818909,0.9999985687948327,0.9999994671717946,0.1425918432322442,1.0,baf96fc1123024c5785da3b1869d49bf529029542eb7ea031499ac18753b37e4,a_6_equality_01,lambda_2,equality,6,5,9.55484559294062e-05,5,True,0.01837134873494506,42.65326398424804,3887.23046875
0.9982957333217434,0.8718967688173123,0.873385250196503,0.890303588320674,0.011466505318143664,1.0,ca4d3536c366e6d35a560d68eb3be869bd4654499eaeef172f0e7fe1089877ea,a_6_equality_02,feasibility,equality,6,1,-0.9965914666434867,8,False,146.1979007073678,109.64414663612843,3887.70703125
0.9991971939158353,0.9991290155611668,0.9999317668673575,0.9999249195105878,0.19476284049108902,1.0,a71e352636fbc90a671a52f43768851223a880c095dbb627dc660ad9e640ab32,a_6_equality_02,fidelity,equality,6,3,0.0008709844388330779,3,True,0.00809653103351593,16.90392124140635,3889.23828125
0.9997121354464453,0.9996129094972954,0.9999007454789918,0.9998766825471485,0.1955081556264035,1.0,29fd09c98821419050ce98c630113c7a452a25e557437c7f03146415e240b82a,a_6_equality_02,lambda_0.5,equality,6,4,0.00033749181405889894,4,True,0.012294902466237545,28.539516679476947,3889.23828125
0.9998997121346777,0.9998900338969696,0.9999903207915848,0.9999885133638843,0.19887057452012624,1.0,5c5249c83ae8f924742a8bc00bf44add515bdc7f1d4ae886bca57dabfd4627df,a_6_equality_02,lambda_1,equality,6,4,0.00010996707373767123,4,True,0.012624742928892374,28.292608788236976,3889.45703125
0.9993687574255607,0.9993594110175399,0.9999906476884018,0.9999884180283295,0.19871501868413202,1.0,6b7c2d2b81fb49a99103bf2f0a460c3f56dd796bd788bf681c64dbf0317250ee,a_6_equality_02,lambda_2,equality,6,4,0.0006499471976355586,4,True,0.013659972697496414,28.45567443780601,3889.45703125
0.9999999999769746,0.06428077259848161,0.0642807725999617,0.7818544631773164,0.0001362705725764333,1.0,25bbfad24da7858aff5854bf7bede4b374e50fcf9abd9103beb73157b0d36fde,a_6_mixed_01,feasibility,mixed,6,7,-0.9999999999539493,8,False,75.26489385729656,65.37438964750618,2639.1484375
0.9998577639253758,0.9995323856508698,0.9996745754383817,0.9999402745726591,0.02135788303771617,1.0,609539a639e9bab27c698c99dfc766591c17d5532607f605c965af42fefa68f1,a_6_mixed_01,fidelity,mixed,6,4,0.00046761434913020206,4,True,0.008651621174067259,17.719343381468207,2641.3359375
0.999916581709057,0.9990943860036406,0.9991777357027013,0.9997807607837598,0.02098637504399377,1.0,5919052d1cefe42b864d8b57569b812122e18d048f2f2e7ed6db808691e3f851,a_6_mixed_01,lambda_0.5,mixed,6,4,0.000494550439592345,4,True,0.00976425502449274,17.923020982649177,2641.3359375
0.9997561090071029,0.9992831508080429,0.9995269264225555,0.9998947516061447,0.02097947549135628,1.0,d9d3233d4985527c866b98faee441a7391734d1cf0db2252f4df84e9591fe052,a_6_mixed_01,lambda_1,mixed,6,4,0.0007169645703416494,4,True,0.00918387295678258,18.049143535085022,2641.3359375
0.9999176998795494,0.9998939196608,0.9999762178239747,0.9999942768871181,0.022470313106446076,1.0,ac5336243f31167bf9bed0bca2dbb1cdc76888649d1bbcf0051499631d97ec12,a_6_mixed_01,lambda_2,mixed,6,5,0.00012986447250118438,5,True,0.012255789712071419,27.037828303407878,2641.3359375
0.999999919812901,0.32893213704709195,0.3289321634232079,0.6903841807022848,1.3491102726149885e-11,0.4375,53934d04002411b8f79a63b434a1f54867a7ab37ae144137f2d31428db6bc1d2,a_6_mixed_02,feasibility,mixed,6,1,-0.9999998396258021,8,False,30.62683865148574,25.147442050743848,1433.8515625
0.9997871621999949,0.9996383921415073,0.9998511982708798,0.9999309187233832,0.02992530893448868,1.0,95d05d1fdbff0007884e70ed998c141092deb7b87d448baec1845e4445d37978,a_6_mixed_02,fidelity,mixed,6,3,0.0003616078584927074,3,True,0.0026062624529004097,4.426743488758802,1433.8515625
0.9999443723338389,0.9996980272186335,0.9997536411804284,0.9999551131518848,0.03009936735758842,1.0,5381cb2814838f44df8d6e80c9ebfecd92660e13cd387effea7888920c23a3ee,a_6_mixed_02,lambda_0.5,mixed,6,4,0.00017880707594686296,4,True,0.0037023713812232018,7.1756224585697055,1433.8515625
0.9999143995990485,0.9998626832557063,0.999948279229339,0.9999923929681938,0.03093049010168838,1.0,f05e3a32c9a3252f13ea70016fbb77fa5e483b01282f9ef8d139cbd20492259c,a_6_mixed_02,lambda_1,mixed,6,4,0.00013732117161247004,4,True,0.00437910296022892,7.2357167461887,1433.8515625
0.9996563640220963,0.9996230916339276,0.9999667161743112,0.9999917899086668,0.030982390736662622,1.0,cbd06fc2061c2e49b377e1f553e7c191a1ffdfa7162cb2cf3a978c285ad6c2b8,a_6_mixed_02,lambda_2,mixed,6,4,0.0004102036292812361,4,True,0.004488835111260414,7.2449568449519575,1435.3671875
0.9999999999727299,0.0649300053106461,0.06493000531241674,0.8097327018680998,1.3736232553132265e-13,0.7777777777777778,113b30f8f28b103a739861d1c41ed8c68c32d11c4f0e0339e3dfb141d3def0b3,a_6_mixed_03,feasibility,mixed,6,2,-0.9999999999454598,8,False,88.23938274011016,77.37819061102346,2853.453125
0.9999681110287301,0.999949147629126,0.9999810359956534,0.9999946108249316,0.027334233593240196,1.0,7c1e16105841a948bea9ec86749c08185a4bb31e36cb1839391bba784fa252f3,a_6_mixed_03,fidelity,mixed,6,4,5.085237087406848e-05,4,True,0.00968721741810441,20.664776699151844,2853.671875
0.9999600380920441,0.9998058424951837,0.999845798240943,0.9999563608114872,0.026195012586863863,1.0,aea3324cd7cbd420824ddda5fccc7560713f8871351a147aeb22778e578f5db2,a_6_mixed_03,lambda_0.5,mixed,6,4,0.00011706278748441212,4,True,0.00948005961254239,20.576303193345666,2853.671875
0.9999587004053427,0.9998896730829718,0.9999309698267109,0.9999829914724014,0.027189274433673114,1.0,e5f5712f548fd1234cb8bab6952f20b4ff55c212f40194c07c181b6d5d3ddbad,a_6_mixed_03,lambda_1,mixed,6,4,0.00011032976794622673,4,True,0.009765949100255966,20.906330925412476,2853.671875
0.9996479056534018,0.9995511705227358,0.9999032307974448,0.9999715350401971,0.026971444246318733,1.0,3466d6286a08083c4781d95413bae6e217c19ab03d0a151dd0058d2d19431ef8,a_6_mixed_03,lambda_2,mixed,6,4,0.0005456327517086024,4,True,0.009897639509290457,20.48580068955198,2853.671875
0.9999999999618638,0.06027899183364831,0.060278991835947114,0.6510724742922955,2.2721031361758337e-14,0.7,a1b2fc62c9fd2c2fa1a0b92e057a1096844100c1798882c4bc2e924ae37ed058,a_6_positive_01,feasibility,positive,6,8,-0.9999999999237277,8,False,75.3819185984321,68.21146522043273,2631.4296875
0.999664801888599,0.999486037407427,0.9998211755772193,0.9999331182670825,0.031893917255103696,1.0,8bd577678c3070b2cb7cad76a08fbec169484cc74fcb9b3c3fe86a12514e8cc7,a_6_positive_01,fidelity,positive,6,4,0.0005139625925730131,4,True,0.008667336776852608,18.39591903751716,2631.4296875
0.999797050368188,0.9993704711831964,0.9995733342233462,0.9998976641217758,0.03115553123430474,1.0,27406a5124abd1b5d15f5b2437240c7e0ba73cc7b920f70651feada9fd058de8,a_6_positive_01,lambda_0.5,positive,6,4,0.00041628252013886646,4,True,0.008865087758749723,18.621478921733797,2631.4296875
0.9996573017156363,0.999474505819831,0.9998171414388796,0.9999344453177005,0.03179015093352882,1.0,185784d02cf2f9d58b5d6ed64f210bcea664e0c4aa549d4e7918f18c581c263b,a_6_positive_01,lambda_1,positive,6,4,0.0005255568454841653,4,True,0.009050223045051098,18.452419402077794,2631.4296875
0.9999159943386398,0.9998993452690247,0.9999833495316514,0.9999930791355359,0.03290828779222531,1.0,226e5219fbd57c34784ce3add1e762075eb34a9977360440aabbb6add8b7a1af,a_6_positive_01,lambda_2,positive,6,5,0.00011730659805775367,5,True,0.012181468307971954,27.341116182506084,2631.4296875
0.9999999998887317,0.05419571201046294,0.05419571201649321,0.7511103217010688,8.108015597561512e-05,1.0,778b3cc55067e683a805cf5abc14747f3b147e93570192b15d84fc61563cfc8e,a_6_positive_02,feasibility,positive,6,3,-0.9999999997774633,8,False,75.0682407640852,66.07438558479771,2634.328125
0.9997230311604168,0.99919308034248,0.9994699023615353,0.9998372238689898,0.020936163358153414,1.0,6dd336ec460341061bee264bcad302751c0dc4dacf3d942d2c87a3e473fec5ed,a_6_positive_02,fidelity,positive,6,4,0.0008069196575199924,4,True,0.008319227024912834,17.863791635259986,2634.546875
0.9999991073489645,0.9999828126781029,0.9999837053145929,0.9999951029509433,0.02237024059213928,1.0,ccb41a0b3731054b8f38bc6cc387d0fc329031982f8f74fd8215d5f2e1356579,a_6_positive_02,lambda_0.5,positive,6,5,9.039993739079488e-06,5,True,0.01206055236980319,26.740927438251674,2634.546875
0.9999010876970154,0.9995762307733635,0.9996751109408232,0.9999047122747573,0.020885384947775858,1.0,685e4a18bd8bab82949e8b5bee915bb84751ea02e93e3f2dc4a7ae556d5030f8,a_6_positive_02,lambda_1,positive,6,4,0.0004238013621614689,4,True,0.008219983894377947,17.835712521802634,2637.10546875
0.9998650471678496,0.999828114327073,0.9999630621743592,0.9999888560058307,0.02230695280797757,1.0,b3cb994b03b4148968b7cba3cff97ee2e9a55733182a2adf3703e4e023d2c2c2,a_6_positive_02,lambda_2,positive,6,5,0.00020882848343228844,5,True,0.01227724552154541,26.82345885783434,2637.76171875
0.9999866996662103,0.08421337114926943,0.08421449123011271,0.7027732138388784,5.275394278872883e-07,0.75,c5863ac4ffe2b2c17d2310246498dab6b782934756a57a56ac11cd5ae2ddd1d7,a_6_positive_03,feasibility,positive,6,1,-0.9999733993324207,8,False,85.13046524208039,72.48807417415082,2843.80859375
0.9998914010560167,0.9998742670048647,0.999982864087906,0.9999942229895121,0.04116596967866119,1.0,ac3309b0b0276a1418788d6e9ecd2e062c3dd0dfe7a6d29adddde4a38aa615ce,a_6_positive_03,fidelity,positive,6,4,0.0001257329951353155,4,True,0.009769279509782791,19.6760883461684,2847.96484375
0.9997466860498478,0.9994615178872716,0.9997147595820467,0.9999048954942734,0.03899205376787499,1.0,fca9fdd132dd460e35e0e27558c6c961612367f97afd862affb3cbc254e6bcbc,a_6_positive_03,lambda_0.5,positive,6,4,0.0003959341591287524,4,True,0.009637537878006697,19.792816874571145,2848.40234375
0.9994364665487685,0.9991118323331746,0.999675182739014,0.9998731484567882,0.039462230146572234,1.0,c82ce32abdb129a90cbc10215a9bbabce7e39832c72a349e52a5a4d223052f66,a_6_positive_03,lambda_1,positive,6,4,0.0008883507122173784,4,True,0.009213747456669807,20.037176833022386,2848.40234375
0.9995001533134736,0.9994581659243362,0.9999579916131096,0.9999881405997472,0.04107146623565984,1.0,00c54b3ab2c8c6272912822669392777a9930d3376ec747cfcf6f343ed45b00c,a_6_positive_03,lambda_2,positive,6,4,0.0005838634603071435,4,True,0.009625356178730726,19.95418525254354,2848.40234375
0.9999895922659486,0.5079627497997085,0.5079680365959399,0.8672308506195643,0.0003531618189070081,1.0,801cdd6908ddf05b598d03adc3487cec8689b9bcd56deb19b51a972097c3aa0e,a_6_quadratic_01,feasibility,quadratic,6,1,-0.9999791845318973,8,False,91.71221785480157,79.91768475109711,2956.140625
0.9999997926953796,0.9999990215631561,0.9999992288676166,0.9999997874640538,0.02075629281567376,1.0,75a66203e8dab2840c0837275496aa7adeb12bdbb4d388ba9ed19182c2506c8d,a_6_quadratic_01,fidelity,quadratic,6,4,9.784368438977193e-07,4,True,0.009732326492667198,20.95757677871734,2960.078125
0.9999984107725881,0.9999819204309799,0.9999835096321849,0.9999954288515681,0.02056455282860254,1.0,445dfcd1085c6b7644f3ff0356016324056dadfd06961b59186f01e6dfc25262,a_6_quadratic_01,lambda_0.5,quadratic,6,4,9.83441131946483e-06,4,True,0.010293255094438791,20.959084667731076,2960.515625
0.999988781597257,0.9999503106374034,0.9999615286085588,0.999994563235243,0.02040214277479796,1.0,ff8ca371bb42690c17e3e4981f03eb7186c68d1f7fc4a01dc20ce62fb5b249bf,a_6_quadratic_01,lambda_1,quadratic,6,4,4.968979418418229e-05,4,True,0.009672960732132196,21.026129551697522,2960.515625
0.9999485481201621,0.999927505603872,0.9999789564009772,0.9999945398630162,0.020576638912170854,1.0,5c7f4b0989fffc29176ce939b117e12fef1e9ef8cf2d81b1321a345a08ee6311,a_6_quadratic_01,lambda_2,quadratic,6,4,9.353907788367533e-05,4,True,0.009392945095896721,21.02430545957759,2960.515625
0.9999999999664559,0.4184634183812857,0.41846341839532264,0.9219028228631249,0.0004948267677343734,1.0,f1f4b155a64f52e496cc2a9309f5317a3c69d681f4f00243a22dd40ba7763aef,a_6_quadratic_02,feasibility,quadratic,6,1,-0.9999999999329119,8,False,84.68401457834989,75.23919727606699,2850.47265625
0.9999754578251594,0.9998375326161562,0.9998620714059291,0.9999727978573675,0.01650395965410039,1.0,d85e06422158159d5743c3f1464500ef330fdbd0a497607c80259ac4b7e44fbf,a_6_quadratic_02,fidelity,quadratic,6,4,0.0001624673838438666,4,True,0.009119191206991673,19.87214502878487,2859.00390625
0.9999930504620268,0.9992585180666228,0.9992654624998998,0.9998622810969441,0.015946590594491595,1.0,8da037aadd13a7b22f2b6e4ad262ffa7400a5d669a14ac89ab1a7ce350dc7c4b,a_6_quadratic_02,lambda_0.5,quadratic,6,4,0.00037421828802330914,4,True,0.010125375352799892,20.047463959548622,2859.66015625
0.9999777686490672,0.9996003111859489,0.9996225341453059,0.9999139473250609,0.01631605474777276,1.0,91f5a53b2d2052c452aebeb5e32a22d3c126bb3ce96d4fd6a876f55ea8bb5ac5,a_6_quadratic_02,lambda_1,quadratic,6,4,0.00039969720562682554,4,True,0.00967475026845932,20.01656095031649,2860.31640625
0.9998198731532317,0.9993148964125024,0.9994949322830153,0.9998937702802004,0.016116456063921238,1.0,30d2f290d0fb6815a3ce14ab5b5864de3eee343f1eee207911f4323c366b5be2,a_6_quadratic_02,lambda_2,quadratic,6,3,0.0011902622807373753,3,True,0.006177030503749847,12.13935979641974,2860.31640625
0.9623852991124875,0.4619243395567861,0.47997859067753124,0.5932654135047295,0.0005133219723101719,1.0,6bbabaa257a85ec98d36062b18eb95a6e9c6135c9e3a061eabd0567bd0796368,a_7_equality_01,feasibility,equality,7,1,-0.924770598224975,8,False,579.9026361475699,373.2596649606712,7384.18359375
0.9998941597959904,0.9998817420353646,0.9999875809249368,0.9999910282214954,0.09016344507711209,1.0,3e36409aebf5d83326cdd4efe2ef0bbbd1a51a710f662686810cfecc7eff61e7,a_7_equality_01,fidelity,equality,7,4,0.00011825796463534423,4,True,0.035922334529459476,97.77753234887496,7384.18359375
0.9997441941795737,0.9996325818525306,0.9998883591145685,0.9999098363189539,0.08685955804108753,1.0,03e39ddc0428b87d4e1815bd8ad929920d5cae64d6e9b18e1c2e8396f5a3d158,a_7_equality_01,lambda_0.5,equality,7,4,0.00031162626314201747,4,True,0.03586544841527939,97.95370951574296,7384.18359375
0.9998934565018416,0.9998851808779038,0.9999917234942544,0.999994937745653,0.09046239283747935,1.0,1aa84d679f35a7fb65f8b156548a65df076617319890947c232c25a06869097b,a_7_equality_01,lambda_1,equality,7,5,0.00011482000390405922,5,True,0.053635215386748314,150.75691292667761,7385.05859375
0.9992728800869399,0.9992602341057605,0.9999873448169849,0.9999895317271346,0.0899996990375318,1.0,dbccaef43945f07d6eb33866a1d47fd6050da2b80acb945688ca2ab0b8c2a609,a_7_equality_01,lambda_2,equality,7,5,0.0007524302790899995,5,True,0.05379894748330116,148.79795736307278,7385.05859375
0.8734405979664331,0.7103649903275214,0.8132951364768383,0.8734046316218346,0.00911423165056687,1.0,09cf340d9d556efc766af70e2940796ce31a870797cc3a7376768ed95ea81c3a,a_7_equality_02,feasibility,equality,7,1,-0.7468811959328663,8,False,576.1977442349307,370.4486565659754,7389.7890625
0.9997518520518206,0.999736415740184,0.9999845598569236,0.9999894534788619,0.09016371387722966,1.0,bb1491fbe459f26bf4a4007e0971fca66ef8e8339b0793392fc04f50a1dfe126,a_7_equality_02,fidelity,equality,7,4,0.0002635842598159577,4,True,0.03693566098809242,97.34544939221814,7390.0078125
0.9998497599677196,0.9998189199588716,0.9999691553570519,0.999975715523986,0.08912378462866846,1.0,094691978dc1d67d4aed4058192b2c73591c5497fae7a240de7938f68bfe10d4,a_7_equality_02,lambda_0.5,equality,7,4,0.0001656623537544255,4,True,0.036150919273495674,97.48771067894995,7393.984375
0.9997015482053969,0.9996833743485056,0.9999818207174692,0.9999853934626721,0.09007220539832311,1.0,b45eda1d561d3d5b58b0b8acfab914f2803a34e549b06b060694c9b80d77a190,a_7_equality_02,lambda_1,equality,7,4,0.0003166310771338665,4,True,0.03683917922899127,97.49536822084337,7393.984375
0.9991272169172175,0.9991195668845965,0.9999923432847274,0.9999944535001801,0.09019527424800557,1.0,7ec1331f699d855294bb073f03dd4d95f9a1e3e7ac88586745ba05e3ff53a6f9,a_7_equality_02,lambda_2,equality,7,4,0.0008880965133278851,4,True,0.03687138855457306,96.9331781892106,7393.984375
0.9600882162428422,0.8092185830983917,0.8428585721686537,0.8743374431068576,0.021605579919795653,1.0,8429cd97c62dc75b924981712873f56a9c69431aeffdb2383e62e71a6c30ff22,a_7_equality_03,feasibility,equality,7,1,-0.9201764324856845,8,False,577.586899955757,369.64661600859836,7343.46875
0.9998024887845881,0.9997556709549167,0.9999531729214554,0.999964579064222,0.09642659274624275,1.0,c8f536aef725f5a84dcd18f20b259f3aab13e25c291e09ef2ac95bdb1660ec04,a_7_equality_03,fidelity,equality,7,3,0.00024432904508321364,3,True,0.023934575729072094,56.041035500820726,7343.6875
0.9999921422023345,0.9999743731870089,0.999982230845048,0.9999846747388307,0.09859948868678757,1.0,a4008785c08941cf54a6fa21e0d83ce6e791441290873f58c774ddf6cc933906,a_7_equality_03,lambda_0.5,equality,7,4,1.6742375141542976e-05,4,True,0.03638939606025815,95.81563707720488,7343.6875
0.9999848895460207,0.9999840331314548,0.9999991435724931,0.9999992874474143,0.09962979485178011,1.0,91646afc73edbfdad0cdc55fbb2fb4610c398928aa905f7fb21ea1b96f8852a2,a_7_equality_03,lambda_1,equality,7,4,1.596688148619574e-05,4,True,0.0373172708787024,94.86129784118384,7343.6875
0.9998851606354183,0.9998806695860682,0.9999955084348414,0.9999965701836756,0.09929204813116341,1.0,66834a633d671d11b28cfbbcdec430ff38b8eb63e3bce703b3c92da9546f9aa4,a_7_equality_03,lambda_2,equality,7,4,0.00012382249489861774,4,True,0.036371772177517414,95.36183290788904,7343.6875
0.9998833409511504,0.416646964156882,0.41669557546637576,0.7592989994552446,0.0002654988828634946,1.0,cd1f90ad8618789b56bb4dcf09c0b9f62370e508b27e544c0ba9d9146be136d2,a_7_mixed_01,feasibility,mixed,7,1,-0.9997666819023008,8,False,220.26676346547902,196.96385614015162,4797.43359375
0.9997917040553783,0.9995761874858965,0.9997844385299381,0.9999509771990607,0.013656587986938223,1.0,829900e4c75c7e2fc84300a768013d77cc996895097e21e22de2da8d869a715f,a_7_mixed_01,fidelity,mixed,7,5,0.0004238125141035461,5,True,0.02984186541289091,81.91427345294505,4797.43359375
0.9998574791247696,0.9993756692233831,0.9995181214208566,0.9998791016196633,0.012973640013692863,1.0,d8eee75b8c8e783fd5c4d6b68103a35ffeb1c77ea73b04f9a1b0f0b9686c60b0,a_7_mixed_01,lambda_0.5,mixed,7,5,0.00038346016480211853,5,True,0.027791433036327362,75.54031091649085,4797.43359375
0.9998661337460331,0.9997823865944309,0.9999162416359794,0.9999738811166375,0.013699980845090831,1.0,2fdea893f7bcd21f4dce08f68d91d3fc2776b4704b777ac393ed6d76e7949e39,a_7_mixed_01,lambda_1,mixed,7,5,0.00021762461798757737,5,True,0.027965471614152193,77.57054726406932,4797.43359375
0.9998152598690507,0.9997775193199979,0.999962252477465,0.9999908272554406,0.013938764208157607,1.0,5f0bad2c66111459a3dd80c17b6276b1960d32d932ec1b619ebadcd8d460162e,a_7_mixed_01,lambda_2,mixed,7,6,0.00026023517601958535,6,True,0.0401571998372674,116.97562545677647,4797.43359375
0.9999823674518284,0.4898281490397484,0.4898367861104757,0.8024886337493747,9.751778836992663e-05,1.0,515f56244caad85ae9bc737ba2446dc1981d0465cc513e39a01e91bbc424463a,a_7_mixed_02,feasibility,mixed,7,1,-0.9999647349036569,8,False,591.9046394010074,369.62138273287565,7398.875
0.9998229844836433,0.9996029558787465,0.9997799324397304,0.9999458325833717,0.011318450955101748,1.0,489b3493b40bc8d97315d4ce8578a13bcb221572c56b86753d9a24bc42583896,a_7_mixed_02,fidelity,mixed,7,3,0.00039704412125347627,3,True,0.022716642823070288,57.93381798127666,7398.875
0.9999932330256518,0.9999480813920767,0.9999548480608829,0.9999886126869175,0.011722098424878877,1.0,21f2e889f9108001ad2f7134be34a53d06810ab66ead837b751dba850cf12e47,a_7_mixed_02,lambda_0.5,mixed,7,4,2.9342943906718322e-05,4,True,0.036441945005208254,95.46241096640006,7398.875
0.9999907387388078,0.999972668773306,0.999981929867146,0.9999957502327389,0.011807708598773092,1.0,f2a601e87803572d1079ccc39a68f0ca370af5b1ce78c34c97a4c237955f3027,a_7_mixed_02,lambda_1,mixed,7,4,2.7331394046203883e-05,4,True,0.036021449603140354,96.45227012783289,7398.875
0.99995645510495,0.9999433875662268,0.9999869318922274,0.9999965939340403,0.011816201680519958,1.0,79ee4e61c9ba99e92e30a30b4ef3a42ec150ff07ddfc2500bf3b568b080c00b0,a_7_mixed_02,lambda_2,mixed,7,4,6.968111059513227e-05,4,True,0.035484626423567533,97.06479149498045,7398.875
0.9999224179586832,0.5064256918619818,0.5064649844493309,0.7468844946753783,3.3232856554438383e-07,0.7777777777777778,da968d7ffdf181174aac4ed9536b7aef5b9eadee3b66003f3397689a9ae6c9b8,a_7_positive_01,feasibility,positive,7,1,-0.9998448359173664,8,False,588.3436048175208,362.52298793708906,7378.21484375
0.9999166699690387,0.9999063591250082,0.999989688296695,0.9999976956501598,0.036827257790992954,1.0,9965130178dc83a5daf8fe41bf75cdf7c0538b6c15e3b5013759ccf54d34b705,a_7_positive_01,fidelity,positive,7,4,9.36408749918524e-05,4,True,0.03757333755493164,95.48641822580248,7378.43359375
0.9998955043264367,0.9998754987391436,0.9999799923219911,0.9999914622056624,0.03651615747423266,1.0,5fb13ec48f4ef2bb4e15e2c070f64ec2e661a2e25cdc11c1d5b440a8594092c6,a_7_positive_01,lambda_0.5,positive,7,4,0.00011449951256775615,4,True,0.035837357863783836,95.2591294250451,7378.43359375
0.9994365088019619,0.9993594289587273,0.9999228766984638,0.9999712484528939,0.03576442501655274,1.0,e654deeb729ed133a44781487eeb7426ddcab95c3b2939a4921e1b39c1ce7185,a_7_positive_01,lambda_1,positive,7,4,0.0006406144995741991,4,True,0.03603680618107319,94.4546623909846,7378.43359375
0.9994235661365003,0.9994155526449003,0.9999919818864879,0.9999960058372098,0.03662311288069631,1.0,42a19faad0708316f357bc1967757efa297e983f0e58b6a3a58087eb64ef912e,a_7_positive_01,lambda_2,positive,7,4,0.0005924700905239888,4,True,0.03653329471126199,92.29095314396545,7378.43359375
0.9999897473803383,0.32502822109204715,0.3250315535169434,0.7191465072630199,5.5601259934393535e-06,0.9322033898305084,4fb29d6821de97c19426f1a544584c3cd418cc111f6c8b4254f6d19e80175c80,a_7_positive_02,feasibility,positive,7,1,-0.9999794947606766,8,False,580.7996408282779,368.1738752746023,7400.8671875
0.9993978327854699,0.9991229907482551,0.9997249923622019,0.999925053608766,0.01576241277156922,1.0,8449376ae5819f68732dd5b263f8fedf2c9d0c0cbeab87c542c7c1d2f9f14502,a_7_positive_02,fidelity,positive,7,3,0.000877009251744927,3,True,0.023759217001497746,56.87786435568705,7409.19921875
0.9999271880549935,0.9995743297491797,0.9996471160000159,0.9999075973112773,0.015838723000568405,1.0,b7a5e01e26c208c0a1136a449cefc29cab5c4e400aa26e410ccde09114310f81,a_7_positive_02,lambda_0.5,positive,7,4,0.0002492539449985842,4,True,0.03635586425662041,91.53586974227801,7410.51171875
0.9998180631123317,0.999771288881887,0.9999532172580489,0.999988086751226,0.016562390779351666,1.0,0345cc132fe0404ba39d8d3a8188283cafbfe9eea9b2bd5a2fc5b1375acc0aa0,a_7_positive_02,lambda_1,positive,7,4,0.000228719629619345,4,True,0.03513022372499108,91.21982802590355,7410.51171875
0.9994465670829794,0.9994036058907254,0.9999570150184423,0.9999885175888809,0.01666970571908016,1.0,5838abe80388e0154ad1a541e09ed19eab7ebbec82c65c078c0fdeb605bef752,a_7_positive_02,lambda_2,positive,7,4,0.0006394028801360863,4,True,0.035906387493014336,97.20410893624648,7410.51171875
0.9999999973916418,0.10902537560424862,0.10902537588862585,0.8779582678538416,8.008997870149887e-06,0.9908256880733946,fd5a0375810e9266b7fcc55269cf2a3eff80849e1989a732f00e80c6dff1b3de,a_7_quadratic_01,feasibility,quadratic,7,1,-0.9999999947832836,8,False,593.4539754251018,366.37943731900305,7401.78515625
0.9999821968147931,0.9998814951450513,0.9998992965374158,0.9999724285505415,0.008825017498149861,1.0,a46cfe8aadfb2a87cede7855a07e8330dc74e6941d789a7c9932f6a3ab639878,a_7_quadratic_01,fidelity,quadratic,7,3,0.00011850485494865868,3,True,0.023038429208099842,56.38929375028238,7401.78515625
0.9999738631432495,0.9993142881402974,0.99934040775738,0.9998461210697092,0.008267841638634896,1.0,302b0a77ccde0e6f1a689591842a13d353e35e4fb49ee1e49ed784f4fd7adfad,a_7_quadratic_01,lambda_0.5,quadratic,7,3,0.0003559329780604692,3,True,0.023762357886880636,56.01386490371078,7401.78515625
0.9999773996371983,0.9998556566641896,0.9998782542754937,0.9999727650112653,0.008886498238841701,1.0,8d5ab9dc72c0bea239e8a18b4adeba5f0901332a210a799c274d3842ce018d04,a_7_quadratic_01,lambda_1,quadratic,7,3,0.00014434608730795606,3,True,0.024825087282806635,57.61182629875839,7401.78515625
0.9997418039856154,0.9995656612484628,0.9998238117717491,0.999960191004361,0.008630748995966187,1.0,59adf6eacd0ee67a80aca6476c1f75982422d2d0f2c0b38e545c68185f8d0d1c,a_7_quadratic_01,lambda_2,quadratic,7,3,0.0006105724708864724,3,True,0.023784246761351824,54.62237165309489,7401.78515625
0.9999999999335577,0.773995068895882,0.773995068947308,0.9368301144793881,0.0003396202094940234,1.0,e309c66e075616bec2068104ad2f31f9b38f0fa9c909a109d7d60c0c61466f60,a_7_quadratic_02,feasibility,quadratic,7,1,-0.9999999998671154,8,False,604.0754269887693,373.23015005746856,7365.57421875
0.9999513789506131,0.9996925009301448,0.9997411093919987,0.9999493035504536,0.008503347004730023,1.0,045561d4c6da821b936dd22175eefd05d163aafddef65d0e6ba1ef9cf385528e,a_7_quadratic_02,fidelity,quadratic,7,3,0.00030749906985512774,3,True,0.02102124970406294,50.67394536687061,7374.05078125
0.9999893830769335,0.9995850091802678,0.9995956218100822,0.9999008665366139,0.008216823820558345,1.0,89e39a77c7c8facdcb5db9cc75e66f0c3066b5b7d855d61e5b1b131b1dc77f77,a_7_quadratic_02,lambda_0.5,quadratic,7,3,0.00021280601802542431,3,True,0.021256597246974707,52.64949813205749,7374.05078125
0.999989478946696,0.9999347857696148,0.9999453062474829,0.9999910217016771,0.008787649812982181,1.0,7e8893d6f52ed9edbe47fd71820b068b97df399ed53dd2d648faf7c89e8599d4,a_7_quadratic_02,lambda_1,quadratic,7,3,6.521480582111217e-05,3,True,0.021693024318665266,54.561519329901785,7374.05078125
0.9998476629047972,0.9996235812451186,0.9997758841991713,0.9999420002423381,0.008527034956603882,1.0,33ed444bee42782f6f096bddd143cd9c434f17236364ca7c7f8020cf65d7cc01,a_7_quadratic_02,lambda_2,quadratic,7,3,0.0006005686968602042,3,True,0.02183557627722621,54.35270472569391,7374.05078125
0.9999940328148036,0.032272384508511796,0.032272577084956025,0.8812384664016769,9.203963653707587e-05,1.0,33987f1ff4ce545e3ff53c9c0b22ffc28f7fd7228a3cefaf63a376ff25f90c85,a_7_quadratic_03,feasibility,quadratic,7,1,-0.9999880656296072,8,False,583.9307372351177,364.17550293635577,7381.36328125
0.9999292361517758,0.9996562342194066,0.9997269787475964,0.9999496114687243,0.009244285522675855,1.0,d89504c6c7be0b486a1b6da207da4b06e80143084b97ee8532399137464b1ebb,a_7_quadratic_03,fidelity,quadratic,7,3,0.00034376578059348265,3,True,0.02373833116143942,57.25890873325989,7381.36328125
0.9999405779589985,0.999156774244196,0.9992161497072133,0.9998221253351376,0.008242285076517378,1.0,ac68a800e96a205fae3ba79f09fa9fa175a1c1b76fc91b75e647018b0f2a2333,a_7_quadratic_03,lambda_0.5,quadratic,7,3,0.00045134718739486823,3,True,0.0227314792573452,56.43115792050958,7381.36328125
0.9998303146944406,0.9992313955111284,0.9994009791716555,0.9998681204996898,0.008892395821925676,1.0,90574c2692fdb9aa20f505b00f747bd3542580a706a6c4f3e3400c2ef70dc705,a_7_quadratic_03,lambda_1,quadratic,7,3,0.0007687061339038959,3,True,0.02441409043967724,56.4972930541262,7381.36328125
0.9996219849745727,0.9994556195250278,0.9998335716380337,0.9999671274932163,0.00905946702005476,1.0,b59a40c49e359ef9df965cc2bd690336b858c4075e9de7b4f32c16f90df4777b,a_7_quadratic_03,lambda_2,quadratic,7,3,0.0007108717493597982,3,True,0.02312219748273492,53.40271146828309,7381.36328125
0.9637238971822539,0.8853060618109404,0.9186303923762891,0.9552472949465817,0.006200513603979933,1.0,60c95691d60d447ee80b34f216740956608e6b08ec71cb41134d730fd89027da,a_8_equality_01,feasibility,equality,8,1,-0.9274477943645079,8,False,4549.524033274967,1386.451720119454,14798.55859375
0.999573782374715,0.9995047392299576,0.9999309274152897,0.9999641005392038,0.03599754577484914,1.0,6a64d2d45cbb42a813ae077f0d3bbd3204e64cbc02910e0860f2a0f39286ced5,a_8_equality_01,fidelity,equality,8,4,0.0004952607700423996,4,True,0.12616601726040244,368.0232141632587,14798.55859375
0.999957486123175,0.9998902774032943,0.9999327884226945,0.9999609838327707,0.03560637127831252,1.0,925a724418f5cbb4ae1c8b7c7639282588e53e8fa0a53e8078723b4bea07db3c,a_8_equality_01,lambda_0.5,equality,8,5,7.61196654777141e-05,5,True,0.18861245876178145,558.1100617060438,14798.55859375
0.9997319388747574,0.9996897172782957,0.9999577670825349,0.9999801328426066,0.03635249324383894,1.0,94f37194a4389bfcd8d255bb2f8cc9a1d5b78053bcf2ca9efc54dd3ae0ebc43e,a_8_equality_01,lambda_1,equality,8,5,0.0003102940427076595,5,True,0.1865017912350595,550.525928822346,14798.55859375
0.9993662101356806,0.9993540406130164,0.9999878227595241,0.9999963743967051,0.03659112635101493,1.0,abf7b09e0741802a13bf22be346f91b46d98d69c3040a7fc41143c3939bf3e45,a_8_equality_01,lambda_2,equality,8,6,0.0006581443452711166,6,True,0.25868640653789043,780.2082030326128,14821.60546875
0.9851988630305019,0.9365731537688979,0.9506437623039579,0.9788589011905104,0.0224134324780964,1.0,925b51858a10473e9608f0efe6994a219798c765df3f95509881d271af579ba9,a_8_equality_02,feasibility,equality,8,1,-0.9703977260610037,8,False,620.9731815578416,644.8494807858951,7715.26953125
0.9998203121359976,0.999800870533996,0.9999805549039505,0.9999922355454425,0.04509485214753863,1.0,9c3e6882cb537e0e488e2bc953cf17c750238528d9fbff1ec10d786f03f9e416,a_8_equality_02,fidelity,equality,8,4,0.00019912946600390962,4,True,0.06217952072620392,172.4464213727042,7715.48828125
0.9997522877792845,0.9995274376685366,0.9997750941773313,0.9998724808162884,0.04263678633652038,1.0,67ba65b77ae9b5add239eede5da38c6761a34ae9012c15ac7d60446b25fb4534,a_8_equality_02,lambda_0.5,equality,8,4,0.0003601651320498389,4,True,0.062060901429504156,174.69287433102727,7715.48828125
0.9999595313802883,0.9999576811061377,0.9999981496509683,0.9999990851597834,0.04528997217359791,1.0,6d3c1925c25ecfbb05ec3148122707dccc8d37372df2fffaed4e636debed96f6,a_8_equality_02,lambda_1,equality,8,5,4.231896874340446e-05,5,True,0.09237830666825175,274.9129598196596,7715.48828125
0.9996645797638759,0.9996619959964564,0.9999974153656419,0.9999985564333036,0.04520182583432453,1.0,2f1da3d7c5771f7004e41de29e68543194d386495a1f4ddbb1e3d98e5d626994,a_8_equality_02,lambda_2,equality,8,5,0.000340589504840505,5,True,0.0910572400316596,266.5662539708428,7715.48828125
0.9999700129124457,0.30933775023287186,0.3093470266492446,0.6400839673742067,8.880037434986746e-08,0.90625,c5ae2943741a9fe52cf4e1c17ac2ec83aa69cdba125682380004161ea13eb2d3,a_8_mixed_01,feasibility,mixed,8,1,-0.9999400258248914,8,False,302.7577679939568,504.1826062113978,5748.1796875
0.9996557442117107,0.9993898489244126,0.9997340131451876,0.9999446632624794,0.00721425678951557,1.0,9c748da82c821905456e321bd3e6f41f7fbe8d291eb8dec3cdec71963cce4718,a_8_mixed_01,fidelity,mixed,8,8,0.0006101510755873729,8,True,0.18568653939291835,521.5776830492541,5807.0
0.9991533110070807,0.9974980549324494,0.9983433412506405,0.9996039280124137,0.005625555367224058,1.0,59cfabe6b7a347f7867fcd5efbf87605683fd9f31cda972a8f427e2b7e76dba2,a_8_mixed_01,lambda_0.5,mixed,8,8,0.0016750183675990349,8,False,0.1788414502516389,504.05791639117524,5807.0
0.9984693279552289,0.9978300805878558,0.9993597726545269,0.9998324266482863,0.006861964998197796,1.0,7cdc91efd16adceb3a5ad438a8d4c560b25bbdb8e8939297f06bab656539f615,a_8_mixed_01,lambda_1,mixed,8,7,0.0021708993902441742,8,False,0.17757185129448771,504.1227982258424,5807.0
0.9966931002032301,0.9959687453862733,0.99927324186672,0.9998771337933912,0.006795867808281676,1.0,616d01cf9c94c1bbba66f57280a2faf489a3c3be6d97d150c0b499d1b39872d5,a_8_mixed_01,lambda_2,mixed,8,7,0.0047604160633299974,8,False,0.1798104289919138,509.9466949724592,5807.0
0.9999655382241768,0.33640417406845813,0.33641576755322294,0.7060579708202641,2.0396122449040542e-09,0.7931034482758621,c63790cf2ee4d1c5fcf05c921ef4237dd76de1c0127483aeefdbe0d1e2f851c8,a_8_mixed_02,feasibility,mixed,8,1,-0.9999310764483536,8,False,1890.3064264487475,973.7824163855985,11076.2421875
0.9999660008006055,0.9999327156914999,0.9999667137591889,0.9999934700181224,0.008467756926660613,1.0,10edd8583516ba9d8cf6150ab15f53bf3ef5353d983ca9deafb0211bd0762dc0,a_8_mixed_02,fidelity,mixed,8,5,6.728430850015198e-05,5,True,0.13086586305871606,388.9974833657034,11077.1171875
0.9999093945116315,0.9994825450407463,0.9995731118507055,0.9999064991885648,0.007845906931030938,1.0,0c753edac0dfb049cef0b6f7f5fbcaef55a254858be4c502956450fd0c9c41dd,a_8_mixed_02,lambda_0.5,mixed,8,5,0.00030404956301571806,5,True,0.13230692222714424,387.18438178813085,11077.1171875
0.9997882547238961,0.999682076762324,0.9998937995509846,0.9999736065042247,0.008316420054698436,1.0,5502fed91ff3182182a1fc3f39b448cade92202f40c7648792ff4556aa865b5e,a_8_mixed_02,lambda_1,mixed,8,5,0.0003179457251193396,5,True,0.13248475082218647,388.94834235170856,11077.1171875
0.9998934073268068,0.9998824036091247,0.9999889951092772,0.9999977589596197,0.008518882749450759,1.0,4d67cce65019bc3874bf8976b62e350f8967900d68242b109463f7f686b97422,a_8_mixed_02,lambda_2,mixed,8,6,0.00012860245463863773,6,True,0.18057882692664862,544.6651974013075,11082.6484375
0.9999304356378653,0.3033823518788677,0.3034034579468892,0.6296047402685763,8.475212875503465e-06,1.0,82bba0ed3dde09b323ec56fbd6fb2805a279daaa57765f2a06a98ffa144cbe73,a_8_mixed_03,feasibility,mixed,8,1,-0.9998608712757306,8,False,2048.2034267098643,992.7406480330974,11364.87890625
0.9994071423173357,0.9990213560509318,0.9996139848815675,0.9999045448678374,0.007836457940574616,1.0,c1a04e2dd6e71a0132da182628f36b20430678ecb7974eb7c7cd1b6c3c41cd09,a_8_mixed_03,fidelity,mixed,8,4,0.0009786439490682176,4,True,0.09138875547796488,262.47555284015834,11364.87890625
0.9998421112584128,0.9991748255499885,0.9993326089180375,0.9998892094953685,0.007590887154996784,1.0,f2f81ac2d53e8b184c5018f0149b9fcc53119fb24bfcdfa4cb05b71e14661020,a_8_mixed_03,lambda_0.5,mixed,8,5,0.0004915842825684025,5,True,0.13494653487578034,393.60133444471285,11364.87890625
0.9998094098925593,0.9997526638835297,0.9999432431736808,0.9999874104037066,0.008214629892687578,1.0,9c8a0454015da7ccfcbda0ca125f6f88cd22906c1c780dc7e608f7b20a63b5c2,a_8_mixed_03,lambda_1,mixed,8,5,0.0002473469337599399,5,True,0.13349142344668508,391.64341020956635,11364.87890625
0.9993762376398234,0.999291579552652,0.999915289073341,0.99998594225299,0.008251296941366356,1.0,61f818129065683b4288ab599c61b4b9f915160e6f7c5de7edc8a9ed98311b88,a_8_mixed_03,lambda_2,mixed,8,5,0.0007931842134942801,5,True,0.13771175872534513,403.7440912006423,11392.26171875
0.9999106917131616,0.42333013337888764,0.4233679436446368,0.8282108548832112,3.8586031338278807e-07,0.8701298701298701,d6dd18015251b469e13cdb3708e31bf9f5aeb3a86ad796421fe59542ee30a873,a_8_positive_01,feasibility,positive,8,1,-0.9998213834263232,8,False,4485.540469792206,1372.5114035210572,14870.140625
0.9997603667698578,0.9997096518347184,0.9999492729089638,0.9999857397001538,0.012480210400224461,1.0,02803026f1bda80615852fffaf4233b2861960c40ab1c998607cd9a28c898e8f,a_8_positive_01,fidelity,positive,8,4,0.0002903481652815459,4,True,0.12871139915660024,373.0877190004103,14870.140625
0.9999624368419442,0.9999080455124225,0.9999456066272915,0.9999887192766561,0.012611691539229312,1.0,619a964dc8d0e970731d2523ad435d9c80131d2de142e9034e8112e26dd5354c,a_8_positive_01,lambda_0.5,positive,8,5,6.47598444100117e-05,5,True,0.18373697064816952,541.3312498060986,14870.140625
0.9993802283185323,0.999264354945495,0.999884054767391,0.9999711776403788,0.012396688859824985,1.0,f587c2c04e1ee6f20b04189bf6f12f63d57c0e6d62fff9b76a874da689940fba,a_8_positive_01,lambda_1,positive,8,4,0.0007357169140768116,4,True,0.12464365130290389,358.61629909602925,14870.140625
0.999309146779483,0.9992858415909891,0.9999766786999108,0.9999950248654472,0.012759403367762021,1.0,b3c6916dcb27edc0672a8346dcd09d8eef1bfe1e22f1e9b90e236ca16fb6536c,a_8_positive_01,lambda_2,positive,8,5,0.0007374958206953774,5,True,0.18419805308803916,542.1506080646068,14870.140625
0.9998805183572443,0.5669369158355394,0.5670046624840631,0.8866958517146795,0.0005641926727369755,1.0,fec850728a47b1739e778db8619cfdd07e5b9c9f77bf2d02183805210b45fb77,a_8_positive_02,feasibility,positive,8,1,-0.9997610367144887,8,False,4506.742413338739,1358.6309370640665,14851.18359375
0.9999753918800478,0.9999471230451048,0.999971730469397,0.9999943385308128,0.005964836807367659,1.0,a521043f58482954677ebc347930b94b10d152cd1aca1712fec8fd0196bbe617,a_8_positive_02,fidelity,positive,8,4,5.287695489517521e-05,4,True,0.12917995918542147,368.5564117417671,14851.18359375
0.9999762520616483,0.9998095898775882,0.9998333338579626,0.9999677870859437,0.005835075929217454,1.0,fe0824b6d9cbd79f813b76943398097d86601c2252c26ff68904c59898802f2d,a_8_positive_02,lambda_0.5,positive,8,4,0.00010708100937040221,4,True,0.1258350256830454,371.60503214690834,14851.18359375
0.999893661892991,0.9998183869537186,0.9999247170552817,0.9999874227590335,0.005860413110127967,1.0,51363b846eefcc7b1108b908b80718481388abbba92faf7e39966833db695253,a_8_positive_02,lambda_1,positive,8,4,0.0001816210517272543,4,True,0.1254961914382875,358.1980182803236,14851.18359375
0.9994470911047894,0.9993314420582935,0.9998842869747432,0.9999774857768612,0.005948907892281352,1.0,655277904e7f112dbdad3461fc978283119a716e0824fd9a9ecd241233973749,a_8_positive_02,lambda_2,positive,8,4,0.0007843349457240523,4,True,0.1666024448350072,377.3533318308182,14886.515625
0.9998711598477108,0.25807265648625277,0.25810591089111873,0.5257569826803025,8.222605708949946e-05,1.0,53daf2ec4f4ad2a0d3f5f5996c9b7b12d4be31b2b77b2bcc9d5136ce94b508c3,a_8_positive_03,feasibility,positive,8,1,-0.9997423196954216,8,False,4523.954321754165,1415.0356060322374,14784.19921875
0.9998006116863963,0.9997098510276283,0.9999092212410083,0.9999753722022023,0.01241778891255765,1.0,e68411b42ea9b4eea9151b31a5454a8f4a8756f58d54c769cd151aec56db91ec,a_8_positive_03,fidelity,positive,8,4,0.0002901489723716567,4,True,0.1344082085415721,370.0212939744815,14784.19921875
0.9999913882526533,0.9999748233279667,0.9999834349326592,0.9999959401325399,0.012612934297441687,1.0,86091232613d473e6eb0b962284f9ea90599e1426da2f095ef4cd4f04089fdcc,a_8_positive_03,lambda_0.5,positive,8,5,1.6894281017032498e-05,5,True,0.18638361664488912,545.9396320311353,14786.58984375
0.9992940312604552,0.9991112403281827,0.9998170799318775,0.9999623650809064,0.012205093423282645,1.0,f4ec212c0f1391ee6adfaaab0f098e2c8dad5e85e74712db3d9b7cf5e935009f,a_8_positive_03,lambda_1,positive,8,4,0.000888888807667354,4,True,0.12821867503225803,363.59837838308886,14786.58984375
0.9997777584121302,0.9997694771267592,0.9999917168737739,0.999997832597341,0.012678092558125595,1.0,92f7d18d58cf17f40ffce138c0640ca831727081d3f57c87037e2718a12ef659,a_8_positive_03,lambda_2,positive,8,5,0.00023880784032181968,5,True,0.2403123932890594,623.6357517493889,14786.58984375
0.9999906441969122,0.77403334744324,0.7740405892145747,0.9532739535617812,0.0003565660556847441,1.0,4f499c4f460cbc879164e46c7bfbb4afc998848032d85600fe92121919272448,a_8_quadratic_01,feasibility,quadratic,8,1,-0.9999812883938244,8,False,4703.492400895804,1446.5452693584375,14729.25390625
0.999883896598365,0.9994542753739118,0.9995703288892693,0.9999131488532509,0.004249400351145841,1.0,dfd90f25efb7cee3b724d744d10b09242e2be03e3c2e2d892a91a4e6992c70ba,a_8_quadratic_01,fidelity,quadratic,8,3,0.0005457246260881053,3,True,0.10952786775305867,219.04774538706988,14729.25390625
0.9999546228711504,0.9991123585016602,0.9991576974092367,0.9998508792861853,0.003988619894683271,1.0,e061ecea75ae3a55c9be1d8236ae6e9250794eea083068d43ad1583fa1f9a7dd,a_8_quadratic_01,lambda_0.5,quadratic,8,3,0.0004665284242312273,3,True,0.08292141277343035,225.10763800516725,14729.25390625
0.9998311703202295,0.9990157429083619,0.9991844348965372,0.999833371204099,0.004152806141352965,1.0,52c7f2a7f249921defb10c987e3e2bc39fbf19dc19d0ed6b4aaced26acd3d9c3,a_8_quadratic_01,lambda_1,quadratic,8,3,0.0009843947832334221,3,True,0.08054141001775861,214.95895200874656,14729.25390625
0.9999603973115894,0.9999340495226474,0.9999736511675734,0.9999950143271362,0.004495238357930296,1.0,545f2aac6906ad1e4c997518d7ef274d2eed10605afad75dcbf8a0ac3ac9db61,a_8_quadratic_01,lambda_2,quadratic,8,4,9.230035326379671e-05,4,True,0.13152315886691213,375.3346243770793,14729.25390625
0.9998282474270972,0.5000198321212121,0.5001057265664733,0.8949690844041641,0.00010503266845435684,1.0,cd8022cb87d991f7d5f5f5987073967910164065deb9ac08d77eef4aef7ee20c,a_8_quadratic_02,feasibility,quadratic,8,1,-0.9996564948541944,8,False,4527.118190854788,1419.206783184316,14756.02734375
0.9999883348166912,0.9999688079770586,0.9999804729325805,0.9999959768951449,0.005433273720728835,1.0,d5a359c13feaf05d9a226575ca9d56a2f55e23a47cc4fd943b94e82a15acdae0,a_8_quadratic_02,fidelity,quadratic,8,4,3.1192022941501e-05,4,True,0.14628714881837368,403.93952008895576,14795.51171875
0.9999923912959641,0.9999007305558507,0.9999083385624619,0.9999803854023566,0.0052499713835721,1.0,b27484a581b6d1267247381c34be59050cc9ce948699f0076c24acb885306baa,a_8_quadratic_02,lambda_0.5,quadratic,8,4,5.343942280500169e-05,4,True,0.1517536104656756,427.7050676662475,14827.51953125
0.9999793199964507,0.9999380718077191,0.999958750958238,0.999991368245909,0.0053860381598690756,1.0,5f42e35986c1aea1564d1dc023e0fbfbf73cefe6ee564b73e4dbebd875a0b4f4,a_8_quadratic_02,lambda_1,quadratic,8,4,6.192904531132637e-05,4,True,0.1518572880886495,420.5393906678073,14842.03515625
0.999544783966867,0.9994261125113573,0.9998812744987385,0.9999761744111807,0.005329385767817284,1.0,aa620f5baa35f1b6687fa8ca373385ce39e045b013a2363c855f4a28db218136,a_8_quadratic_02,lambda_2,quadratic,8,4,0.0006926670356559583,4,True,0.1404341715388,417.84528553299606,14856.3828125
