method,constraint_type,n_x,layer,AR_mean,AR_std,AR_median,AR_q25,AR_q75,p_feasible_mean,p_feasible_std,p_feasible_median,p_feasible_q25,p_feasible_q75,p_optimal_mean,p_optimal_std,p_optimal_median,p_optimal_q25,p_optimal_q75
HybridQAOA,assignment+assignment+cardinality,10,1,0.7708375509557792,,0.7708375509557792,0.7708375509557792,0.7708375509557792,1.0,,1.0,1.0,1.0,0.245,,0.245,0.245,0.245
HybridQAOA,assignment+cardinality,7,1,0.39077646122382537,,0.39077646122382537,0.39077646122382537,0.39077646122382537,1.0,,1.0,1.0,1.0,0.145,,0.145,0.145,0.145
HybridQAOA,cardinality+assignment,5,1,0.5921997648709808,,0.5921997648709808,0.5921997648709808,0.5921997648709808,1.0,,1.0,1.0,1.0,0.0,,0.0,0.0,0.0
HybridQAOA,cardinality+assignment,6,1,0.5963320653517606,,0.5963320653517606,0.5963320653517606,0.5963320653517606,1.0,,1.0,1.0,1.0,0.384,,0.384,0.384,0.384
HybridQAOA,cardinality+assignment+knapsack,9,1,0.7007104495636145,,0.7007104495636145,0.7007104495636145,0.7007104495636145,0.914,,0.914,0.914,0.914,0.475,,0.475,0.475,0.475
HybridQAOA,cardinality+cardinality,5,1,0.5722414588989477,,0.5722414588989477,0.5722414588989477,0.5722414588989477,0.241,,0.241,0.241,0.241,0.106,,0.106,0.106,0.106
HybridQAOA,cardinality+cardinality,5,2,0.5890141450750054,,0.5890141450750054,0.5890141450750054,0.5890141450750054,0.0804,,0.0804,0.0804,0.0804,0.0512,,0.0512,0.0512,0.0512
HybridQAOA,cardinality+cardinality,5,3,0.8100617608249409,,0.8100617608249409,0.8100617608249409,0.8100617608249409,0.5836,,0.5836,0.5836,0.5836,0.4585,,0.4585,0.4585,0.4585
HybridQAOA,cardinality+cardinality,5,4,0.8443597563201829,,0.8443597563201829,0.8443597563201829,0.8443597563201829,0.4376,,0.4376,0.4376,0.4376,0.3994,,0.3994,0.3994,0.3994
HybridQAOA,cardinality+cardinality,5,5,0.8885395981492189,,0.8885395981492189,0.8885395981492189,0.8885395981492189,0.7317,,0.7317,0.7317,0.7317,0.6847,,0.6847,0.6847,0.6847
HybridQAOA,cardinality+cardinality,6,1,0.55,,0.55,0.55,0.55,1.0,,1.0,1.0,1.0,0.0,,0.0,0.0,0.0
HybridQAOA,cardinality+cardinality,7,1,0.6412579215726263,,0.6412579215726263,0.6412579215726263,0.6412579215726263,0.965,,0.965,0.965,0.965,0.006,,0.006,0.006,0.006
HybridQAOA,cardinality+cardinality,7,2,0.6106610399575524,,0.6106610399575524,0.6106610399575524,0.6106610399575524,0.2192,,0.2192,0.2192,0.2192,0.0092,,0.0092,0.0092,0.0092
HybridQAOA,cardinality+cardinality,7,3,0.7579878548332996,,0.7579878548332996,0.7579878548332996,0.7579878548332996,0.2092,,0.2092,0.2092,0.2092,0.0026,,0.0026,0.0026,0.0026
HybridQAOA,cardinality+cardinality,7,4,0.8291598052309557,,0.8291598052309557,0.8291598052309557,0.8291598052309557,0.4285,,0.4285,0.4285,0.4285,0.2705,,0.2705,0.2705,0.2705
HybridQAOA,cardinality+cardinality,7,5,0.7977554458385577,,0.7977554458385577,0.7977554458385577,0.7977554458385577,0.1288,,0.1288,0.1288,0.1288,0.0161,,0.0161,0.0161,0.0161
HybridQAOA,cardinality+cardinality,8,1,0.7066264171751276,,0.7066264171751276,0.7066264171751276,0.7066264171751276,0.435,,0.435,0.435,0.435,0.435,,0.435,0.435,0.435
HybridQAOA,cardinality+cardinality,8,2,0.7061720620711368,,0.7061720620711368,0.7061720620711368,0.7061720620711368,0.0978,,0.0978,0.0978,0.0978,0.0978,,0.0978,0.0978,0.0978
HybridQAOA,cardinality+cardinality,8,3,0.7449746023657942,,0.7449746023657942,0.7449746023657942,0.7449746023657942,0.1955,,0.1955,0.1955,0.1955,0.1955,,0.1955,0.1955,0.1955
HybridQAOA,cardinality+cardinality,8,4,0.7876110983330105,,0.7876110983330105,0.7876110983330105,0.7876110983330105,0.7889,,0.7889,0.7889,0.7889,0.7889,,0.7889,0.7889,0.7889
HybridQAOA,cardinality+cardinality,10,1,0.5511043566745467,,0.5511043566745467,0.5511043566745467,0.5511043566745467,1.0,,1.0,1.0,1.0,0.0,,0.0,0.0,0.0
HybridQAOA,cardinality+flow,6,1,0.7995489651701202,,0.7995489651701202,0.7995489651701202,0.7995489651701202,1.0,,1.0,1.0,1.0,0.997,,0.997,0.997,0.997
HybridQAOA,cardinality+flow,7,1,0.6450945520101784,,0.6450945520101784,0.6450945520101784,0.6450945520101784,0.018,,0.018,0.018,0.018,0.0,,0.0,0.0,0.0
HybridQAOA,cardinality+flow,7,2,0.7545111923383204,,0.7545111923383204,0.7545111923383204,0.7545111923383204,0.278,,0.278,0.278,0.278,0.0,,0.0,0.0,0.0
HybridQAOA,cardinality+flow,7,3,0.8543112672365235,,0.8543112672365235,0.8543112672365235,0.8543112672365235,0.1527,,0.1527,0.1527,0.1527,0.0,,0.0,0.0,0.0
HybridQAOA,cardinality+flow,7,4,0.844894002628697,,0.844894002628697,0.844894002628697,0.844894002628697,0.093,,0.093,0.093,0.093,0.0,,0.0,0.0,0.0
HybridQAOA,cardinality+flow,7,5,0.8521841361899692,,0.8521841361899692,0.8521841361899692,0.8521841361899692,0.1404,,0.1404,0.1404,0.1404,0.0,,0.0,0.0,0.0
HybridQAOA,cardinality+flow,8,1,0.6834069104190712,,0.6834069104190712,0.6834069104190712,0.6834069104190712,1.0,,1.0,1.0,1.0,0.078,,0.078,0.078,0.078
HybridQAOA,cardinality+independent_set,6,1,0.7628745116575161,,0.7628745116575161,0.7628745116575161,0.7628745116575161,0.978,,0.978,0.978,0.978,0.0,,0.0,0.0,0.0
HybridQAOA,cardinality+independent_set,7,1,0.7721007601428818,,0.7721007601428818,0.7721007601428818,0.7721007601428818,0.982,,0.982,0.982,0.982,0.226,,0.226,0.226,0.226
HybridQAOA,cardinality+knapsack,4,1,0.7048387672798447,,0.7048387672798447,0.7048387672798447,0.7048387672798447,0.976,,0.976,0.976,0.976,0.78,,0.78,0.78,0.78
HybridQAOA,cardinality+knapsack,5,1,0.8049206528758046,,0.8049206528758046,0.8049206528758046,0.8049206528758046,0.849,,0.849,0.849,0.849,0.022,,0.022,0.022,0.022
HybridQAOA,cardinality+knapsack,5,2,0.7754956833949198,,0.7754956833949198,0.7754956833949198,0.7754956833949198,0.9095,,0.9095,0.9095,0.9095,0.5007,,0.5007,0.5007,0.5007
HybridQAOA,cardinality+knapsack,6,1,0.3468809078610267,,0.3468809078610267,0.3468809078610267,0.3468809078610267,0.0,,0.0,0.0,0.0,0.0,,0.0,0.0,0.0
HybridQAOA,cardinality+knapsack,6,2,0.4212070788366435,,0.4212070788366435,0.4212070788366435,0.4212070788366435,0.0,,0.0,0.0,0.0,0.0,,0.0,0.0,0.0
HybridQAOA,cardinality+knapsack,6,3,0.4812139174555892,,0.4812139174555892,0.4812139174555892,0.4812139174555892,0.0,,0.0,0.0,0.0,0.0,,0.0,0.0,0.0
HybridQAOA,cardinality+knapsack,6,4,0.506603860233448,,0.506603860233448,0.506603860233448,0.506603860233448,0.0,,0.0,0.0,0.0,0.0,,0.0,0.0,0.0
HybridQAOA,cardinality+knapsack,6,5,0.49961810632721465,,0.49961810632721465,0.49961810632721465,0.49961810632721465,0.0,,0.0,0.0,0.0,0.0,,0.0,0.0,0.0
HybridQAOA,cardinality+knapsack,7,1,0.32667150387040267,,0.32667150387040267,0.32667150387040267,0.32667150387040267,1.0,,1.0,1.0,1.0,0.987,,0.987,0.987,0.987
HybridQAOA,cardinality+knapsack+knapsack,6,1,0.5708487818783387,,0.5708487818783387,0.5708487818783387,0.5708487818783387,0.557,,0.557,0.557,0.557,0.012,,0.012,0.012,0.012
HybridQAOA,cardinality+knapsack+knapsack,6,2,0.7621513754005789,,0.7621513754005789,0.7621513754005789,0.7621513754005789,0.9042,,0.9042,0.9042,0.9042,0.0143,,0.0143,0.0143,0.0143
HybridQAOA,flow+cardinality,6,1,0.8513929715412186,,0.8513929715412186,0.8513929715412186,0.8513929715412186,1.0,,1.0,1.0,1.0,0.0,,0.0,0.0,0.0
HybridQAOA,flow+cardinality,7,1,0.5260441222830878,,0.5260441222830878,0.5260441222830878,0.5260441222830878,1.0,,1.0,1.0,1.0,0.085,,0.085,0.085,0.085
HybridQAOA,flow+cardinality,8,1,0.2841598687683185,,0.2841598687683185,0.2841598687683185,0.2841598687683185,1.0,,1.0,1.0,1.0,0.0,,0.0,0.0,0.0
HybridQAOA,flow+cardinality,9,1,0.415645244560321,,0.415645244560321,0.415645244560321,0.415645244560321,1.0,,1.0,1.0,1.0,0.0,,0.0,0.0,0.0
HybridQAOA,flow+cardinality+cardinality,9,1,0.5776311528367772,,0.5776311528367772,0.5776311528367772,0.5776311528367772,1.0,,1.0,1.0,1.0,0.0,,0.0,0.0,0.0
HybridQAOA,flow+flow,10,1,0.4272202344838529,,0.4272202344838529,0.4272202344838529,0.4272202344838529,1.0,,1.0,1.0,1.0,0.0,,0.0,0.0,0.0
HybridQAOA,flow+knapsack,7,1,0.6773534638081388,,0.6773534638081388,0.6773534638081388,0.6773534638081388,0.851,,0.851,0.851,0.851,0.0,,0.0,0.0,0.0
HybridQAOA,independent_set+cardinality,4,1,0.8620844904306889,,0.8620844904306889,0.8620844904306889,0.8620844904306889,0.987,,0.987,0.987,0.987,0.677,,0.677,0.677,0.677
HybridQAOA,independent_set+cardinality,5,1,0.6625811737107269,,0.6625811737107269,0.6625811737107269,0.6625811737107269,0.982,,0.982,0.982,0.982,0.0,,0.0,0.0,0.0
HybridQAOA,independent_set+knapsack+cardinality,7,1,0.4128629375875549,,0.4128629375875549,0.4128629375875549,0.4128629375875549,0.0,,0.0,0.0,0.0,0.0,,0.0,0.0,0.0
HybridQAOA,independent_set+knapsack+cardinality,7,2,0.5414339025017734,,0.5414339025017734,0.5414339025017734,0.5414339025017734,0.0,,0.0,0.0,0.0,0.0,,0.0,0.0,0.0
HybridQAOA,independent_set+knapsack+cardinality,7,3,0.5999498922154493,,0.5999498922154493,0.5999498922154493,0.5999498922154493,0.0,,0.0,0.0,0.0,0.0,,0.0,0.0,0.0
HybridQAOA,independent_set+knapsack+cardinality,7,4,0.5983129864609483,,0.5983129864609483,0.5983129864609483,0.5983129864609483,0.0,,0.0,0.0,0.0,0.0,,0.0,0.0,0.0
HybridQAOA,independent_set+knapsack+cardinality,7,5,0.5700224727209983,,0.5700224727209983,0.5700224727209983,0.5700224727209983,0.0,,0.0,0.0,0.0,0.0,,0.0,0.0,0.0
HybridQAOA,knapsack+cardinality,4,1,0.2619538525290849,,0.2619538525290849,0.2619538525290849,0.2619538525290849,1.0,,1.0,1.0,1.0,0.992,,0.992,0.992,0.992
HybridQAOA,knapsack+cardinality,5,1,0.5437268171303781,,0.5437268171303781,0.5437268171303781,0.5437268171303781,0.08,,0.08,0.08,0.08,0.043,,0.043,0.043,0.043
HybridQAOA,knapsack+cardinality,5,2,0.6588284458628618,,0.6588284458628618,0.6588284458628618,0.6588284458628618,0.1911,,0.1911,0.1911,0.1911,0.1267,,0.1267,0.1267,0.1267
HybridQAOA,knapsack+cardinality,5,3,0.8403723397294346,,0.8403723397294346,0.8403723397294346,0.8403723397294346,0.6419,,0.6419,0.6419,0.6419,0.5002,,0.5002,0.5002,0.5002
HybridQAOA,knapsack+cardinality,5,4,0.897927023233594,,0.897927023233594,0.897927023233594,0.897927023233594,0.8606,,0.8606,0.8606,0.8606,0.6453,,0.6453,0.6453,0.6453
HybridQAOA,knapsack+cardinality,6,1,0.6876438141729844,,0.6876438141729844,0.6876438141729844,0.6876438141729844,0.393,,0.393,0.393,0.393,0.317,,0.317,0.317,0.317
HybridQAOA,knapsack+cardinality,6,2,0.8522728236486611,,0.8522728236486611,0.8522728236486611,0.8522728236486611,0.6893,,0.6893,0.6893,0.6893,0.5451,,0.5451,0.5451,0.5451
HybridQAOA,knapsack+cardinality,6,3,0.9082234228990813,,0.9082234228990813,0.9082234228990813,0.9082234228990813,0.9247,,0.9247,0.9247,0.9247,0.8014,,0.8014,0.8014,0.8014
HybridQAOA,knapsack+cardinality,6,4,0.8144037422587789,,0.8144037422587789,0.8144037422587789,0.8144037422587789,0.5777,,0.5777,0.5777,0.5777,0.0048,,0.0048,0.0048,0.0048
HybridQAOA,knapsack+cardinality,6,5,0.8517820275169862,,0.8517820275169862,0.8517820275169862,0.8517820275169862,0.7461,,0.7461,0.7461,0.7461,0.2091,,0.2091,0.2091,0.2091
HybridQAOA,knapsack+cardinality,7,1,0.9212331284145753,,0.9212331284145753,0.9212331284145753,0.9212331284145753,0.991,,0.991,0.991,0.991,0.679,,0.679,0.679,0.679
HybridQAOA,knapsack+flow,5,1,0.7284018830385814,,0.7284018830385814,0.7284018830385814,0.7284018830385814,0.923,,0.923,0.923,0.923,0.0,,0.0,0.0,0.0
HybridQAOA,knapsack+flow,6,1,0.7500318169227678,,0.7500318169227678,0.7500318169227678,0.7500318169227678,0.968,,0.968,0.968,0.968,0.0,,0.0,0.0,0.0
HybridQAOA,knapsack+flow,7,1,0.648664935193338,,0.648664935193338,0.648664935193338,0.648664935193338,0.764,,0.764,0.764,0.764,0.0,,0.0,0.0,0.0
HybridQAOA,knapsack+flow,8,1,0.7274987005795385,,0.7274987005795385,0.7274987005795385,0.7274987005795385,1.0,,1.0,1.0,1.0,0.0,,0.0,0.0,0.0
HybridQAOA,knapsack+flow,9,1,0.569300817044703,,0.569300817044703,0.569300817044703,0.569300817044703,0.791,,0.791,0.791,0.791,0.0,,0.0,0.0,0.0
HybridQAOA,knapsack+independent_set,5,1,0.7191390985189131,,0.7191390985189131,0.7191390985189131,0.7191390985189131,0.634,,0.634,0.634,0.634,0.274,,0.274,0.274,0.274
HybridQAOA,knapsack+independent_set,5,2,0.7927847975166896,,0.7927847975166896,0.7927847975166896,0.7927847975166896,0.9003,,0.9003,0.9003,0.9003,0.1107,,0.1107,0.1107,0.1107
HybridQAOA,knapsack+knapsack,4,1,0.7162155144889757,,0.7162155144889757,0.7162155144889757,0.7162155144889757,0.402,,0.402,0.402,0.402,0.172,,0.172,0.172,0.172
HybridQAOA,knapsack+knapsack,4,2,0.8266021785805784,,0.8266021785805784,0.8266021785805784,0.8266021785805784,0.6751,,0.6751,0.6751,0.6751,0.2769,,0.2769,0.2769,0.2769
HybridQAOA,knapsack+knapsack,4,3,0.931405716921383,,0.931405716921383,0.931405716921383,0.931405716921383,0.9078,,0.9078,0.9078,0.9078,0.375,,0.375,0.375,0.375
HybridQAOA,knapsack+knapsack,5,1,0.7044040385710226,,0.7044040385710226,0.7044040385710226,0.7044040385710226,0.691,,0.691,0.691,0.691,0.034,,0.034,0.034,0.034
HybridQAOA,knapsack+knapsack,5,2,0.7985005370528174,,0.7985005370528174,0.7985005370528174,0.7985005370528174,0.9152,,0.9152,0.9152,0.9152,0.0354,,0.0354,0.0354,0.0354
HybridQAOA,knapsack+knapsack+cardinality,7,1,0.5667956500398533,,0.5667956500398533,0.5667956500398533,0.5667956500398533,0.048,,0.048,0.048,0.048,0.016,,0.016,0.016,0.016
HybridQAOA,knapsack+knapsack+cardinality,7,2,0.5434219891442722,,0.5434219891442722,0.5434219891442722,0.5434219891442722,0.0558,,0.0558,0.0558,0.0558,0.0142,,0.0142,0.0142,0.0142
HybridQAOA,knapsack+knapsack+cardinality,7,3,0.6552220433733987,,0.6552220433733987,0.6552220433733987,0.6552220433733987,0.177,,0.177,0.177,0.177,0.0317,,0.0317,0.0317,0.0317
HybridQAOA,knapsack+knapsack+cardinality,7,4,0.7156728786840593,,0.7156728786840593,0.7156728786840593,0.7156728786840593,0.1925,,0.1925,0.1925,0.1925,0.037,,0.037,0.037,0.037
HybridQAOA,knapsack+knapsack+cardinality,7,5,0.7385705009717106,,0.7385705009717106,0.7385705009717106,0.7385705009717106,0.1223,,0.1223,0.1223,0.1223,0.0241,,0.0241,0.0241,0.0241
HybridQAOA,quadratic_knapsack+cardinality,6,1,0.880730669601029,,0.880730669601029,0.880730669601029,0.880730669601029,1.0,,1.0,1.0,1.0,0.043,,0.043,0.043,0.043
HybridQAOA,quadratic_knapsack+cardinality,7,1,0.7670210973814867,,0.7670210973814867,0.7670210973814867,0.7670210973814867,0.723,,0.723,0.723,0.723,0.003,,0.003,0.003,0.003
HybridQAOA,quadratic_knapsack+cardinality,7,2,0.8226437797943006,,0.8226437797943006,0.8226437797943006,0.8226437797943006,0.8163,,0.8163,0.8163,0.8163,0.0037,,0.0037,0.0037,0.0037
PenaltyQAOA,assignment+assignment+cardinality,10,1,0.9002499567554092,,0.9002499567554092,0.9002499567554092,0.9002499567554092,0.1639,,0.1639,0.1639,0.1639,0.0104,,0.0104,0.0104,0.0104
PenaltyQAOA,assignment+assignment+cardinality,10,2,0.9517142539443306,,0.9517142539443306,0.9517142539443306,0.9517142539443306,0.4787,,0.4787,0.4787,0.4787,0.0049,,0.0049,0.0049,0.0049
PenaltyQAOA,assignment+assignment+cardinality,10,3,0.9574764146085697,,0.9574764146085697,0.9574764146085697,0.9574764146085697,0.5208,,0.5208,0.5208,0.5208,0.0108,,0.0108,0.0108,0.0108
PenaltyQAOA,assignment+assignment+cardinality,10,4,0.9613390703864241,,0.9613390703864241,0.9613390703864241,0.9613390703864241,0.553,,0.553,0.553,0.553,0.0007,,0.0007,0.0007,0.0007
PenaltyQAOA,assignment+assignment+cardinality,10,5,0.9628101008894318,,0.9628101008894318,0.9628101008894318,0.9628101008894318,0.6256,,0.6256,0.6256,0.6256,0.0001,,0.0001,0.0001,0.0001
PenaltyQAOA,assignment+cardinality,7,1,0.9610272145295774,,0.9610272145295774,0.9610272145295774,0.9610272145295774,0.5825,,0.5825,0.5825,0.5825,0.0007,,0.0007,0.0007,0.0007
PenaltyQAOA,assignment+cardinality,7,2,0.9899445282172455,,0.9899445282172455,0.9899445282172455,0.9899445282172455,0.8832,,0.8832,0.8832,0.8832,0.0456,,0.0456,0.0456,0.0456
PenaltyQAOA,cardinality+assignment,5,1,0.933858474417615,,0.933858474417615,0.933858474417615,0.933858474417615,0.853,,0.853,0.853,0.853,0.2138,,0.2138,0.2138,0.2138
PenaltyQAOA,cardinality+assignment,6,1,0.9627025275147683,,0.9627025275147683,0.9627025275147683,0.9627025275147683,0.7333,,0.7333,0.7333,0.7333,0.1412,,0.1412,0.1412,0.1412
PenaltyQAOA,cardinality+assignment,6,2,0.9934814866562915,,0.9934814866562915,0.9934814866562915,0.9934814866562915,0.9405,,0.9405,0.9405,0.9405,0.8748,,0.8748,0.8748,0.8748
PenaltyQAOA,cardinality+assignment+knapsack,9,1,0.9312344538539837,,0.9312344538539837,0.9312344538539837,0.9312344538539837,0.0932,,0.0932,0.0932,0.0932,0.013,,0.013,0.013,0.013
PenaltyQAOA,cardinality+assignment+knapsack,9,2,0.9651550394919568,,0.9651550394919568,0.9651550394919568,0.9651550394919568,0.4038,,0.4038,0.4038,0.4038,0.0018,,0.0018,0.0018,0.0018
PenaltyQAOA,cardinality+assignment+knapsack,9,3,0.9844543897964416,,0.9844543897964416,0.9844543897964416,0.9844543897964416,0.7698,,0.7698,0.7698,0.7698,0.0077,,0.0077,0.0077,0.0077
PenaltyQAOA,cardinality+cardinality,5,1,0.9234985788602393,,0.9234985788602393,0.9234985788602393,0.9234985788602393,0.5317,,0.5317,0.5317,0.5317,0.2614,,0.2614,0.2614,0.2614
PenaltyQAOA,cardinality+cardinality,5,2,0.9886149566861472,,0.9886149566861472,0.9886149566861472,0.9886149566861472,0.9426,,0.9426,0.9426,0.9426,0.9293,,0.9293,0.9293,0.9293
PenaltyQAOA,cardinality+cardinality,6,1,0.9210152354038968,,0.9210152354038968,0.9210152354038968,0.9210152354038968,0.4944,,0.4944,0.4944,0.4944,0.2474,,0.2474,0.2474,0.2474
PenaltyQAOA,cardinality+cardinality,6,2,0.9824664227476484,,0.9824664227476484,0.9824664227476484,0.9824664227476484,0.9022,,0.9022,0.9022,0.9022,0.7245,,0.7245,0.7245,0.7245
PenaltyQAOA,cardinality+cardinality,7,1,0.9475186964748141,,0.9475186964748141,0.9475186964748141,0.9475186964748141,0.9946,,0.9946,0.9946,0.9946,0.0039,,0.0039,0.0039,0.0039
PenaltyQAOA,cardinality+cardinality,7,2,0.9917768541690687,,0.9917768541690687,0.9917768541690687,0.9917768541690687,0.9568,,0.9568,0.9568,0.9568,0.4455,,0.4455,0.4455,0.4455
PenaltyQAOA,cardinality+cardinality,8,1,0.9387704534882506,,0.9387704534882506,0.9387704534882506,0.9387704534882506,0.3457,,0.3457,0.3457,0.3457,0.3457,,0.3457,0.3457,0.3457
PenaltyQAOA,cardinality+cardinality,8,2,0.9900604263390882,,0.9900604263390882,0.9900604263390882,0.9900604263390882,0.8659,,0.8659,0.8659,0.8659,0.8659,,0.8659,0.8659,0.8659
PenaltyQAOA,cardinality+cardinality,8,3,0.991593323977497,,0.991593323977497,0.991593323977497,0.991593323977497,0.8839,,0.8839,0.8839,0.8839,0.1808,,0.1808,0.1808,0.1808
PenaltyQAOA,cardinality+cardinality,8,4,0.9917139350326418,,0.9917139350326418,0.9917139350326418,0.9917139350326418,0.9066,,0.9066,0.9066,0.9066,0.0144,,0.0144,0.0144,0.0144
PenaltyQAOA,cardinality+cardinality,10,1,0.9554442097812993,,0.9554442097812993,0.9554442097812993,0.9554442097812993,0.3817,,0.3817,0.3817,0.3817,0.0204,,0.0204,0.0204,0.0204
PenaltyQAOA,cardinality+cardinality,10,2,0.9857454265802875,,0.9857454265802875,0.9857454265802875,0.9857454265802875,0.7788,,0.7788,0.7788,0.7788,0.249,,0.249,0.249,0.249
PenaltyQAOA,cardinality+flow,6,1,0.9405175195960498,,0.9405175195960498,0.9405175195960498,0.9405175195960498,0.6049,,0.6049,0.6049,0.6049,0.3152,,0.3152,0.3152,0.3152
PenaltyQAOA,cardinality+flow,6,2,0.996991611849769,,0.996991611849769,0.996991611849769,0.996991611849769,0.9796,,0.9796,0.9796,0.9796,0.9783,,0.9783,0.9783,0.9783
PenaltyQAOA,cardinality+flow,7,1,0.904087465894029,,0.904087465894029,0.904087465894029,0.904087465894029,0.3632,,0.3632,0.3632,0.3632,0.136,,0.136,0.136,0.136
PenaltyQAOA,cardinality+flow,7,2,0.9815370929546294,,0.9815370929546294,0.9815370929546294,0.9815370929546294,0.8748,,0.8748,0.8748,0.8748,0.4212,,0.4212,0.4212,0.4212
PenaltyQAOA,cardinality+flow,8,1,0.9515210718948742,,0.9515210718948742,0.9515210718948742,0.9515210718948742,0.5847,,0.5847,0.5847,0.5847,0.0001,,0.0001,0.0001,0.0001
PenaltyQAOA,cardinality+flow,8,2,0.979329733301708,,0.979329733301708,0.979329733301708,0.979329733301708,0.879,,0.879,0.879,0.879,0.0008,,0.0008,0.0008,0.0008
PenaltyQAOA,cardinality+flow,8,3,0.981470250709955,,0.981470250709955,0.981470250709955,0.981470250709955,0.7864,,0.7864,0.7864,0.7864,0.357,,0.357,0.357,0.357
PenaltyQAOA,cardinality+independent_set,6,1,0.9208353940400821,,0.9208353940400821,0.9208353940400821,0.9208353940400821,0.9232,,0.9232,0.9232,0.9232,0.0614,,0.0614,0.0614,0.0614
PenaltyQAOA,cardinality+independent_set,7,1,0.9630257369819646,,0.9630257369819646,0.9630257369819646,0.9630257369819646,0.8164,,0.8164,0.8164,0.8164,0.0914,,0.0914,0.0914,0.0914
PenaltyQAOA,cardinality+knapsack,4,1,0.9555885242547171,,0.9555885242547171,0.9555885242547171,0.9555885242547171,0.7502,,0.7502,0.7502,0.7502,0.7419,,0.7419,0.7419,0.7419
PenaltyQAOA,cardinality+knapsack,5,1,0.9247112858434198,,0.9247112858434198,0.9247112858434198,0.9247112858434198,0.7549,,0.7549,0.7549,0.7549,0.1144,,0.1144,0.1144,0.1144
PenaltyQAOA,cardinality+knapsack,5,2,0.9890913792165468,,0.9890913792165468,0.9890913792165468,0.9890913792165468,0.8267,,0.8267,0.8267,0.8267,0.8021,,0.8021,0.8021,0.8021
PenaltyQAOA,cardinality+knapsack,5,3,0.9483340454579519,,0.9483340454579519,0.9483340454579519,0.9483340454579519,0.5275,,0.5275,0.5275,0.5275,0.1869,,0.1869,0.1869,0.1869
PenaltyQAOA,cardinality+knapsack,5,4,0.8941298786357713,,0.8941298786357713,0.8941298786357713,0.8941298786357713,0.3325,,0.3325,0.3325,0.3325,0.1298,,0.1298,0.1298,0.1298
PenaltyQAOA,cardinality+knapsack,5,5,0.8942932596027136,,0.8942932596027136,0.8942932596027136,0.8942932596027136,0.3827,,0.3827,0.3827,0.3827,0.1386,,0.1386,0.1386,0.1386
PenaltyQAOA,cardinality+knapsack,6,1,0.9385168369210843,,0.9385168369210843,0.9385168369210843,0.9385168369210843,0.3863,,0.3863,0.3863,0.3863,0.0034,,0.0034,0.0034,0.0034
PenaltyQAOA,cardinality+knapsack,6,2,0.9843060081085141,,0.9843060081085141,0.9843060081085141,0.9843060081085141,0.6922,,0.6922,0.6922,0.6922,0.6897,,0.6897,0.6897,0.6897
PenaltyQAOA,cardinality+knapsack,6,3,0.9917121794686944,,0.9917121794686944,0.9917121794686944,0.9917121794686944,0.8857,,0.8857,0.8857,0.8857,0.8714,,0.8714,0.8714,0.8714
PenaltyQAOA,cardinality+knapsack,7,1,0.9803537639635297,,0.9803537639635297,0.9803537639635297,0.9803537639635297,0.6787,,0.6787,0.6787,0.6787,0.3379,,0.3379,0.3379,0.3379
PenaltyQAOA,cardinality+knapsack,7,2,0.996183860485378,,0.996183860485378,0.996183860485378,0.996183860485378,0.9454,,0.9454,0.9454,0.9454,0.4734,,0.4734,0.4734,0.4734
PenaltyQAOA,cardinality+knapsack+knapsack,6,1,0.9541104888730236,,0.9541104888730236,0.9541104888730236,0.9541104888730236,0.7112,,0.7112,0.7112,0.7112,0.0757,,0.0757,0.0757,0.0757
PenaltyQAOA,cardinality+knapsack+knapsack,6,2,0.9760177324941772,,0.9760177324941772,0.9760177324941772,0.9760177324941772,0.8343,,0.8343,0.8343,0.8343,0.089,,0.089,0.089,0.089
PenaltyQAOA,flow+cardinality,6,1,0.9650542553573862,,0.9650542553573862,0.9650542553573862,0.9650542553573862,0.8717,,0.8717,0.8717,0.8717,0.0072,,0.0072,0.0072,0.0072
PenaltyQAOA,flow+cardinality,7,1,0.979627823273857,,0.979627823273857,0.979627823273857,0.979627823273857,0.883,,0.883,0.883,0.883,0.003,,0.003,0.003,0.003
PenaltyQAOA,flow+cardinality,8,1,0.9312127034084845,,0.9312127034084845,0.9312127034084845,0.9312127034084845,0.5113,,0.5113,0.5113,0.5113,0.0096,,0.0096,0.0096,0.0096
PenaltyQAOA,flow+cardinality,8,2,0.9729771600044875,,0.9729771600044875,0.9729771600044875,0.9729771600044875,0.8741,,0.8741,0.8741,0.8741,0.0012,,0.0012,0.0012,0.0012
PenaltyQAOA,flow+cardinality,9,1,0.9338442535635351,,0.9338442535635351,0.9338442535635351,0.9338442535635351,0.6621,,0.6621,0.6621,0.6621,0.0,,0.0,0.0,0.0
PenaltyQAOA,flow+cardinality,9,2,0.9544240497076286,,0.9544240497076286,0.9544240497076286,0.9544240497076286,0.842,,0.842,0.842,0.842,0.0,,0.0,0.0,0.0
PenaltyQAOA,flow+cardinality+cardinality,9,1,0.9005599381047932,,0.9005599381047932,0.9005599381047932,0.9005599381047932,0.4053,,0.4053,0.4053,0.4053,0.0005,,0.0005,0.0005,0.0005
PenaltyQAOA,flow+cardinality+cardinality,9,2,0.9689881659013991,,0.9689881659013991,0.9689881659013991,0.9689881659013991,0.8336,,0.8336,0.8336,0.8336,0.0008,,0.0008,0.0008,0.0008
PenaltyQAOA,flow+flow,10,1,0.903033121951771,,0.903033121951771,0.903033121951771,0.903033121951771,0.2307,,0.2307,0.2307,0.2307,0.0001,,0.0001,0.0001,0.0001
PenaltyQAOA,flow+flow,10,2,0.9564806765429376,,0.9564806765429376,0.9564806765429376,0.9564806765429376,0.7052,,0.7052,0.7052,0.7052,0.0,,0.0,0.0,0.0
PenaltyQAOA,flow+flow,10,3,0.9697390025871755,,0.9697390025871755,0.9697390025871755,0.9697390025871755,0.8287,,0.8287,0.8287,0.8287,0.0,,0.0,0.0,0.0
PenaltyQAOA,flow+knapsack,7,1,0.9220552016329909,,0.9220552016329909,0.9220552016329909,0.9220552016329909,0.4524,,0.4524,0.4524,0.4524,0.105,,0.105,0.105,0.105
PenaltyQAOA,flow+knapsack,7,2,0.9805306844459938,,0.9805306844459938,0.9805306844459938,0.9805306844459938,0.8761,,0.8761,0.8761,0.8761,0.0134,,0.0134,0.0134,0.0134
PenaltyQAOA,independent_set+cardinality,4,1,0.8836940316601838,,0.8836940316601838,0.8836940316601838,0.8836940316601838,0.651,,0.651,0.651,0.651,0.3483,,0.3483,0.3483,0.3483
PenaltyQAOA,independent_set+cardinality,4,2,0.9860909937589399,,0.9860909937589399,0.9860909937589399,0.9860909937589399,0.9699,,0.9699,0.9699,0.9699,0.8736,,0.8736,0.8736,0.8736
PenaltyQAOA,independent_set+cardinality,5,1,0.8936049595496537,,0.8936049595496537,0.8936049595496537,0.8936049595496537,0.6231,,0.6231,0.6231,0.6231,0.1331,,0.1331,0.1331,0.1331
PenaltyQAOA,independent_set+cardinality,5,2,0.9755184322726869,,0.9755184322726869,0.9755184322726869,0.9755184322726869,0.967,,0.967,0.967,0.967,0.5518,,0.5518,0.5518,0.5518
PenaltyQAOA,independent_set+knapsack+cardinality,7,1,0.9177457187793157,,0.9177457187793157,0.9177457187793157,0.9177457187793157,0.153,,0.153,0.153,0.153,0.0089,,0.0089,0.0089,0.0089
PenaltyQAOA,independent_set+knapsack+cardinality,7,2,0.9323494396595163,,0.9323494396595163,0.9323494396595163,0.9323494396595163,0.4284,,0.4284,0.4284,0.4284,0.027,,0.027,0.027,0.027
PenaltyQAOA,independent_set+knapsack+cardinality,7,3,0.9686324087636343,,0.9686324087636343,0.9686324087636343,0.9686324087636343,0.4954,,0.4954,0.4954,0.4954,0.0435,,0.0435,0.0435,0.0435
PenaltyQAOA,independent_set+knapsack+cardinality,7,4,0.9185528491796876,,0.9185528491796876,0.9185528491796876,0.9185528491796876,0.1527,,0.1527,0.1527,0.1527,0.0033,,0.0033,0.0033,0.0033
PenaltyQAOA,independent_set+knapsack+cardinality,7,5,0.8512181545809454,,0.8512181545809454,0.8512181545809454,0.8512181545809454,0.0715,,0.0715,0.0715,0.0715,0.0118,,0.0118,0.0118,0.0118
PenaltyQAOA,knapsack+cardinality,4,1,0.9819680706413753,,0.9819680706413753,0.9819680706413753,0.9819680706413753,0.9049,,0.9049,0.9049,0.9049,0.8768,,0.8768,0.8768,0.8768
PenaltyQAOA,knapsack+cardinality,5,1,0.921169778731418,,0.921169778731418,0.921169778731418,0.921169778731418,0.2418,,0.2418,0.2418,0.2418,0.0006,,0.0006,0.0006,0.0006
PenaltyQAOA,knapsack+cardinality,5,2,0.9313837571717527,,0.9313837571717527,0.9313837571717527,0.9313837571717527,0.1725,,0.1725,0.1725,0.1725,0.1688,,0.1688,0.1688,0.1688
PenaltyQAOA,knapsack+cardinality,5,3,0.9271249391113722,,0.9271249391113722,0.9271249391113722,0.9271249391113722,0.3078,,0.3078,0.3078,0.3078,0.2753,,0.2753,0.2753,0.2753
PenaltyQAOA,knapsack+cardinality,5,4,0.9039472314324345,,0.9039472314324345,0.9039472314324345,0.9039472314324345,0.1041,,0.1041,0.1041,0.1041,0.006,,0.006,0.006,0.006
PenaltyQAOA,knapsack+cardinality,5,5,0.8932432368588036,,0.8932432368588036,0.8932432368588036,0.8932432368588036,0.2476,,0.2476,0.2476,0.2476,0.0144,,0.0144,0.0144,0.0144
PenaltyQAOA,knapsack+cardinality,6,1,0.9675618992368153,,0.9675618992368153,0.9675618992368153,0.9675618992368153,0.791,,0.791,0.791,0.791,0.0,,0.0,0.0,0.0
PenaltyQAOA,knapsack+cardinality,6,2,0.9066542887395526,,0.9066542887395526,0.9066542887395526,0.9066542887395526,0.4089,,0.4089,0.4089,0.4089,0.033,,0.033,0.033,0.033
PenaltyQAOA,knapsack+cardinality,6,3,0.8717331864782134,,0.8717331864782134,0.8717331864782134,0.8717331864782134,0.3246,,0.3246,0.3246,0.3246,0.0242,,0.0242,0.0242,0.0242
PenaltyQAOA,knapsack+cardinality,6,4,0.8867787713011469,,0.8867787713011469,0.8867787713011469,0.8867787713011469,0.3707,,0.3707,0.3707,0.3707,0.0248,,0.0248,0.0248,0.0248
PenaltyQAOA,knapsack+cardinality,6,5,0.8651894262313491,,0.8651894262313491,0.8651894262313491,0.8651894262313491,0.3576,,0.3576,0.3576,0.3576,0.0156,,0.0156,0.0156,0.0156
PenaltyQAOA,knapsack+cardinality,7,1,0.9068170947504473,,0.9068170947504473,0.9068170947504473,0.9068170947504473,0.1911,,0.1911,0.1911,0.1911,0.0535,,0.0535,0.0535,0.0535
PenaltyQAOA,knapsack+cardinality,7,2,0.8797011227295769,,0.8797011227295769,0.8797011227295769,0.8797011227295769,0.3159,,0.3159,0.3159,0.3159,0.1108,,0.1108,0.1108,0.1108
PenaltyQAOA,knapsack+cardinality,7,3,0.8500403082042717,,0.8500403082042717,0.8500403082042717,0.8500403082042717,0.2172,,0.2172,0.2172,0.2172,0.0741,,0.0741,0.0741,0.0741
PenaltyQAOA,knapsack+cardinality,7,4,0.8233887117713947,,0.8233887117713947,0.8233887117713947,0.8233887117713947,0.0721,,0.0721,0.0721,0.0721,0.0203,,0.0203,0.0203,0.0203
PenaltyQAOA,knapsack+cardinality,7,5,0.8259208639551814,,0.8259208639551814,0.8259208639551814,0.8259208639551814,0.1234,,0.1234,0.1234,0.1234,0.0534,,0.0534,0.0534,0.0534
PenaltyQAOA,knapsack+flow,5,1,0.8511061740337823,,0.8511061740337823,0.8511061740337823,0.8511061740337823,0.4349,,0.4349,0.4349,0.4349,0.0205,,0.0205,0.0205,0.0205
PenaltyQAOA,knapsack+flow,5,2,0.8439903325596083,,0.8439903325596083,0.8439903325596083,0.8439903325596083,0.5292,,0.5292,0.5292,0.5292,0.0604,,0.0604,0.0604,0.0604
PenaltyQAOA,knapsack+flow,5,3,0.8281326054696782,,0.8281326054696782,0.8281326054696782,0.8281326054696782,0.4646,,0.4646,0.4646,0.4646,0.0764,,0.0764,0.0764,0.0764
PenaltyQAOA,knapsack+flow,5,4,0.8374521798599259,,0.8374521798599259,0.8374521798599259,0.8374521798599259,0.3262,,0.3262,0.3262,0.3262,0.066,,0.066,0.066,0.066
PenaltyQAOA,knapsack+flow,5,5,0.8323290526635273,,0.8323290526635273,0.8323290526635273,0.8323290526635273,0.372,,0.372,0.372,0.372,0.061,,0.061,0.061,0.061
PenaltyQAOA,knapsack+flow,6,1,0.9129187829972157,,0.9129187829972157,0.9129187829972157,0.9129187829972157,0.3278,,0.3278,0.3278,0.3278,0.0072,,0.0072,0.0072,0.0072
PenaltyQAOA,knapsack+flow,6,2,0.8917355028496363,,0.8917355028496363,0.8917355028496363,0.8917355028496363,0.2698,,0.2698,0.2698,0.2698,0.003,,0.003,0.003,0.003
PenaltyQAOA,knapsack+flow,6,3,0.8705623287634414,,0.8705623287634414,0.8705623287634414,0.8705623287634414,0.4046,,0.4046,0.4046,0.4046,0.0087,,0.0087,0.0087,0.0087
PenaltyQAOA,knapsack+flow,6,4,0.8485373687599053,,0.8485373687599053,0.8485373687599053,0.8485373687599053,0.2932,,0.2932,0.2932,0.2932,0.0022,,0.0022,0.0022,0.0022
PenaltyQAOA,knapsack+flow,6,5,0.8393374618439324,,0.8393374618439324,0.8393374618439324,0.8393374618439324,0.298,,0.298,0.298,0.298,0.0126,,0.0126,0.0126,0.0126
PenaltyQAOA,knapsack+flow,7,1,0.8602945607961607,,0.8602945607961607,0.8602945607961607,0.8602945607961607,0.3104,,0.3104,0.3104,0.3104,0.0432,,0.0432,0.0432,0.0432
PenaltyQAOA,knapsack+flow,7,2,0.8418562641621407,,0.8418562641621407,0.8418562641621407,0.8418562641621407,0.2671,,0.2671,0.2671,0.2671,0.0071,,0.0071,0.0071,0.0071
PenaltyQAOA,knapsack+flow,7,3,0.8326098197658902,,0.8326098197658902,0.8326098197658902,0.8326098197658902,0.2243,,0.2243,0.2243,0.2243,0.0089,,0.0089,0.0089,0.0089
PenaltyQAOA,knapsack+flow,7,4,0.8297085042698712,,0.8297085042698712,0.8297085042698712,0.8297085042698712,0.2021,,0.2021,0.2021,0.2021,0.0096,,0.0096,0.0096,0.0096
PenaltyQAOA,knapsack+flow,7,5,0.8285511721841365,,0.8285511721841365,0.8285511721841365,0.8285511721841365,0.1971,,0.1971,0.1971,0.1971,0.0072,,0.0072,0.0072,0.0072
PenaltyQAOA,knapsack+flow,8,1,0.9633099307885696,,0.9633099307885696,0.9633099307885696,0.9633099307885696,0.9486,,0.9486,0.9486,0.9486,0.0,,0.0,0.0,0.0
PenaltyQAOA,knapsack+flow,9,1,0.8786703838836712,,0.8786703838836712,0.8786703838836712,0.8786703838836712,0.4258,,0.4258,0.4258,0.4258,0.0035,,0.0035,0.0035,0.0035
PenaltyQAOA,knapsack+flow,9,2,0.8645064758414152,,0.8645064758414152,0.8645064758414152,0.8645064758414152,0.3562,,0.3562,0.3562,0.3562,0.0012,,0.0012,0.0012,0.0012
PenaltyQAOA,knapsack+flow,9,3,0.8667438764138509,,0.8667438764138509,0.8667438764138509,0.8667438764138509,0.2833,,0.2833,0.2833,0.2833,0.0025,,0.0025,0.0025,0.0025
PenaltyQAOA,knapsack+flow,9,4,0.8493323543269871,,0.8493323543269871,0.8493323543269871,0.8493323543269871,0.2905,,0.2905,0.2905,0.2905,0.0051,,0.0051,0.0051,0.0051
PenaltyQAOA,knapsack+flow,9,5,0.8540086315514669,,0.8540086315514669,0.8540086315514669,0.8540086315514669,0.2999,,0.2999,0.2999,0.2999,0.0033,,0.0033,0.0033,0.0033
PenaltyQAOA,knapsack+independent_set,5,1,0.8041311107381961,,0.8041311107381961,0.8041311107381961,0.8041311107381961,0.238,,0.238,0.238,0.238,0.0274,,0.0274,0.0274,0.0274
PenaltyQAOA,knapsack+independent_set,5,2,0.8140147707057057,,0.8140147707057057,0.8140147707057057,0.8140147707057057,0.2361,,0.2361,0.2361,0.2361,0.0504,,0.0504,0.0504,0.0504
PenaltyQAOA,knapsack+independent_set,5,3,0.8033264672068439,,0.8033264672068439,0.8033264672068439,0.8033264672068439,0.2368,,0.2368,0.2368,0.2368,0.0445,,0.0445,0.0445,0.0445
PenaltyQAOA,knapsack+independent_set,5,4,0.808122253266145,,0.808122253266145,0.808122253266145,0.808122253266145,0.2155,,0.2155,0.2155,0.2155,0.0269,,0.0269,0.0269,0.0269
PenaltyQAOA,knapsack+independent_set,5,5,0.7996649675917038,,0.7996649675917038,0.7996649675917038,0.7996649675917038,0.1726,,0.1726,0.1726,0.1726,0.0405,,0.0405,0.0405,0.0405
PenaltyQAOA,knapsack+knapsack,4,1,0.9668007387078102,,0.9668007387078102,0.9668007387078102,0.9668007387078102,0.4191,,0.4191,0.4191,0.4191,0.385,,0.385,0.385,0.385
PenaltyQAOA,knapsack+knapsack,4,2,0.9854322221857131,,0.9854322221857131,0.9854322221857131,0.9854322221857131,0.4401,,0.4401,0.4401,0.4401,0.4332,,0.4332,0.4332,0.4332
PenaltyQAOA,knapsack+knapsack,4,3,0.9878797166448289,,0.9878797166448289,0.9878797166448289,0.9878797166448289,0.5089,,0.5089,0.5089,0.5089,0.5051,,0.5051,0.5051,0.5051
PenaltyQAOA,knapsack+knapsack,4,4,0.9901034759272356,,0.9901034759272356,0.9901034759272356,0.9901034759272356,0.4827,,0.4827,0.4827,0.4827,0.4781,,0.4781,0.4781,0.4781
PenaltyQAOA,knapsack+knapsack,4,5,0.9496046110630378,,0.9496046110630378,0.9496046110630378,0.9496046110630378,0.4881,,0.4881,0.4881,0.4881,0.1128,,0.1128,0.1128,0.1128
PenaltyQAOA,knapsack+knapsack,5,1,0.8697896124279166,,0.8697896124279166,0.8697896124279166,0.8697896124279166,0.6099,,0.6099,0.6099,0.6099,0.0256,,0.0256,0.0256,0.0256
PenaltyQAOA,knapsack+knapsack,5,2,0.8477517798780753,,0.8477517798780753,0.8477517798780753,0.8477517798780753,0.6298,,0.6298,0.6298,0.6298,0.041,,0.041,0.041,0.041
PenaltyQAOA,knapsack+knapsack,5,3,0.8537324495062201,,0.8537324495062201,0.8537324495062201,0.8537324495062201,0.4421,,0.4421,0.4421,0.4421,0.0295,,0.0295,0.0295,0.0295
PenaltyQAOA,knapsack+knapsack,5,4,0.838927523113431,,0.838927523113431,0.838927523113431,0.838927523113431,0.5089,,0.5089,0.5089,0.5089,0.0275,,0.0275,0.0275,0.0275
PenaltyQAOA,knapsack+knapsack,5,5,0.8441411374163887,,0.8441411374163887,0.8441411374163887,0.8441411374163887,0.5326,,0.5326,0.5326,0.5326,0.0439,,0.0439,0.0439,0.0439
PenaltyQAOA,knapsack+knapsack+cardinality,7,1,0.9304133828113995,,0.9304133828113995,0.9304133828113995,0.9304133828113995,0.2246,,0.2246,0.2246,0.2246,0.0092,,0.0092,0.0092,0.0092
PenaltyQAOA,knapsack+knapsack+cardinality,7,2,0.9768789683665567,,0.9768789683665567,0.9768789683665567,0.9768789683665567,0.7809,,0.7809,0.7809,0.7809,0.0028,,0.0028,0.0028,0.0028
PenaltyQAOA,quadratic_knapsack+cardinality,6,1,0.9249253120809551,,0.9249253120809551,0.9249253120809551,0.9249253120809551,0.8752,,0.8752,0.8752,0.8752,0.0169,,0.0169,0.0169,0.0169
PenaltyQAOA,quadratic_knapsack+cardinality,7,1,0.8776591843529626,,0.8776591843529626,0.8776591843529626,0.8776591843529626,0.846,,0.846,0.846,0.846,0.0079,,0.0079,0.0079,0.0079
