vcg_key,constraint_type,constraints,n_x,n_layers,sp_total,sp_1q,sp_2q,sp_gates
2*x_0 + 7*x_1 + 7*x_2 <= 7,knapsack,['2*x_0 + 7*x_1 + 7*x_2 <= 7'],3,0,8,1,7,"{'RY': 1, 'CRY': 2, 'SWAP': 1, 'CNOT': 4, 'CC_RY': 0, 'CSWAP': 0}"
2*x_0 + 10*x_1 + 4*x_2 <= 6,knapsack,['2*x_0 + 10*x_1 + 4*x_2 <= 6'],3,1,7,7,0,"{'Hadamard': 3, 'RZ': 1, 'RX': 3}"
7*x_0 + 10*x_1 + 9*x_2 <= 8,knapsack,['7*x_0 + 10*x_1 + 9*x_2 <= 8'],3,1,11,9,2,"{'Hadamard': 3, 'CNOT': 2, 'RZ': 3, 'RX': 3}"
10*x_0 + 1*x_1 + 9*x_2 <= 7,knapsack,['10*x_0 + 1*x_1 + 9*x_2 <= 7'],3,1,11,9,2,"{'Hadamard': 3, 'CNOT': 2, 'RZ': 3, 'RX': 3}"
2*x_0 + 6*x_1 + 1*x_2 <= 3,knapsack,['2*x_0 + 6*x_1 + 1*x_2 <= 3'],3,1,7,7,0,"{'Hadamard': 3, 'RZ': 1, 'RX': 3}"
10*x_0 + 8*x_1 + 10*x_2 <= 9,knapsack,['10*x_0 + 8*x_1 + 10*x_2 <= 9'],3,1,11,9,2,"{'Hadamard': 3, 'CNOT': 2, 'RZ': 3, 'RX': 3}"
5*x_0 + 4*x_1 + 1*x_2 <= 6,knapsack,['5*x_0 + 4*x_1 + 1*x_2 <= 6'],3,1,11,9,2,"{'Hadamard': 3, 'CNOT': 2, 'RZ': 3, 'RX': 3}"
6*x_0 + 2*x_1 + 2*x_2 <= 3,knapsack,['6*x_0 + 2*x_1 + 2*x_2 <= 3'],3,1,23,13,10,"{'Hadamard': 3, 'CNOT': 10, 'RZ': 7, 'RX': 3}"
2*x_0 + 5*x_1 + 2*x_2 <= 5,knapsack,['2*x_0 + 5*x_1 + 2*x_2 <= 5'],3,3,63,33,30,"{'Hadamard': 3, 'CNOT': 30, 'RZ': 21, 'RX': 9}"
3*x_0 + 8*x_1 + 3*x_2 <= 5,knapsack,['3*x_0 + 8*x_1 + 3*x_2 <= 5'],3,5,103,53,50,"{'Hadamard': 3, 'CNOT': 50, 'RZ': 35, 'RX': 15}"
9*x_0 + 9*x_1 + 4*x_2 + 1*x_3 <= 9,knapsack,['9*x_0 + 9*x_1 + 4*x_2 + 1*x_3 <= 9'],4,2,66,30,36,"{'Hadamard': 4, 'CNOT': 36, 'RZ': 18, 'RX': 8}"
1*x_0 + 3*x_1 + 9*x_2 + 8*x_3 <= 10,knapsack,['1*x_0 + 3*x_1 + 9*x_2 + 8*x_3 <= 10'],4,8,100,68,32,"{'Hadamard': 4, 'CNOT': 32, 'RZ': 32, 'RX': 32}"
4*x_0 + 6*x_1 + 1*x_2 + 1*x_3 <= 6,knapsack,['4*x_0 + 6*x_1 + 1*x_2 + 1*x_3 <= 6'],4,5,269,99,170,"{'Hadamard': 4, 'CNOT': 170, 'RZ': 75, 'RX': 20}"
4*x_0 + 6*x_1 + 2*x_2 + 10*x_3 <= 7,knapsack,['4*x_0 + 6*x_1 + 2*x_2 + 10*x_3 <= 7'],4,1,57,23,34,"{'Hadamard': 4, 'CNOT': 34, 'RZ': 15, 'RX': 4}"
8*x_0 + 5*x_1 + 7*x_2 + 4*x_3 <= 11,knapsack,['8*x_0 + 5*x_1 + 7*x_2 + 4*x_3 <= 11'],4,1,57,23,34,"{'Hadamard': 4, 'CNOT': 34, 'RZ': 15, 'RX': 4}"
7*x_0 + 7*x_1 + 10*x_2 + 2*x_3 <= 10,knapsack,['7*x_0 + 7*x_1 + 10*x_2 + 2*x_3 <= 10'],4,5,269,99,170,"{'Hadamard': 4, 'CNOT': 170, 'RZ': 75, 'RX': 20}"
9*x_0 + 2*x_1 + 1*x_2 + 9*x_3 + 6*x_4 <= 13,knapsack,['9*x_0 + 2*x_1 + 1*x_2 + 9*x_3 + 6*x_4 <= 13'],5,3,44,32,12,"{'Hadamard': 5, 'CNOT': 12, 'RZ': 12, 'RX': 15}"
8*x_0 + 10*x_1 + 1*x_2 + 2*x_3 <= 12,knapsack,['8*x_0 + 10*x_1 + 1*x_2 + 2*x_3 <= 12'],4,1,57,23,34,"{'Hadamard': 4, 'CNOT': 34, 'RZ': 15, 'RX': 4}"
3*x_0 + 1*x_1 + 4*x_2 + 8*x_3 <= 7,knapsack,['3*x_0 + 1*x_1 + 4*x_2 + 8*x_3 <= 7'],4,1,57,23,34,"{'Hadamard': 4, 'CNOT': 34, 'RZ': 15, 'RX': 4}"
4*x_0 + 2*x_1 + 10*x_2 + 8*x_3 <= 13,knapsack,['4*x_0 + 2*x_1 + 10*x_2 + 8*x_3 <= 13'],4,1,57,23,34,"{'Hadamard': 4, 'CNOT': 34, 'RZ': 15, 'RX': 4}"
5*x_0 + 1*x_1 + 10*x_2 + 4*x_3 <= 10,knapsack,['5*x_0 + 1*x_1 + 10*x_2 + 4*x_3 <= 10'],4,1,57,23,34,"{'Hadamard': 4, 'CNOT': 34, 'RZ': 15, 'RX': 4}"
2*x_0 + 2*x_1 + 9*x_2 + 10*x_3 + 4*x_4 <= 18,knapsack,['2*x_0 + 2*x_1 + 9*x_2 + 10*x_3 + 4*x_4 <= 18'],5,3,35,29,6,"{'Hadamard': 5, 'CNOT': 6, 'RZ': 9, 'RX': 15}"
1*x_0 + 10*x_1 + 3*x_2 + 5*x_3 + 1*x_4 <= 12,knapsack,['1*x_0 + 10*x_1 + 3*x_2 + 5*x_3 + 1*x_4 <= 12'],5,3,71,41,30,"{'Hadamard': 5, 'CNOT': 30, 'RZ': 21, 'RX': 15}"
1*x_0*x_0 + 5*x_0*x_1 + 4*x_0*x_2 + 2*x_1*x_1 + 2*x_1*x_2 + 2*x_2*x_2 <= 8,quadratic_knapsack,['1*x_0*x_0 + 5*x_0*x_1 + 4*x_0*x_2 + 2*x_1*x_1 + 2*x_1*x_2 + 2*x_2*x_2 <= 8'],3,0,12,1,10,"{'RY': 1, 'CRY': 3, 'SWAP': 1, 'CNOT': 6, 'CC_RY': 1, 'CSWAP': 0}"
1*x_0*x_0 + 5*x_0*x_1 + 3*x_0*x_2 + 4*x_1*x_1 + 2*x_1*x_2 + 4*x_2*x_2 <= 7,quadratic_knapsack,['1*x_0*x_0 + 5*x_0*x_1 + 3*x_0*x_2 + 4*x_1*x_1 + 2*x_1*x_2 + 4*x_2*x_2 <= 7'],3,0,8,1,7,"{'RY': 1, 'CRY': 2, 'SWAP': 1, 'CNOT': 4, 'CC_RY': 0, 'CSWAP': 0}"
1*x_0*x_0 + 5*x_0*x_1 + 1*x_0*x_2 + 3*x_1*x_1 + 3*x_1*x_2 + 5*x_2*x_2 <= 10,quadratic_knapsack,['1*x_0*x_0 + 5*x_0*x_1 + 1*x_0*x_2 + 3*x_1*x_1 + 3*x_1*x_2 + 5*x_2*x_2 <= 10'],3,1,11,9,2,"{'Hadamard': 3, 'CNOT': 2, 'RZ': 3, 'RX': 3}"
10*x_0 + 8*x_1 + 2*x_2 + 1*x_3 + 4*x_4 <= 10,knapsack,['10*x_0 + 8*x_1 + 2*x_2 + 1*x_3 + 4*x_4 <= 10'],5,2,161,53,108,"{'Hadamard': 5, 'CNOT': 108, 'RZ': 38, 'RX': 10}"
4*x_0 + 5*x_1 + 3*x_2 + 7*x_3 + 6*x_4 <= 11,knapsack,['4*x_0 + 5*x_1 + 3*x_2 + 7*x_3 + 6*x_4 <= 11'],5,3,266,80,186,"{'Hadamard': 5, 'CNOT': 186, 'RZ': 60, 'RX': 15}"
5*x_0*x_0 + 1*x_0*x_1 + 2*x_0*x_2 + 5*x_1*x_1 + 1*x_1*x_2 + 3*x_2*x_2 <= 6,quadratic_knapsack,['5*x_0*x_0 + 1*x_0*x_1 + 2*x_0*x_2 + 5*x_1*x_1 + 1*x_1*x_2 + 3*x_2*x_2 <= 6'],3,0,8,1,7,"{'RY': 1, 'CRY': 2, 'SWAP': 1, 'CNOT': 4, 'CC_RY': 0, 'CSWAP': 0}"
2*x_0*x_0 + 5*x_0*x_1 + 2*x_0*x_2 + 2*x_1*x_1 + 1*x_1*x_2 + 1*x_2*x_2 <= 7,quadratic_knapsack,['2*x_0*x_0 + 5*x_0*x_1 + 2*x_0*x_2 + 2*x_1*x_1 + 1*x_1*x_2 + 1*x_2*x_2 <= 7'],3,6,51,39,12,"{'Hadamard': 3, 'CNOT': 12, 'RZ': 18, 'RX': 18}"
4*x_0*x_0 + 4*x_0*x_1 + 2*x_0*x_2 + 5*x_1*x_1 + 1*x_1*x_2 + 2*x_2*x_2 <= 9,quadratic_knapsack,['4*x_0*x_0 + 4*x_0*x_1 + 2*x_0*x_2 + 5*x_1*x_1 + 1*x_1*x_2 + 2*x_2*x_2 <= 9'],3,2,19,15,4,"{'Hadamard': 3, 'CNOT': 4, 'RZ': 6, 'RX': 6}"
5*x_0 + 10*x_1 + 1*x_2 + 9*x_3 + 6*x_4 <= 19,knapsack,['5*x_0 + 10*x_1 + 1*x_2 + 9*x_3 + 6*x_4 <= 19'],5,3,407,113,294,"{'Hadamard': 5, 'CNOT': 294, 'RZ': 93, 'RX': 15}"
5*x_0*x_0 + 3*x_0*x_1 + 5*x_0*x_2 + 4*x_1*x_1 + 5*x_1*x_2 + 3*x_2*x_2 <= 14,quadratic_knapsack,['5*x_0*x_0 + 3*x_0*x_1 + 5*x_0*x_2 + 4*x_1*x_1 + 5*x_1*x_2 + 3*x_2*x_2 <= 14'],3,0,12,1,10,"{'RY': 1, 'CRY': 3, 'SWAP': 1, 'CNOT': 6, 'CC_RY': 1, 'CSWAP': 0}"
3*x_0*x_0 + 1*x_0*x_1 + 3*x_0*x_2 + 4*x_0*x_3 + 5*x_1*x_1 + 4*x_1*x_2 + 2*x_1*x_3 + 2*x_2*x_2 + 4*x_2*x_3 + 4*x_3*x_3 <= 17,quadratic_knapsack,['3*x_0*x_0 + 1*x_0*x_1 + 3*x_0*x_2 + 4*x_0*x_3 + 5*x_1*x_1 + 4*x_1*x_2 + 2*x_1*x_3 + 2*x_2*x_2 + 4*x_2*x_3 + 4*x_3*x_3 <= 17'],4,0,19,1,16,"{'RY': 1, 'CRY': 4, 'SWAP': 2, 'CNOT': 10, 'CC_RY': 2, 'CSWAP': 0}"
1*x_0*x_0 + 4*x_0*x_1 + 1*x_0*x_2 + 5*x_0*x_3 + 2*x_1*x_1 + 3*x_1*x_2 + 3*x_1*x_3 + 5*x_2*x_2 + 4*x_2*x_3 + 5*x_3*x_3 <= 22,quadratic_knapsack,['1*x_0*x_0 + 4*x_0*x_1 + 1*x_0*x_2 + 5*x_0*x_3 + 2*x_1*x_1 + 3*x_1*x_2 + 3*x_1*x_3 + 5*x_2*x_2 + 4*x_2*x_3 + 5*x_3*x_3 <= 22'],4,0,23,1,19,"{'RY': 1, 'CRY': 5, 'SWAP': 2, 'CNOT': 12, 'CC_RY': 3, 'CSWAP': 0}"
1*x_0*x_0 + 2*x_0*x_1 + 1*x_0*x_2 + 1*x_1*x_1 + 5*x_1*x_2 + 1*x_2*x_2 <= 6,quadratic_knapsack,['1*x_0*x_0 + 2*x_0*x_1 + 1*x_0*x_2 + 1*x_1*x_1 + 5*x_1*x_2 + 1*x_2*x_2 <= 6'],3,5,43,33,10,"{'Hadamard': 3, 'CNOT': 10, 'RZ': 15, 'RX': 15}"
1*x_0 + 9*x_1 + 5*x_2 + 2*x_3 + 10*x_4 <= 10,knapsack,['1*x_0 + 9*x_1 + 5*x_2 + 2*x_3 + 10*x_4 <= 10'],5,1,139,41,98,"{'Hadamard': 5, 'CNOT': 98, 'RZ': 31, 'RX': 5}"
6*x_0 + 7*x_1 + 8*x_2 + 9*x_3 + 5*x_4 <= 14,knapsack,['6*x_0 + 7*x_1 + 8*x_2 + 9*x_3 + 5*x_4 <= 14'],5,6,503,155,348,"{'Hadamard': 5, 'CNOT': 348, 'RZ': 120, 'RX': 30}"
3*x_0*x_0 + 1*x_0*x_1 + 3*x_0*x_2 + 1*x_1*x_1 + 4*x_1*x_2 + 3*x_2*x_2 <= 5,quadratic_knapsack,['3*x_0*x_0 + 1*x_0*x_1 + 3*x_0*x_2 + 1*x_1*x_1 + 4*x_1*x_2 + 3*x_2*x_2 <= 5'],3,4,83,43,40,"{'Hadamard': 3, 'CNOT': 40, 'RZ': 28, 'RX': 12}"
5*x_0*x_0 + 1*x_0*x_1 + 3*x_0*x_2 + 1*x_0*x_3 + 4*x_1*x_1 + 1*x_1*x_2 + 5*x_1*x_3 + 4*x_2*x_2 + 2*x_2*x_3 + 3*x_3*x_3 <= 19,quadratic_knapsack,['5*x_0*x_0 + 1*x_0*x_1 + 3*x_0*x_2 + 1*x_0*x_3 + 4*x_1*x_1 + 1*x_1*x_2 + 5*x_1*x_3 + 4*x_2*x_2 + 2*x_2*x_3 + 3*x_3*x_3 <= 19'],4,0,23,1,19,"{'RY': 1, 'CRY': 5, 'SWAP': 2, 'CNOT': 12, 'CC_RY': 3, 'CSWAP': 0}"
3*x_0*x_0 + 1*x_0*x_1 + 3*x_0*x_2 + 5*x_1*x_1 + 2*x_1*x_2 + 2*x_2*x_2 <= 8,quadratic_knapsack,['3*x_0*x_0 + 1*x_0*x_1 + 3*x_0*x_2 + 5*x_1*x_1 + 2*x_1*x_2 + 2*x_2*x_2 <= 8'],3,1,23,13,10,"{'Hadamard': 3, 'CNOT': 10, 'RZ': 7, 'RX': 3}"
1*x_0*x_0 + 5*x_0*x_1 + 2*x_0*x_2 + 2*x_0*x_3 + 3*x_1*x_1 + 2*x_1*x_2 + 3*x_1*x_3 + 2*x_2*x_2 + 4*x_2*x_3 + 5*x_3*x_3 <= 13,quadratic_knapsack,['1*x_0*x_0 + 5*x_0*x_1 + 2*x_0*x_2 + 2*x_0*x_3 + 3*x_1*x_1 + 2*x_1*x_2 + 3*x_1*x_3 + 2*x_2*x_2 + 4*x_2*x_3 + 5*x_3*x_3 <= 13'],4,0,19,1,16,"{'RY': 1, 'CRY': 4, 'SWAP': 2, 'CNOT': 10, 'CC_RY': 2, 'CSWAP': 0}"
4*x_0*x_0 + 5*x_0*x_1 + 2*x_0*x_2 + 5*x_0*x_3 + 4*x_1*x_1 + 3*x_1*x_2 + 5*x_1*x_3 + 3*x_2*x_2 + 2*x_2*x_3 + 3*x_3*x_3 <= 22,quadratic_knapsack,['4*x_0*x_0 + 5*x_0*x_1 + 2*x_0*x_2 + 5*x_0*x_3 + 4*x_1*x_1 + 3*x_1*x_2 + 5*x_1*x_3 + 3*x_2*x_2 + 2*x_2*x_3 + 3*x_3*x_3 <= 22'],4,1,25,15,10,"{'Hadamard': 4, 'CNOT': 10, 'RZ': 7, 'RX': 4}"
1*x_0 + 4*x_1 + 8*x_2 + 10*x_3 + 8*x_4 <= 16,knapsack,['1*x_0 + 4*x_1 + 8*x_2 + 10*x_3 + 8*x_4 <= 16'],5,3,407,113,294,"{'Hadamard': 5, 'CNOT': 294, 'RZ': 93, 'RX': 15}"
2*x_0*x_0 + 5*x_0*x_1 + 4*x_0*x_2 + 2*x_0*x_3 + 4*x_0*x_4 + 5*x_1*x_1 + 5*x_1*x_2 + 2*x_1*x_3 + 1*x_1*x_4 + 4*x_2*x_2 + 1*x_2*x_3 + 2*x_2*x_4 + 5*x_3*x_3 + 4*x_3*x_4 + 2*x_4*x_4 <= 29,quadratic_knapsack,['2*x_0*x_0 + 5*x_0*x_1 + 4*x_0*x_2 + 2*x_0*x_3 + 4*x_0*x_4 + 5*x_1*x_1 + 5*x_1*x_2 + 2*x_1*x_3 + 1*x_1*x_4 + 4*x_2*x_2 + 1*x_2*x_3 + 2*x_2*x_4 + 5*x_3*x_3 + 4*x_3*x_4 + 2*x_4*x_4 <= 29'],5,0,32,1,26,"{'RY': 1, 'CRY': 6, 'SWAP': 2, 'CNOT': 18, 'CC_RY': 5, 'CSWAP': 0}"
5*x_0*x_0 + 2*x_0*x_1 + 2*x_0*x_2 + 3*x_0*x_3 + 1*x_0*x_4 + 1*x_1*x_1 + 4*x_1*x_2 + 4*x_1*x_3 + 3*x_1*x_4 + 1*x_2*x_2 + 3*x_2*x_3 + 1*x_2*x_4 + 5*x_3*x_3 + 1*x_3*x_4 + 5*x_4*x_4 <= 23,quadratic_knapsack,['5*x_0*x_0 + 2*x_0*x_1 + 2*x_0*x_2 + 3*x_0*x_3 + 1*x_0*x_4 + 1*x_1*x_1 + 4*x_1*x_2 + 4*x_1*x_3 + 3*x_1*x_4 + 1*x_2*x_2 + 3*x_2*x_3 + 1*x_2*x_4 + 5*x_3*x_3 + 1*x_3*x_4 + 5*x_4*x_4 <= 23'],5,0,32,1,26,"{'RY': 1, 'CRY': 6, 'SWAP': 2, 'CNOT': 18, 'CC_RY': 5, 'CSWAP': 0}"
2*x_0*x_0 + 4*x_0*x_1 + 5*x_0*x_2 + 1*x_0*x_3 + 4*x_0*x_4 + 2*x_1*x_1 + 4*x_1*x_2 + 4*x_1*x_3 + 1*x_1*x_4 + 2*x_2*x_2 + 3*x_2*x_3 + 3*x_2*x_4 + 3*x_3*x_3 + 2*x_3*x_4 + 1*x_4*x_4 <= 19,quadratic_knapsack,['2*x_0*x_0 + 4*x_0*x_1 + 5*x_0*x_2 + 1*x_0*x_3 + 4*x_0*x_4 + 2*x_1*x_1 + 4*x_1*x_2 + 4*x_1*x_3 + 1*x_1*x_4 + 2*x_2*x_2 + 3*x_2*x_3 + 3*x_2*x_4 + 3*x_3*x_3 + 2*x_3*x_4 + 1*x_4*x_4 <= 19'],5,0,32,1,26,"{'RY': 1, 'CRY': 6, 'SWAP': 2, 'CNOT': 18, 'CC_RY': 5, 'CSWAP': 0}"
1*x_0*x_0 + 1*x_0*x_1 + 3*x_0*x_2 + 2*x_0*x_3 + 1*x_1*x_1 + 2*x_1*x_2 + 3*x_1*x_3 + 2*x_2*x_2 + 3*x_2*x_3 + 3*x_3*x_3 <= 7,quadratic_knapsack,['1*x_0*x_0 + 1*x_0*x_1 + 3*x_0*x_2 + 2*x_0*x_3 + 1*x_1*x_1 + 2*x_1*x_2 + 3*x_1*x_3 + 2*x_2*x_2 + 3*x_2*x_3 + 3*x_3*x_3 <= 7'],4,4,128,56,72,"{'Hadamard': 4, 'CNOT': 72, 'RZ': 36, 'RX': 16}"
4*x_0*x_0 + 3*x_0*x_1 + 3*x_0*x_2 + 2*x_0*x_3 + 2*x_0*x_4 + 2*x_1*x_1 + 3*x_1*x_2 + 2*x_1*x_3 + 3*x_1*x_4 + 3*x_2*x_2 + 5*x_2*x_3 + 4*x_2*x_4 + 3*x_3*x_3 + 5*x_3*x_4 + 1*x_4*x_4 <= 22,quadratic_knapsack,['4*x_0*x_0 + 3*x_0*x_1 + 3*x_0*x_2 + 2*x_0*x_3 + 2*x_0*x_4 + 2*x_1*x_1 + 3*x_1*x_2 + 2*x_1*x_3 + 3*x_1*x_4 + 3*x_2*x_2 + 5*x_2*x_3 + 4*x_2*x_4 + 3*x_3*x_3 + 5*x_3*x_4 + 1*x_4*x_4 <= 22'],5,0,32,1,26,"{'RY': 1, 'CRY': 6, 'SWAP': 2, 'CNOT': 18, 'CC_RY': 5, 'CSWAP': 0}"
4*x_0*x_0 + 1*x_0*x_1 + 4*x_0*x_2 + 3*x_0*x_3 + 4*x_1*x_1 + 5*x_1*x_2 + 4*x_1*x_3 + 3*x_2*x_2 + 5*x_2*x_3 + 5*x_3*x_3 <= 24,quadratic_knapsack,['4*x_0*x_0 + 1*x_0*x_1 + 4*x_0*x_2 + 3*x_0*x_3 + 4*x_1*x_1 + 5*x_1*x_2 + 4*x_1*x_3 + 3*x_2*x_2 + 5*x_2*x_3 + 5*x_3*x_3 <= 24'],4,8,172,92,80,"{'Hadamard': 4, 'CNOT': 80, 'RZ': 56, 'RX': 32}"
4*x_0*x_0 + 4*x_0*x_1 + 1*x_0*x_2 + 5*x_0*x_3 + 5*x_1*x_1 + 5*x_1*x_2 + 5*x_1*x_3 + 1*x_2*x_2 + 4*x_2*x_3 + 1*x_3*x_3 <= 11,quadratic_knapsack,['4*x_0*x_0 + 4*x_0*x_1 + 1*x_0*x_2 + 5*x_0*x_3 + 5*x_1*x_1 + 5*x_1*x_2 + 5*x_1*x_3 + 1*x_2*x_2 + 4*x_2*x_3 + 1*x_3*x_3 <= 11'],4,7,221,95,126,"{'Hadamard': 4, 'CNOT': 126, 'RZ': 63, 'RX': 28}"
2*x_0*x_0 + 5*x_0*x_1 + 2*x_0*x_2 + 1*x_0*x_3 + 4*x_0*x_4 + 4*x_1*x_1 + 2*x_1*x_2 + 5*x_1*x_3 + 1*x_1*x_4 + 1*x_2*x_2 + 4*x_2*x_3 + 2*x_2*x_4 + 5*x_3*x_3 + 4*x_3*x_4 + 1*x_4*x_4 <= 23,quadratic_knapsack,['2*x_0*x_0 + 5*x_0*x_1 + 2*x_0*x_2 + 1*x_0*x_3 + 4*x_0*x_4 + 4*x_1*x_1 + 2*x_1*x_2 + 5*x_1*x_3 + 1*x_1*x_4 + 1*x_2*x_2 + 4*x_2*x_3 + 2*x_2*x_4 + 5*x_3*x_3 + 4*x_3*x_4 + 1*x_4*x_4 <= 23'],5,0,32,1,26,"{'RY': 1, 'CRY': 6, 'SWAP': 2, 'CNOT': 18, 'CC_RY': 5, 'CSWAP': 0}"
5*x_0*x_0 + 3*x_0*x_1 + 1*x_0*x_2 + 5*x_0*x_3 + 3*x_1*x_1 + 1*x_1*x_2 + 4*x_1*x_3 + 5*x_2*x_2 + 5*x_2*x_3 + 1*x_3*x_3 <= 20,quadratic_knapsack,['5*x_0*x_0 + 3*x_0*x_1 + 1*x_0*x_2 + 5*x_0*x_3 + 3*x_1*x_1 + 1*x_1*x_2 + 4*x_1*x_3 + 5*x_2*x_2 + 5*x_2*x_3 + 1*x_3*x_3 <= 20'],4,7,375,137,238,"{'Hadamard': 4, 'CNOT': 238, 'RZ': 105, 'RX': 28}"
1*x_0 + 6*x_1 + 9*x_2 + 8*x_3 + 9*x_4 <= 18,knapsack,['1*x_0 + 6*x_1 + 9*x_2 + 8*x_3 + 9*x_4 <= 18'],5,1,139,41,98,"{'Hadamard': 5, 'CNOT': 98, 'RZ': 31, 'RX': 5}"
1*x_0*x_0 + 4*x_0*x_1 + 1*x_0*x_2 + 2*x_0*x_3 + 5*x_1*x_1 + 4*x_1*x_2 + 3*x_1*x_3 + 5*x_2*x_2 + 4*x_2*x_3 + 2*x_3*x_3 <= 18,quadratic_knapsack,['1*x_0*x_0 + 4*x_0*x_1 + 1*x_0*x_2 + 2*x_0*x_3 + 5*x_1*x_1 + 4*x_1*x_2 + 3*x_1*x_3 + 5*x_2*x_2 + 4*x_2*x_3 + 2*x_3*x_3 <= 18'],4,7,375,137,238,"{'Hadamard': 4, 'CNOT': 238, 'RZ': 105, 'RX': 28}"
4*x_0*x_0 + 1*x_0*x_1 + 2*x_0*x_2 + 4*x_0*x_3 + 1*x_0*x_4 + 2*x_1*x_1 + 3*x_1*x_2 + 1*x_1*x_3 + 1*x_1*x_4 + 3*x_2*x_2 + 3*x_2*x_3 + 4*x_2*x_4 + 1*x_3*x_3 + 3*x_3*x_4 + 2*x_4*x_4 <= 11,quadratic_knapsack,['4*x_0*x_0 + 1*x_0*x_1 + 2*x_0*x_2 + 4*x_0*x_3 + 1*x_0*x_4 + 2*x_1*x_1 + 3*x_1*x_2 + 1*x_1*x_3 + 1*x_1*x_4 + 3*x_2*x_2 + 3*x_2*x_3 + 4*x_2*x_4 + 1*x_3*x_3 + 3*x_3*x_4 + 2*x_4*x_4 <= 11'],5,2,179,55,124,"{'Hadamard': 5, 'CNOT': 124, 'RZ': 40, 'RX': 10}"
5*x_0*x_0 + 3*x_0*x_1 + 4*x_0*x_2 + 5*x_0*x_3 + 1*x_0*x_4 + 1*x_1*x_1 + 4*x_1*x_2 + 2*x_1*x_3 + 3*x_1*x_4 + 4*x_2*x_2 + 5*x_2*x_3 + 1*x_2*x_4 + 1*x_3*x_3 + 5*x_3*x_4 + 2*x_4*x_4 <= 17,quadratic_knapsack,['5*x_0*x_0 + 3*x_0*x_1 + 4*x_0*x_2 + 5*x_0*x_3 + 1*x_0*x_4 + 1*x_1*x_1 + 4*x_1*x_2 + 2*x_1*x_3 + 3*x_1*x_4 + 4*x_2*x_2 + 5*x_2*x_3 + 1*x_2*x_4 + 1*x_3*x_3 + 5*x_3*x_4 + 2*x_4*x_4 <= 17'],5,2,145,53,92,"{'Hadamard': 5, 'CNOT': 92, 'RZ': 38, 'RX': 10}"
3*x_0*x_0 + 1*x_0*x_1 + 5*x_0*x_2 + 2*x_0*x_3 + 5*x_0*x_4 + 2*x_1*x_1 + 5*x_1*x_2 + 5*x_1*x_3 + 5*x_1*x_4 + 2*x_2*x_2 + 3*x_2*x_3 + 3*x_2*x_4 + 4*x_3*x_3 + 1*x_3*x_4 + 5*x_4*x_4 <= 18,quadratic_knapsack,['3*x_0*x_0 + 1*x_0*x_1 + 5*x_0*x_2 + 2*x_0*x_3 + 5*x_0*x_4 + 2*x_1*x_1 + 5*x_1*x_2 + 5*x_1*x_3 + 5*x_1*x_4 + 2*x_2*x_2 + 3*x_2*x_3 + 3*x_2*x_4 + 4*x_3*x_3 + 1*x_3*x_4 + 5*x_4*x_4 <= 18'],5,3,407,113,294,"{'Hadamard': 5, 'CNOT': 294, 'RZ': 93, 'RX': 15}"
2*x_0*x_0 + 4*x_0*x_1 + 4*x_0*x_2 + 4*x_0*x_3 + 5*x_0*x_4 + 1*x_1*x_1 + 2*x_1*x_2 + 2*x_1*x_3 + 5*x_1*x_4 + 1*x_2*x_2 + 3*x_2*x_3 + 1*x_2*x_4 + 5*x_3*x_3 + 4*x_3*x_4 + 1*x_4*x_4 <= 28,quadratic_knapsack,['2*x_0*x_0 + 4*x_0*x_1 + 4*x_0*x_2 + 4*x_0*x_3 + 5*x_0*x_4 + 1*x_1*x_1 + 2*x_1*x_2 + 2*x_1*x_3 + 5*x_1*x_4 + 1*x_2*x_2 + 3*x_2*x_3 + 1*x_2*x_4 + 5*x_3*x_3 + 4*x_3*x_4 + 1*x_4*x_4 <= 28'],5,6,809,221,588,"{'Hadamard': 5, 'CNOT': 588, 'RZ': 186, 'RX': 30}"
2*x_0*x_0 + 5*x_0*x_1 + 4*x_0*x_2 + 4*x_0*x_3 + 3*x_0*x_4 + 4*x_1*x_1 + 4*x_1*x_2 + 1*x_1*x_3 + 2*x_1*x_4 + 3*x_2*x_2 + 1*x_2*x_3 + 4*x_2*x_4 + 3*x_3*x_3 + 4*x_3*x_4 + 3*x_4*x_4 <= 16,quadratic_knapsack,['2*x_0*x_0 + 5*x_0*x_1 + 4*x_0*x_2 + 4*x_0*x_3 + 3*x_0*x_4 + 4*x_1*x_1 + 4*x_1*x_2 + 1*x_1*x_3 + 2*x_1*x_4 + 3*x_2*x_2 + 1*x_2*x_3 + 4*x_2*x_4 + 3*x_3*x_3 + 4*x_3*x_4 + 3*x_4*x_4 <= 16'],5,8,1077,293,784,"{'Hadamard': 5, 'CNOT': 784, 'RZ': 248, 'RX': 40}"
